#
# There is insufficient memory for the Java Runtime Environment to continue.
# Native memory allocation (malloc) failed to allocate 627352 bytes. Error detail: Chunk::new
# Possible reasons:
#   The system is out of physical RAM or swap space
#   This process is running with CompressedOops enabled, and the Java Heap may be blocking the growth of the native heap
# Possible solutions:
#   Reduce memory load on the system
#   Increase physical memory or swap space
#   Check if swap backing store is full
#   Decrease Java heap size (-Xmx/-Xms)
#   Decrease number of Java threads
#   Decrease Java thread stack sizes (-Xss)
#   Set larger code cache with -XX:ReservedCodeCacheSize=
#   JVM is running with Zero Based Compressed Oops mode in which the Java heap is
#     placed in the first 32GB address space. The Java Heap base address is the
#     maximum limit for the native heap growth. Please use -XX:HeapBaseMinAddress
#     to set the Java Heap base and to place the Java Heap above 32GB virtual address.
# This output file may be truncated or incomplete.
#
#  Out of Memory Error (arena.cpp:186), pid=21120, tid=23712
#
# JRE version: OpenJDK Runtime Environment (25.0.2) (build 25.0.2+-15348964-b329.117)
# Java VM: OpenJDK 64-Bit Server VM (25.0.2+-15348964-b329.117, mixed mode, tiered, compressed oops, compressed class ptrs, g1 gc, windows-amd64)
# No core dump will be written. Minidumps are not enabled by default on client versions of Windows
#

---------------  S U M M A R Y ------------

Command Line: --add-opens=java.base/java.lang=ALL-UNNAMED --add-opens=java.base/java.lang.invoke=ALL-UNNAMED --add-opens=java.base/java.util=ALL-UNNAMED --add-opens=java.prefs/java.util.prefs=ALL-UNNAMED --add-exports=jdk.compiler/com.sun.tools.javac.api=ALL-UNNAMED --add-exports=jdk.compiler/com.sun.tools.javac.util=ALL-UNNAMED --add-opens=java.base/java.util=ALL-UNNAMED --add-opens=java.prefs/java.util.prefs=ALL-UNNAMED --add-opens=java.base/java.nio.charset=ALL-UNNAMED --add-opens=java.base/java.net=ALL-UNNAMED --add-opens=java.base/java.util.concurrent=ALL-UNNAMED --add-opens=java.base/java.util.concurrent.atomic=ALL-UNNAMED --add-opens=java.xml/javax.xml.namespace=ALL-UNNAMED --add-opens=java.base/java.time=ALL-UNNAMED --enable-native-access=ALL-UNNAMED -XX:MaxMetaspaceSize=4G -XX:ReservedCodeCacheSize=512m -XX:+HeapDumpOnOutOfMemoryError -Xmx8G -Dfile.encoding=UTF-8 -Duser.country=US -Duser.language=en -Duser.variant -javaagent:C:\Users\guran\.gradle\wrapper\dists\gradle-9.1.0-all\7wzd0jkjit61aq2p43wpjgij9\gradle-9.1.0\lib\agents\gradle-instrumentation-agent-9.1.0.jar org.gradle.launcher.daemon.bootstrap.GradleDaemon 9.1.0

Host: AMD Ryzen 7 7445HS w/ Radeon 740M Graphics     , 12 cores, 15G,  Windows 11 , 64 bit Build 26100 (10.0.26100.9278)
Time: Sun Sep  6 15:20:28 2026 India Standard Time elapsed time: 82.647165 seconds (0d 0h 1m 22s)

---------------  T H R E A D  ---------------

Current thread (0x000001dd3c6b18f0):  JavaThread "C2 CompilerThread0" daemon [_thread_in_native, id=23712, stack(0x000000c6db100000,0x000000c6db200000) (1024K)]


Current CompileTask:
C2:82648 43507       4       java.nio.file.Paths::get (6 bytes)

Stack: [0x000000c6db100000,0x000000c6db200000]
Native frames: (J=compiled Java code, j=interpreted, Vv=VM code, C=native code)
V  [jvm.dll+0x7bd439]  (no source info available)
V  [jvm.dll+0x78763d]  (no source info available)
V  [jvm.dll+0xa0c885]  (no source info available)
V  [jvm.dll+0xa0ef04]  (no source info available)
V  [jvm.dll+0xa0f603]  (no source info available)
V  [jvm.dll+0x309bf6]  (no source info available)
V  [jvm.dll+0x10ea69]  (no source info available)
V  [jvm.dll+0x10ed92]  (no source info available)
V  [jvm.dll+0x1a9837]  (no source info available)
V  [jvm.dll+0x3bec92]  (no source info available)
V  [jvm.dll+0x7c2cb7]  (no source info available)
V  [jvm.dll+0x2ce046]  (no source info available)
V  [jvm.dll+0x2cd221]  (no source info available)
V  [jvm.dll+0x242ffa]  (no source info available)
V  [jvm.dll+0x2dcc05]  (no source info available)
V  [jvm.dll+0x2dae06]  (no source info available)
V  [jvm.dll+0x49b59e]  (no source info available)
V  [jvm.dll+0x9ab9c8]  (no source info available)
V  [jvm.dll+0x7bb985]  (no source info available)
C  [ucrtbase.dll+0x2cd30]  (no source info available)
C  [KERNEL32.DLL+0x2ccb7]  (no source info available)
C  [ntdll.dll+0xacaec]  (no source info available)

Lock stack of current Java thread (top to bottom):


---------------  P R O C E S S  ---------------

Threads class SMR info:
_java_thread_list=0x000001dd5c45f900, length=227, elements={
0x000001dd0bab2b10, 0x000001dd39aa14b0, 0x000001dd39aad500, 0x000001dd3c698080,
0x000001dd3c69a100, 0x000001dd3c69acc0, 0x000001dd3c6b2b40, 0x000001dd3c6b7310,
0x000001dd3c6b18f0, 0x000001dd3c6e1f60, 0x000001dd41035470, 0x000001dd42185410,
0x000001dd41fa2e80, 0x000001dd43718980, 0x000001dd436bda10, 0x000001dd421996a0,
0x000001dd42195d70, 0x000001dd42194600, 0x000001dd42193660, 0x000001dd42219fa0,
0x000001dd422197d0, 0x000001dd4221a770, 0x000001dd4221edc0, 0x000001dd4221fd60,
0x000001dd43bb9fe0, 0x000001dd43bb9810, 0x000001dd43bbaf80, 0x000001dd43bb8870,
0x000001dd43bbc6f0, 0x000001dd43bbcec0, 0x000001dd441206c0, 0x000001dd4411dfb0,
0x000001dd44122600, 0x000001dd44124540, 0x000001dd441254e0, 0x000001dd459da3e0,
0x000001dd459dc320, 0x000001dd459dcaf0, 0x000001dd459de260, 0x000001dd459db380,
0x000001dd459df200, 0x000001dd459e0970, 0x000001dd459e01a0, 0x000001dd45878790,
0x000001dd45877fc0, 0x000001dd45879730, 0x000001dd4587c610, 0x000001dd4587cde0,
0x000001dd4587f4f0, 0x000001dd4587d5b0, 0x000001dd4587e550, 0x000001dd45ec59c0,
0x000001dd45ec3a80, 0x000001dd45ec4a20, 0x000001dd45ec7130, 0x000001dd459650f0,
0x000001dd45967030, 0x000001dd459687a0, 0x000001dd45968f70, 0x000001dd45969740,
0x000001dd45969f10, 0x000001dd4596be50, 0x000001dd4596b680, 0x000001dd462a2b40,
0x000001dd462a3310, 0x000001dd462a42b0, 0x000001dd462a5250, 0x000001dd462a61f0,
0x000001dd462aa840, 0x000001dd462ab010, 0x000001dd462a7960, 0x000001dd462abfb0,
0x000001dd462ac780, 0x000001dd462acf50, 0x000001dd462ae6c0, 0x000001dd462aee90,
0x000001dd462afe30, 0x000001dd3c6be5e0, 0x000001dd467b5710, 0x000001dd467b37d0,
0x000001dd467b6e80, 0x000001dd467b8dc0, 0x000001dd467b9d60, 0x000001dd467ba530,
0x000001dd467bb4d0, 0x000001dd467b9590, 0x000001dd467bf350, 0x000001dd467bdbe0,
0x000001dd467be3b0, 0x000001dd467c0ac0, 0x000001dd467c2230, 0x000001dd467c02f0,
0x000001dd454c39b0, 0x000001dd454c2a10, 0x000001dd454c2240, 0x000001dd454c0ad0,
0x000001dd454c4950, 0x000001dd454c8000, 0x000001dd454c7060, 0x000001dd454c7830,
0x000001dd454c9770, 0x000001dd454cce20, 0x000001dd454caee0, 0x000001dd454c9f40,
0x000001dd454cddc0, 0x000001dd454ced60, 0x000001dd454ce590, 0x000001dd454cc650,
0x000001dd4507af00, 0x000001dd45079f60, 0x000001dd45079790, 0x000001dd45078020,
0x000001dd450787f0, 0x000001dd45078fc0, 0x000001dd4507fd20, 0x000001dd450804f0,
0x000001dd4507dde0, 0x000001dd4507ed80, 0x000001dd45085310, 0x000001dd45084370,
0x000001dd45082c00, 0x000001dd4618dd80, 0x000001dd4618be40, 0x000001dd4618aea0,
0x000001dd4618fcc0, 0x000001dd4618ed20, 0x000001dd46190490, 0x000001dd4618d5b0,
0x000001dd46194ae0, 0x000001dd461923d0, 0x000001dd46191430, 0x000001dd46191c00,
0x000001dd46192ba0, 0x000001dd46196a20, 0x000001dd4619b070, 0x000001dd4619a8a0,
0x000001dd4619b840, 0x000001dd46198190, 0x000001dd4619c010, 0x000001dd46199130,
0x000001dd461a0e30, 0x000001dd4619fe90, 0x000001dd461a0660, 0x000001dd4619e720,
0x000001dd4619eef0, 0x000001dd461a5480, 0x000001dd461a5c50, 0x000001dd461a6bf0,
0x000001dd461a73c0, 0x000001dd461a8360, 0x000001dd461a4cb0, 0x000001dd461a9300,
0x000001dd461aa2a0, 0x000001dd45082430, 0x000001dd44446020, 0x000001dd444496d0,
0x000001dd4444cd80, 0x000001dd4445a840, 0x000001dd4445fe30, 0x000001dd4445ee90,
0x000001dd44460600, 0x000001dd462a8130, 0x000001dd45084b40, 0x000001dd65f02270,
0x000001dd65eff390, 0x000001dd65f012d0, 0x000001dd65f041b0, 0x000001dd65f02a40,
0x000001dd65f039e0, 0x000001dd65f05920, 0x000001dd65f08fd0, 0x000001dd65f08030,
0x000001dd65f08800, 0x000001dd65f0c680, 0x000001dd65f0ce50, 0x000001dd65f09f70,
0x000001dd65f1c850, 0x000001dd65f1a140, 0x000001dd65f1c080, 0x000001dd65f1d7f0,
0x000001dd65f1a910, 0x000001dd65f1e790, 0x000001dd53259f90, 0x000001dd53258ff0,
0x000001dd5325d640, 0x000001dd5325af30, 0x000001dd5325b700, 0x000001dd53260cf0,
0x000001dd532614c0, 0x000001dd53262c30, 0x000001dd53263400, 0x000001dd53265340,
0x000001dd444467f0, 0x000001dd53e874d0, 0x000001dd53e88470, 0x000001dd53e88c40,
0x000001dd53e86530, 0x000001dd53e89be0, 0x000001dd53e86d00, 0x000001dd53e8ea00,
0x000001dd53e8da60, 0x000001dd53e8e230, 0x000001dd53e8f1d0, 0x000001dd53e8bb20,
0x000001dd53e9f3a0, 0x000001dd53985c80, 0x000001dd53994eb0, 0x000001dd53998560,
0x000001dd5399a4a0, 0x000001dd53998d30, 0x000001dd5399b440, 0x000001dd5399bc10,
0x000001dd5399db50, 0x000001dd5399cbb0, 0x000001dd5399e320, 0x000001dd5399fa90,
0x000001dd539a3910, 0x000001dd539a2970, 0x000001dd539a21a0, 0x000001dd539a5080,
0x000001dd539a96d0, 0x000001dd539a9ea0, 0x000001dd539abde0, 0x000001dd53986c20,
0x000001dd539854b0, 0x000001dd5398f8c0, 0x000001dd5398d980
}

Java Threads: ( => current thread )
  0x000001dd0bab2b10 JavaThread "main"                              [_thread_blocked, id=25632, stack(0x000000c6da200000,0x000000c6da300000) (1024K)]
  0x000001dd39aa14b0 JavaThread "Common-Cleaner"             daemon [_thread_blocked, id=15808, stack(0x000000c6daa00000,0x000000c6dab00000) (1024K)]
  0x000001dd39aad500 JavaThread "Reference Handler"          daemon [_thread_blocked, id=26592, stack(0x000000c6dab00000,0x000000c6dac00000) (1024K)]
  0x000001dd3c698080 JavaThread "Finalizer"                  daemon [_thread_blocked, id=5688, stack(0x000000c6dac00000,0x000000c6dad00000) (1024K)]
  0x000001dd3c69a100 JavaThread "Signal Dispatcher"          daemon [_thread_blocked, id=680, stack(0x000000c6dad00000,0x000000c6dae00000) (1024K)]
  0x000001dd3c69acc0 JavaThread "Attach Listener"            daemon [_thread_blocked, id=31004, stack(0x000000c6dae00000,0x000000c6daf00000) (1024K)]
  0x000001dd3c6b2b40 JavaThread "Service Thread"             daemon [_thread_blocked, id=32296, stack(0x000000c6daf00000,0x000000c6db000000) (1024K)]
  0x000001dd3c6b7310 JavaThread "Monitor Deflation Thread"   daemon [_thread_blocked, id=19892, stack(0x000000c6db000000,0x000000c6db100000) (1024K)]
=>0x000001dd3c6b18f0 JavaThread "C2 CompilerThread0"         daemon [_thread_in_native, id=23712, stack(0x000000c6db100000,0x000000c6db200000) (1024K)]
  0x000001dd3c6e1f60 JavaThread "C1 CompilerThread0"         daemon [_thread_blocked, id=11308, stack(0x000000c6db200000,0x000000c6db300000) (1024K)]
  0x000001dd41035470 JavaThread "Notification Thread"        daemon [_thread_blocked, id=9092, stack(0x000000c6db300000,0x000000c6db400000) (1024K)]
  0x000001dd42185410 JavaThread "Daemon health stats"               [_thread_blocked, id=29692, stack(0x000000c6dbb00000,0x000000c6dbc00000) (1024K)]
  0x000001dd41fa2e80 JavaThread "Incoming local TCP Connector on port 60668"        [_thread_in_native, id=31748, stack(0x000000c6dbc00000,0x000000c6dbd00000) (1024K)]
  0x000001dd43718980 JavaThread "Daemon periodic checks"            [_thread_blocked, id=24104, stack(0x000000c6dbd00000,0x000000c6dbe00000) (1024K)]
  0x000001dd436bda10 JavaThread "Daemon"                            [_thread_blocked, id=8824, stack(0x000000c6dbe00000,0x000000c6dbf00000) (1024K)]
  0x000001dd421996a0 JavaThread "Handler for socket connection from /127.0.0.1:60668 to /127.0.0.1:60669"        [_thread_in_native, id=31664, stack(0x000000c6dbf00000,0x000000c6dc000000) (1024K)]
  0x000001dd42195d70 JavaThread "Cancel handler"                    [_thread_blocked, id=7192, stack(0x000000c6dc000000,0x000000c6dc100000) (1024K)]
  0x000001dd42194600 JavaThread "Daemon worker"                     [_thread_blocked, id=3264, stack(0x000000c6dc100000,0x000000c6dc200000) (1024K)]
  0x000001dd42193660 JavaThread "Asynchronous log dispatcher for DefaultDaemonConnection: socket connection from /127.0.0.1:60668 to /127.0.0.1:60669"        [_thread_blocked, id=29460, stack(0x000000c6dc200000,0x000000c6dc300000) (1024K)]
  0x000001dd42219fa0 JavaThread "Stdin handler"                     [_thread_blocked, id=10612, stack(0x000000c6dc900000,0x000000c6dca00000) (1024K)]
  0x000001dd422197d0 JavaThread "Daemon client event forwarder"        [_thread_blocked, id=32084, stack(0x000000c6dca00000,0x000000c6dcb00000) (1024K)]
  0x000001dd4221a770 JavaThread "Cache worker for journal cache (C:\Users\guran\.gradle\caches\journal-1)"        [_thread_blocked, id=13596, stack(0x000000c6dcb00000,0x000000c6dcc00000) (1024K)]
  0x000001dd4221edc0 JavaThread "File lock request listener"        [_thread_in_native, id=20648, stack(0x000000c6dcc00000,0x000000c6dcd00000) (1024K)]
  0x000001dd4221fd60 JavaThread "Cache worker for file hash cache (C:\Users\guran\.gradle\caches\9.1.0\fileHashes)"        [_thread_blocked, id=17472, stack(0x000000c6dcd00000,0x000000c6dce00000) (1024K)]
  0x000001dd43bb9fe0 JavaThread "Cache worker for file hash cache (C:\Users\guran\Desktop\jarvis_scanner\android\.gradle\9.1.0\fileHashes)"        [_thread_blocked, id=23328, stack(0x000000c6dce00000,0x000000c6dcf00000) (1024K)]
  0x000001dd43bb9810 JavaThread "Cache worker for Build Output Cleanup Cache (C:\Users\guran\Desktop\jarvis_scanner\android\.gradle\buildOutputCleanup)"        [_thread_blocked, id=23564, stack(0x000000c6dcf00000,0x000000c6dd000000) (1024K)]
  0x000001dd43bbaf80 JavaThread "File watcher server"        daemon [_thread_in_native, id=14216, stack(0x000000c6dd000000,0x000000c6dd100000) (1024K)]
  0x000001dd43bb8870 JavaThread "File watcher consumer"      daemon [_thread_blocked, id=32340, stack(0x000000c6dd100000,0x000000c6dd200000) (1024K)]
  0x000001dd43bbc6f0 JavaThread "Cache worker for checksums cache (C:\Users\guran\Desktop\jarvis_scanner\android\.gradle\9.1.0\checksums)"        [_thread_blocked, id=1756, stack(0x000000c6dd200000,0x000000c6dd300000) (1024K)]
  0x000001dd43bbcec0 JavaThread "Cache worker for file content cache (C:\Users\guran\.gradle\caches\9.1.0\fileContent)"        [_thread_blocked, id=17988, stack(0x000000c6dd300000,0x000000c6dd400000) (1024K)]
  0x000001dd441206c0 JavaThread "Cache worker for cache directory md-supplier (C:\Users\guran\.gradle\caches\9.1.0\md-supplier)"        [_thread_blocked, id=16280, stack(0x000000c6dd400000,0x000000c6dd500000) (1024K)]
  0x000001dd4411dfb0 JavaThread "Cache worker for cache directory md-rule (C:\Users\guran\.gradle\caches\9.1.0\md-rule)"        [_thread_blocked, id=948, stack(0x000000c6dd500000,0x000000c6dd600000) (1024K)]
  0x000001dd44122600 JavaThread "Cache worker for Build Output Cleanup Cache (C:\Users\guran\Downloads\flutter\packages\flutter_tools\gradle\.gradle\buildOutputCleanup)"        [_thread_blocked, id=22620, stack(0x000000c6dd600000,0x000000c6dd700000) (1024K)]
  0x000001dd44124540 JavaThread "Unconstrained build operations"        [_thread_blocked, id=31828, stack(0x000000c6dd700000,0x000000c6dd800000) (1024K)]
  0x000001dd441254e0 JavaThread "Unconstrained build operations Thread 2"        [_thread_blocked, id=27412, stack(0x000000c6dd800000,0x000000c6dd900000) (1024K)]
  0x000001dd459da3e0 JavaThread "Unconstrained build operations Thread 3"        [_thread_blocked, id=11708, stack(0x000000c6dd900000,0x000000c6dda00000) (1024K)]
  0x000001dd459dc320 JavaThread "Unconstrained build operations Thread 4"        [_thread_blocked, id=14168, stack(0x000000c6dda00000,0x000000c6ddb00000) (1024K)]
  0x000001dd459dcaf0 JavaThread "Unconstrained build operations Thread 5"        [_thread_blocked, id=32176, stack(0x000000c6ddb00000,0x000000c6ddc00000) (1024K)]
  0x000001dd459de260 JavaThread "Unconstrained build operations Thread 6"        [_thread_blocked, id=23628, stack(0x000000c6ddc00000,0x000000c6ddd00000) (1024K)]
  0x000001dd459db380 JavaThread "Unconstrained build operations Thread 7"        [_thread_blocked, id=3196, stack(0x000000c6ddd00000,0x000000c6dde00000) (1024K)]
  0x000001dd459df200 JavaThread "Unconstrained build operations Thread 8"        [_thread_blocked, id=16796, stack(0x000000c6dde00000,0x000000c6ddf00000) (1024K)]
  0x000001dd459e0970 JavaThread "Unconstrained build operations Thread 9"        [_thread_blocked, id=2984, stack(0x000000c6ddf00000,0x000000c6de000000) (1024K)]
  0x000001dd459e01a0 JavaThread "Unconstrained build operations Thread 10"        [_thread_blocked, id=32376, stack(0x000000c6de000000,0x000000c6de100000) (1024K)]
  0x000001dd45878790 JavaThread "Unconstrained build operations Thread 11"        [_thread_blocked, id=23968, stack(0x000000c6de100000,0x000000c6de200000) (1024K)]
  0x000001dd45877fc0 JavaThread "Unconstrained build operations Thread 12"        [_thread_blocked, id=13748, stack(0x000000c6de200000,0x000000c6de300000) (1024K)]
  0x000001dd45879730 JavaThread "Unconstrained build operations Thread 13"        [_thread_blocked, id=28260, stack(0x000000c6de300000,0x000000c6de400000) (1024K)]
  0x000001dd4587c610 JavaThread "Unconstrained build operations Thread 14"        [_thread_blocked, id=16740, stack(0x000000c6de400000,0x000000c6de500000) (1024K)]
  0x000001dd4587cde0 JavaThread "Unconstrained build operations Thread 15"        [_thread_blocked, id=17980, stack(0x000000c6de500000,0x000000c6de600000) (1024K)]
  0x000001dd4587f4f0 JavaThread "Unconstrained build operations Thread 16"        [_thread_blocked, id=29092, stack(0x000000c6de600000,0x000000c6de700000) (1024K)]
  0x000001dd4587d5b0 JavaThread "Unconstrained build operations Thread 17"        [_thread_blocked, id=30916, stack(0x000000c6de700000,0x000000c6de800000) (1024K)]
  0x000001dd4587e550 JavaThread "Unconstrained build operations Thread 18"        [_thread_blocked, id=7724, stack(0x000000c6de800000,0x000000c6de900000) (1024K)]
  0x000001dd45ec59c0 JavaThread "Unconstrained build operations Thread 19"        [_thread_blocked, id=5972, stack(0x000000c6de900000,0x000000c6dea00000) (1024K)]
  0x000001dd45ec3a80 JavaThread "Unconstrained build operations Thread 20"        [_thread_blocked, id=31380, stack(0x000000c6dea00000,0x000000c6deb00000) (1024K)]
  0x000001dd45ec4a20 JavaThread "Unconstrained build operations Thread 21"        [_thread_blocked, id=30328, stack(0x000000c6deb00000,0x000000c6dec00000) (1024K)]
  0x000001dd45ec7130 JavaThread "Unconstrained build operations Thread 22"        [_thread_blocked, id=18208, stack(0x000000c6dec00000,0x000000c6ded00000) (1024K)]
  0x000001dd459650f0 JavaThread "Unconstrained build operations Thread 23"        [_thread_blocked, id=24624, stack(0x000000c6ded00000,0x000000c6dee00000) (1024K)]
  0x000001dd45967030 JavaThread "Unconstrained build operations Thread 24"        [_thread_blocked, id=14604, stack(0x000000c6dee00000,0x000000c6def00000) (1024K)]
  0x000001dd459687a0 JavaThread "Unconstrained build operations Thread 25"        [_thread_blocked, id=23696, stack(0x000000c6def00000,0x000000c6df000000) (1024K)]
  0x000001dd45968f70 JavaThread "Unconstrained build operations Thread 26"        [_thread_blocked, id=10580, stack(0x000000c6df000000,0x000000c6df100000) (1024K)]
  0x000001dd45969740 JavaThread "Unconstrained build operations Thread 27"        [_thread_blocked, id=12912, stack(0x000000c6df100000,0x000000c6df200000) (1024K)]
  0x000001dd45969f10 JavaThread "Unconstrained build operations Thread 28"        [_thread_blocked, id=2564, stack(0x000000c6df200000,0x000000c6df300000) (1024K)]
  0x000001dd4596be50 JavaThread "Unconstrained build operations Thread 29"        [_thread_blocked, id=20008, stack(0x000000c6df300000,0x000000c6df400000) (1024K)]
  0x000001dd4596b680 JavaThread "Unconstrained build operations Thread 30"        [_thread_blocked, id=18312, stack(0x000000c6df400000,0x000000c6df500000) (1024K)]
  0x000001dd462a2b40 JavaThread "Unconstrained build operations Thread 31"        [_thread_blocked, id=18064, stack(0x000000c6df500000,0x000000c6df600000) (1024K)]
  0x000001dd462a3310 JavaThread "Unconstrained build operations Thread 32"        [_thread_blocked, id=28460, stack(0x000000c6df600000,0x000000c6df700000) (1024K)]
  0x000001dd462a42b0 JavaThread "Unconstrained build operations Thread 33"        [_thread_blocked, id=8372, stack(0x000000c6df700000,0x000000c6df800000) (1024K)]
  0x000001dd462a5250 JavaThread "Memory manager"                    [_thread_blocked, id=16020, stack(0x000000c6df800000,0x000000c6df900000) (1024K)]
  0x000001dd462a61f0 JavaThread "build event listener"              [_thread_blocked, id=32648, stack(0x000000c6dba00000,0x000000c6dbb00000) (1024K)]
  0x000001dd462aa840 JavaThread "included builds"                   [_thread_blocked, id=4392, stack(0x000000c6dfa00000,0x000000c6dfb00000) (1024K)]
  0x000001dd462ab010 JavaThread "Execution worker"                  [_thread_blocked, id=32636, stack(0x000000c6dfb00000,0x000000c6dfc00000) (1024K)]
  0x000001dd462a7960 JavaThread "Execution worker Thread 2"         [_thread_blocked, id=5172, stack(0x000000c6dfc00000,0x000000c6dfd00000) (1024K)]
  0x000001dd462abfb0 JavaThread "Execution worker Thread 3"         [_thread_blocked, id=27288, stack(0x000000c6dfd00000,0x000000c6dfe00000) (1024K)]
  0x000001dd462ac780 JavaThread "Execution worker Thread 4"         [_thread_blocked, id=32292, stack(0x000000c6dfe00000,0x000000c6dff00000) (1024K)]
  0x000001dd462acf50 JavaThread "Execution worker Thread 5"         [_thread_blocked, id=2804, stack(0x000000c6dff00000,0x000000c6e0000000) (1024K)]
  0x000001dd462ae6c0 JavaThread "Execution worker Thread 6"         [_thread_blocked, id=13092, stack(0x000000c6e0000000,0x000000c6e0100000) (1024K)]
  0x000001dd462aee90 JavaThread "Execution worker Thread 7"         [_thread_blocked, id=32424, stack(0x000000c6e0100000,0x000000c6e0200000) (1024K)]
  0x000001dd462afe30 JavaThread "Execution worker Thread 8"         [_thread_blocked, id=24164, stack(0x000000c6e0200000,0x000000c6e0300000) (1024K)]
  0x000001dd3c6be5e0 JavaThread "Execution worker Thread 9"         [_thread_in_Java, id=28792, stack(0x000000c6e0300000,0x000000c6e0400000) (1024K)]
  0x000001dd467b5710 JavaThread "Execution worker Thread 10"        [_thread_blocked, id=21776, stack(0x000000c6e0400000,0x000000c6e0500000) (1024K)]
  0x000001dd467b37d0 JavaThread "Execution worker Thread 11"        [_thread_blocked, id=6200, stack(0x000000c6e0500000,0x000000c6e0600000) (1024K)]
  0x000001dd467b6e80 JavaThread "Cache worker for execution history cache (C:\Users\guran\Downloads\flutter\packages\flutter_tools\gradle\.gradle\9.1.0\executionHistory)"        [_thread_blocked, id=10688, stack(0x000000c6e0600000,0x000000c6e0700000) (1024K)]
  0x000001dd467b8dc0 JavaThread "Unconstrained build operations Thread 34"        [_thread_blocked, id=19740, stack(0x000000c6e0700000,0x000000c6e0800000) (1024K)]
  0x000001dd467b9d60 JavaThread "Unconstrained build operations Thread 35"        [_thread_blocked, id=20368, stack(0x000000c6e0800000,0x000000c6e0900000) (1024K)]
  0x000001dd467ba530 JavaThread "Unconstrained build operations Thread 36"        [_thread_blocked, id=23592, stack(0x000000c6e0900000,0x000000c6e0a00000) (1024K)]
  0x000001dd467bb4d0 JavaThread "Unconstrained build operations Thread 37"        [_thread_blocked, id=31604, stack(0x000000c6e0a00000,0x000000c6e0b00000) (1024K)]
  0x000001dd467b9590 JavaThread "Unconstrained build operations Thread 38"        [_thread_blocked, id=15324, stack(0x000000c6e0b00000,0x000000c6e0c00000) (1024K)]
  0x000001dd467bf350 JavaThread "Unconstrained build operations Thread 39"        [_thread_blocked, id=18320, stack(0x000000c6e0c00000,0x000000c6e0d00000) (1024K)]
  0x000001dd467bdbe0 JavaThread "Unconstrained build operations Thread 40"        [_thread_blocked, id=6660, stack(0x000000c6e0d00000,0x000000c6e0e00000) (1024K)]
  0x000001dd467be3b0 JavaThread "Unconstrained build operations Thread 41"        [_thread_blocked, id=25324, stack(0x000000c6e0e00000,0x000000c6e0f00000) (1024K)]
  0x000001dd467c0ac0 JavaThread "Unconstrained build operations Thread 42"        [_thread_blocked, id=14024, stack(0x000000c6e0f00000,0x000000c6e1000000) (1024K)]
  0x000001dd467c2230 JavaThread "Unconstrained build operations Thread 43"        [_thread_blocked, id=18364, stack(0x000000c6e1000000,0x000000c6e1100000) (1024K)]
  0x000001dd467c02f0 JavaThread "Unconstrained build operations Thread 44"        [_thread_blocked, id=10512, stack(0x000000c6e1100000,0x000000c6e1200000) (1024K)]
  0x000001dd454c39b0 JavaThread "Unconstrained build operations Thread 45"        [_thread_blocked, id=27216, stack(0x000000c6e1200000,0x000000c6e1300000) (1024K)]
  0x000001dd454c2a10 JavaThread "Unconstrained build operations Thread 46"        [_thread_blocked, id=14428, stack(0x000000c6e1300000,0x000000c6e1400000) (1024K)]
  0x000001dd454c2240 JavaThread "Unconstrained build operations Thread 47"        [_thread_blocked, id=12992, stack(0x000000c6e1400000,0x000000c6e1500000) (1024K)]
  0x000001dd454c0ad0 JavaThread "Unconstrained build operations Thread 48"        [_thread_blocked, id=1240, stack(0x000000c6e1500000,0x000000c6e1600000) (1024K)]
  0x000001dd454c4950 JavaThread "Unconstrained build operations Thread 49"        [_thread_blocked, id=32560, stack(0x000000c6e1600000,0x000000c6e1700000) (1024K)]
  0x000001dd454c8000 JavaThread "Unconstrained build operations Thread 50"        [_thread_blocked, id=32676, stack(0x000000c6e1700000,0x000000c6e1800000) (1024K)]
  0x000001dd454c7060 JavaThread "Unconstrained build operations Thread 51"        [_thread_blocked, id=15328, stack(0x000000c6e1800000,0x000000c6e1900000) (1024K)]
  0x000001dd454c7830 JavaThread "Unconstrained build operations Thread 52"        [_thread_blocked, id=13920, stack(0x000000c6e1900000,0x000000c6e1a00000) (1024K)]
  0x000001dd454c9770 JavaThread "Unconstrained build operations Thread 53"        [_thread_blocked, id=18896, stack(0x000000c6e1a00000,0x000000c6e1b00000) (1024K)]
  0x000001dd454cce20 JavaThread "Unconstrained build operations Thread 54"        [_thread_blocked, id=6116, stack(0x000000c6e1b00000,0x000000c6e1c00000) (1024K)]
  0x000001dd454caee0 JavaThread "Unconstrained build operations Thread 55"        [_thread_blocked, id=6088, stack(0x000000c6e1c00000,0x000000c6e1d00000) (1024K)]
  0x000001dd454c9f40 JavaThread "Unconstrained build operations Thread 56"        [_thread_blocked, id=31056, stack(0x000000c6e1d00000,0x000000c6e1e00000) (1024K)]
  0x000001dd454cddc0 JavaThread "Unconstrained build operations Thread 57"        [_thread_blocked, id=14012, stack(0x000000c6e1e00000,0x000000c6e1f00000) (1024K)]
  0x000001dd454ced60 JavaThread "Unconstrained build operations Thread 58"        [_thread_blocked, id=16736, stack(0x000000c6e1f00000,0x000000c6e2000000) (1024K)]
  0x000001dd454ce590 JavaThread "Unconstrained build operations Thread 59"        [_thread_blocked, id=32592, stack(0x000000c6e2000000,0x000000c6e2100000) (1024K)]
  0x000001dd454cc650 JavaThread "Unconstrained build operations Thread 60"        [_thread_blocked, id=23140, stack(0x000000c6e2100000,0x000000c6e2200000) (1024K)]
  0x000001dd4507af00 JavaThread "Unconstrained build operations Thread 61"        [_thread_blocked, id=2872, stack(0x000000c6e2200000,0x000000c6e2300000) (1024K)]
  0x000001dd45079f60 JavaThread "Unconstrained build operations Thread 62"        [_thread_blocked, id=20504, stack(0x000000c6e2300000,0x000000c6e2400000) (1024K)]
  0x000001dd45079790 JavaThread "Unconstrained build operations Thread 63"        [_thread_blocked, id=18880, stack(0x000000c6e2400000,0x000000c6e2500000) (1024K)]
  0x000001dd45078020 JavaThread "Unconstrained build operations Thread 64"        [_thread_blocked, id=9048, stack(0x000000c6e2500000,0x000000c6e2600000) (1024K)]
  0x000001dd450787f0 JavaThread "Unconstrained build operations Thread 65"        [_thread_blocked, id=31340, stack(0x000000c6e2600000,0x000000c6e2700000) (1024K)]
  0x000001dd45078fc0 JavaThread "Unconstrained build operations Thread 66"        [_thread_blocked, id=22936, stack(0x000000c6e2700000,0x000000c6e2800000) (1024K)]
  0x000001dd4507fd20 JavaThread "Unconstrained build operations Thread 67"        [_thread_blocked, id=31612, stack(0x000000c6e2800000,0x000000c6e2900000) (1024K)]
  0x000001dd450804f0 JavaThread "Unconstrained build operations Thread 68"        [_thread_blocked, id=6824, stack(0x000000c6e2900000,0x000000c6e2a00000) (1024K)]
  0x000001dd4507dde0 JavaThread "RMI Scheduler(0)"           daemon [_thread_blocked, id=392, stack(0x000000c6db500000,0x000000c6db600000) (1024K)]
  0x000001dd4507ed80 JavaThread "RMI GC Daemon"              daemon [_thread_blocked, id=26416, stack(0x000000c6e2b00000,0x000000c6e2c00000) (1024K)]
  0x000001dd45085310 JavaThread "RMI TCP Accept-0"           daemon [_thread_in_native, id=28768, stack(0x000000c6e2c00000,0x000000c6e2d00000) (1024K)]
  0x000001dd45084370 JavaThread "RMI Reaper"                        [_thread_blocked, id=7604, stack(0x000000c6e2d00000,0x000000c6e2e00000) (1024K)]
  0x000001dd45082c00 JavaThread "RMI TCP Connection(2)-127.0.0.1" daemon [_thread_in_native, id=26156, stack(0x000000c6e2e00000,0x000000c6e2f00000) (1024K)]
  0x000001dd4618dd80 JavaThread "Unconstrained build operations Thread 69"        [_thread_blocked, id=3988, stack(0x000000c6e3100000,0x000000c6e3200000) (1024K)]
  0x000001dd4618be40 JavaThread "Unconstrained build operations Thread 70"        [_thread_blocked, id=32556, stack(0x000000c6e3200000,0x000000c6e3300000) (1024K)]
  0x000001dd4618aea0 JavaThread "Unconstrained build operations Thread 71"        [_thread_blocked, id=4564, stack(0x000000c6e3300000,0x000000c6e3400000) (1024K)]
  0x000001dd4618fcc0 JavaThread "Unconstrained build operations Thread 72"        [_thread_blocked, id=24472, stack(0x000000c6e3400000,0x000000c6e3500000) (1024K)]
  0x000001dd4618ed20 JavaThread "Unconstrained build operations Thread 73"        [_thread_blocked, id=32488, stack(0x000000c6e3500000,0x000000c6e3600000) (1024K)]
  0x000001dd46190490 JavaThread "Unconstrained build operations Thread 74"        [_thread_blocked, id=30092, stack(0x000000c6e3600000,0x000000c6e3700000) (1024K)]
  0x000001dd4618d5b0 JavaThread "Unconstrained build operations Thread 75"        [_thread_blocked, id=28524, stack(0x000000c6e3700000,0x000000c6e3800000) (1024K)]
  0x000001dd46194ae0 JavaThread "Unconstrained build operations Thread 76"        [_thread_blocked, id=24188, stack(0x000000c6e3800000,0x000000c6e3900000) (1024K)]
  0x000001dd461923d0 JavaThread "Unconstrained build operations Thread 77"        [_thread_blocked, id=20620, stack(0x000000c6e3900000,0x000000c6e3a00000) (1024K)]
  0x000001dd46191430 JavaThread "Unconstrained build operations Thread 78"        [_thread_blocked, id=14376, stack(0x000000c6e3a00000,0x000000c6e3b00000) (1024K)]
  0x000001dd46191c00 JavaThread "Unconstrained build operations Thread 79"        [_thread_blocked, id=17828, stack(0x000000c6e3b00000,0x000000c6e3c00000) (1024K)]
  0x000001dd46192ba0 JavaThread "Unconstrained build operations Thread 80"        [_thread_blocked, id=25676, stack(0x000000c6e3c00000,0x000000c6e3d00000) (1024K)]
  0x000001dd46196a20 JavaThread "Unconstrained build operations Thread 81"        [_thread_blocked, id=31980, stack(0x000000c6e3d00000,0x000000c6e3e00000) (1024K)]
  0x000001dd4619b070 JavaThread "Unconstrained build operations Thread 82"        [_thread_blocked, id=24036, stack(0x000000c6e3e00000,0x000000c6e3f00000) (1024K)]
  0x000001dd4619a8a0 JavaThread "Unconstrained build operations Thread 83"        [_thread_blocked, id=4648, stack(0x000000c6e3f00000,0x000000c6e4000000) (1024K)]
  0x000001dd4619b840 JavaThread "Unconstrained build operations Thread 84"        [_thread_blocked, id=25804, stack(0x000000c6e4000000,0x000000c6e4100000) (1024K)]
  0x000001dd46198190 JavaThread "Unconstrained build operations Thread 85"        [_thread_blocked, id=11608, stack(0x000000c6e4100000,0x000000c6e4200000) (1024K)]
  0x000001dd4619c010 JavaThread "Unconstrained build operations Thread 86"        [_thread_blocked, id=27368, stack(0x000000c6e4200000,0x000000c6e4300000) (1024K)]
  0x000001dd46199130 JavaThread "Unconstrained build operations Thread 87"        [_thread_blocked, id=12304, stack(0x000000c6e4300000,0x000000c6e4400000) (1024K)]
  0x000001dd461a0e30 JavaThread "Unconstrained build operations Thread 88"        [_thread_blocked, id=6472, stack(0x000000c6e4400000,0x000000c6e4500000) (1024K)]
  0x000001dd4619fe90 JavaThread "Unconstrained build operations Thread 89"        [_thread_blocked, id=14304, stack(0x000000c6e4500000,0x000000c6e4600000) (1024K)]
  0x000001dd461a0660 JavaThread "Unconstrained build operations Thread 90"        [_thread_blocked, id=22544, stack(0x000000c6e4600000,0x000000c6e4700000) (1024K)]
  0x000001dd4619e720 JavaThread "Unconstrained build operations Thread 91"        [_thread_blocked, id=32284, stack(0x000000c6df900000,0x000000c6dfa00000) (1024K)]
  0x000001dd4619eef0 JavaThread "Unconstrained build operations Thread 92"        [_thread_blocked, id=17848, stack(0x000000c6e4700000,0x000000c6e4800000) (1024K)]
  0x000001dd461a5480 JavaThread "Unconstrained build operations Thread 93"        [_thread_blocked, id=11852, stack(0x000000c6e4800000,0x000000c6e4900000) (1024K)]
  0x000001dd461a5c50 JavaThread "Unconstrained build operations Thread 94"        [_thread_blocked, id=15276, stack(0x000000c6e4900000,0x000000c6e4a00000) (1024K)]
  0x000001dd461a6bf0 JavaThread "Unconstrained build operations Thread 95"        [_thread_blocked, id=6180, stack(0x000000c6e4a00000,0x000000c6e4b00000) (1024K)]
  0x000001dd461a73c0 JavaThread "Unconstrained build operations Thread 96"        [_thread_blocked, id=26444, stack(0x000000c6e4b00000,0x000000c6e4c00000) (1024K)]
  0x000001dd461a8360 JavaThread "Unconstrained build operations Thread 97"        [_thread_blocked, id=31732, stack(0x000000c6e4c00000,0x000000c6e4d00000) (1024K)]
  0x000001dd461a4cb0 JavaThread "Unconstrained build operations Thread 98"        [_thread_blocked, id=21976, stack(0x000000c6e4d00000,0x000000c6e4e00000) (1024K)]
  0x000001dd461a9300 JavaThread "Unconstrained build operations Thread 99"        [_thread_blocked, id=25980, stack(0x000000c6e4e00000,0x000000c6e4f00000) (1024K)]
  0x000001dd461aa2a0 JavaThread "Unconstrained build operations Thread 100"        [_thread_blocked, id=24588, stack(0x000000c6e4f00000,0x000000c6e5000000) (1024K)]
  0x000001dd45082430 JavaThread "Unconstrained build operations Thread 101"        [_thread_blocked, id=18492, stack(0x000000c6e5000000,0x000000c6e5100000) (1024K)]
  0x000001dd44446020 JavaThread "build event listener"              [_thread_blocked, id=15020, stack(0x000000c6e5100000,0x000000c6e5200000) (1024K)]
  0x000001dd444496d0 JavaThread "build event listener"              [_thread_blocked, id=31492, stack(0x000000c6e5200000,0x000000c6e5300000) (1024K)]
  0x000001dd4444cd80 JavaThread "Problems report writer"            [_thread_blocked, id=24148, stack(0x000000c6e3000000,0x000000c6e3100000) (1024K)]
  0x000001dd4445a840 JavaThread "Unconstrained build operations Thread 102"        [_thread_blocked, id=26452, stack(0x000000c6e5400000,0x000000c6e5500000) (1024K)]
  0x000001dd4445fe30 JavaThread "Unconstrained build operations Thread 103"        [_thread_blocked, id=19308, stack(0x000000c6e5500000,0x000000c6e5600000) (1024K)]
  0x000001dd4445ee90 JavaThread "Unconstrained build operations Thread 104"        [_thread_blocked, id=25680, stack(0x000000c6e5600000,0x000000c6e5700000) (1024K)]
  0x000001dd44460600 JavaThread "Unconstrained build operations Thread 105"        [_thread_blocked, id=14276, stack(0x000000c6e5700000,0x000000c6e5800000) (1024K)]
  0x000001dd462a8130 JavaThread "Unconstrained build operations Thread 106"        [_thread_blocked, id=32264, stack(0x000000c6e5800000,0x000000c6e5900000) (1024K)]
  0x000001dd45084b40 JavaThread "Unconstrained build operations Thread 107"        [_thread_blocked, id=15016, stack(0x000000c6e5900000,0x000000c6e5a00000) (1024K)]
  0x000001dd65f02270 JavaThread "Unconstrained build operations Thread 108"        [_thread_blocked, id=23264, stack(0x000000c6e5a00000,0x000000c6e5b00000) (1024K)]
  0x000001dd65eff390 JavaThread "Unconstrained build operations Thread 109"        [_thread_blocked, id=3328, stack(0x000000c6e5b00000,0x000000c6e5c00000) (1024K)]
  0x000001dd65f012d0 JavaThread "Unconstrained build operations Thread 110"        [_thread_blocked, id=2000, stack(0x000000c6e5c00000,0x000000c6e5d00000) (1024K)]
  0x000001dd65f041b0 JavaThread "Unconstrained build operations Thread 111"        [_thread_blocked, id=13740, stack(0x000000c6e5d00000,0x000000c6e5e00000) (1024K)]
  0x000001dd65f02a40 JavaThread "Unconstrained build operations Thread 112"        [_thread_blocked, id=22776, stack(0x000000c6e5e00000,0x000000c6e5f00000) (1024K)]
  0x000001dd65f039e0 JavaThread "Unconstrained build operations Thread 113"        [_thread_blocked, id=15404, stack(0x000000c6e5f00000,0x000000c6e6000000) (1024K)]
  0x000001dd65f05920 JavaThread "Unconstrained build operations Thread 114"        [_thread_blocked, id=26032, stack(0x000000c6e6000000,0x000000c6e6100000) (1024K)]
  0x000001dd65f08fd0 JavaThread "Unconstrained build operations Thread 115"        [_thread_blocked, id=12156, stack(0x000000c6e6100000,0x000000c6e6200000) (1024K)]
  0x000001dd65f08030 JavaThread "Unconstrained build operations Thread 116"        [_thread_blocked, id=9108, stack(0x000000c6e6200000,0x000000c6e6300000) (1024K)]
  0x000001dd65f08800 JavaThread "Unconstrained build operations Thread 117"        [_thread_blocked, id=32388, stack(0x000000c6e6300000,0x000000c6e6400000) (1024K)]
  0x000001dd65f0c680 JavaThread "Unconstrained build operations Thread 118"        [_thread_blocked, id=23568, stack(0x000000c6e6400000,0x000000c6e6500000) (1024K)]
  0x000001dd65f0ce50 JavaThread "Unconstrained build operations Thread 119"        [_thread_blocked, id=32256, stack(0x000000c6e6500000,0x000000c6e6600000) (1024K)]
  0x000001dd65f09f70 JavaThread "Unconstrained build operations Thread 120"        [_thread_blocked, id=1724, stack(0x000000c6e6600000,0x000000c6e6700000) (1024K)]
  0x000001dd65f1c850 JavaThread "pool-3-thread-1"                   [_thread_blocked, id=13896, stack(0x000000c6da100000,0x000000c6da200000) (1024K)]
  0x000001dd65f1a140 JavaThread "build event listener"              [_thread_blocked, id=16952, stack(0x000000c6e5300000,0x000000c6e5400000) (1024K)]
  0x000001dd65f1c080 JavaThread "Cache worker for execution history cache (C:\Users\guran\Desktop\jarvis_scanner\android\.gradle\9.1.0\executionHistory)"        [_thread_blocked, id=21984, stack(0x000000c6e6700000,0x000000c6e6800000) (1024K)]
  0x000001dd65f1d7f0 JavaThread "Exec process"                      [_thread_blocked, id=6624, stack(0x000000c6e6800000,0x000000c6e6900000) (1024K)]
  0x000001dd65f1a910 JavaThread "Exec process Thread 2"             [_thread_blocked, id=27068, stack(0x000000c6e6900000,0x000000c6e6a00000) (1024K)]
  0x000001dd65f1e790 JavaThread "Exec process Thread 3"             [_thread_blocked, id=30236, stack(0x000000c6e6a00000,0x000000c6e6b00000) (1024K)]
  0x000001dd53259f90 JavaThread "WorkerExecutor Queue Thread 3"        [_thread_blocked, id=11916, stack(0x000000c6e6b00000,0x000000c6e6c00000) (1024K)]
  0x000001dd53258ff0 JavaThread "WorkerExecutor Queue Thread 4"        [_thread_blocked, id=19464, stack(0x000000c6e6c00000,0x000000c6e6d00000) (1024K)]
  0x000001dd5325d640 JavaThread "WorkerExecutor Queue Thread 5"        [_thread_blocked, id=19660, stack(0x000000c6e6d00000,0x000000c6e6e00000) (1024K)]
  0x000001dd5325af30 JavaThread "WorkerExecutor Queue Thread 6"        [_thread_blocked, id=22960, stack(0x000000c6e6e00000,0x000000c6e6f00000) (1024K)]
  0x000001dd5325b700 JavaThread "WorkerExecutor Queue Thread 7"        [_thread_blocked, id=29700, stack(0x000000c6e6f00000,0x000000c6e7000000) (1024K)]
  0x000001dd53260cf0 JavaThread "WorkerExecutor Queue Thread 8"        [_thread_blocked, id=21528, stack(0x000000c6e7000000,0x000000c6e7100000) (1024K)]
  0x000001dd532614c0 JavaThread "WorkerExecutor Queue Thread 9"        [_thread_blocked, id=23332, stack(0x000000c6e7200000,0x000000c6e7300000) (1024K)]
  0x000001dd53262c30 JavaThread "WorkerExecutor Queue Thread 10"        [_thread_blocked, id=24068, stack(0x000000c6e7300000,0x000000c6e7400000) (1024K)]
  0x000001dd53263400 JavaThread "WorkerExecutor Queue Thread 11"        [_thread_blocked, id=7224, stack(0x000000c6e7400000,0x000000c6e7500000) (1024K)]
  0x000001dd53265340 JavaThread "WorkerExecutor Queue Thread 12"        [_thread_blocked, id=22972, stack(0x000000c6e7500000,0x000000c6e7600000) (1024K)]
  0x000001dd444467f0 JavaThread "Cache worker for Java compile cache (C:\Users\guran\.gradle\caches\9.1.0\javaCompile)"        [_thread_blocked, id=9180, stack(0x000000c6e7600000,0x000000c6e7700000) (1024K)]
  0x000001dd53e874d0 JavaThread "Build operations"                  [_thread_blocked, id=22428, stack(0x000000c6e7700000,0x000000c6e7800000) (1024K)]
  0x000001dd53e88470 JavaThread "Build operations Thread 2"         [_thread_blocked, id=22244, stack(0x000000c6e7800000,0x000000c6e7900000) (1024K)]
  0x000001dd53e88c40 JavaThread "Build operations Thread 3"         [_thread_blocked, id=25428, stack(0x000000c6e7900000,0x000000c6e7a00000) (1024K)]
  0x000001dd53e86530 JavaThread "Build operations Thread 4"         [_thread_blocked, id=22480, stack(0x000000c6e7a00000,0x000000c6e7b00000) (1024K)]
  0x000001dd53e89be0 JavaThread "Build operations Thread 5"         [_thread_blocked, id=3220, stack(0x000000c6e7b00000,0x000000c6e7c00000) (1024K)]
  0x000001dd53e86d00 JavaThread "Build operations Thread 6"         [_thread_blocked, id=5584, stack(0x000000c6e7c00000,0x000000c6e7d00000) (1024K)]
  0x000001dd53e8ea00 JavaThread "Build operations Thread 7"         [_thread_blocked, id=2224, stack(0x000000c6e7d00000,0x000000c6e7e00000) (1024K)]
  0x000001dd53e8da60 JavaThread "Build operations Thread 8"         [_thread_blocked, id=19316, stack(0x000000c6e7e00000,0x000000c6e7f00000) (1024K)]
  0x000001dd53e8e230 JavaThread "Build operations Thread 9"         [_thread_blocked, id=5652, stack(0x000000c6e7f00000,0x000000c6e8000000) (1024K)]
  0x000001dd53e8f1d0 JavaThread "Build operations Thread 10"        [_thread_blocked, id=7460, stack(0x000000c6e8000000,0x000000c6e8100000) (1024K)]
  0x000001dd53e8bb20 JavaThread "Build operations Thread 11"        [_thread_blocked, id=27308, stack(0x000000c6e8100000,0x000000c6e8200000) (1024K)]
  0x000001dd53e9f3a0 JavaThread "Build operations Thread 12"        [_thread_blocked, id=24592, stack(0x000000c6e8200000,0x000000c6e8300000) (1024K)]
  0x000001dd53985c80 JavaThread "RMI TCP Accept-0"           daemon [_thread_in_native, id=26628, stack(0x000000c6e8400000,0x000000c6e8500000) (1024K)]
  0x000001dd53994eb0 JavaThread "WorkerExecutor Queue Thread 13"        [_thread_blocked, id=23928, stack(0x000000c6e8500000,0x000000c6e8600000) (1024K)]
  0x000001dd53998560 JavaThread "ForkJoinPool-1-worker-1"    daemon [_thread_blocked, id=10832, stack(0x000000c6e8600000,0x000000c6e8700000) (1024K)]
  0x000001dd5399a4a0 JavaThread "ForkJoinPool-1-worker-2"    daemon [_thread_blocked, id=22612, stack(0x000000c6e8700000,0x000000c6e8800000) (1024K)]
  0x000001dd53998d30 JavaThread "ForkJoinPool-1-worker-3"    daemon [_thread_blocked, id=29924, stack(0x000000c6e8800000,0x000000c6e8900000) (1024K)]
  0x000001dd5399b440 JavaThread "ForkJoinPool-1-worker-4"    daemon [_thread_blocked, id=20036, stack(0x000000c6e8900000,0x000000c6e8a00000) (1024K)]
  0x000001dd5399bc10 JavaThread "ForkJoinPool-1-worker-5"    daemon [_thread_blocked, id=17448, stack(0x000000c6e8a00000,0x000000c6e8b00000) (1024K)]
  0x000001dd5399db50 JavaThread "ForkJoinPool-1-worker-6"    daemon [_thread_blocked, id=7432, stack(0x000000c6e8b00000,0x000000c6e8c00000) (1024K)]
  0x000001dd5399cbb0 JavaThread "ForkJoinPool-1-worker-7"    daemon [_thread_blocked, id=27700, stack(0x000000c6e8c00000,0x000000c6e8d00000) (1024K)]
  0x000001dd5399e320 JavaThread "ForkJoinPool-1-worker-8"    daemon [_thread_blocked, id=31092, stack(0x000000c6e8d00000,0x000000c6e8e00000) (1024K)]
  0x000001dd5399fa90 JavaThread "ForkJoinPool-1-worker-9"    daemon [_thread_blocked, id=2364, stack(0x000000c6e8e00000,0x000000c6e8f00000) (1024K)]
  0x000001dd539a3910 JavaThread "ForkJoinPool-1-worker-10"   daemon [_thread_blocked, id=15032, stack(0x000000c6e8f00000,0x000000c6e9000000) (1024K)]
  0x000001dd539a2970 JavaThread "ForkJoinPool-1-worker-11"   daemon [_thread_blocked, id=10884, stack(0x000000c6e9000000,0x000000c6e9100000) (1024K)]
  0x000001dd539a21a0 JavaThread "ForkJoinPool-1-worker-12"   daemon [_thread_blocked, id=32380, stack(0x000000c6e9100000,0x000000c6e9200000) (1024K)]
  0x000001dd539a5080 JavaThread "pool-4-thread-1"                   [_thread_blocked, id=32684, stack(0x000000c6e7100000,0x000000c6e7200000) (1024K)]
  0x000001dd539a96d0 JavaThread "pool-4-thread-2"                   [_thread_blocked, id=32212, stack(0x000000c6e9200000,0x000000c6e9300000) (1024K)]
  0x000001dd539a9ea0 JavaThread "pool-4-thread-3"                   [_thread_blocked, id=21964, stack(0x000000c6e9300000,0x000000c6e9400000) (1024K)]
  0x000001dd539abde0 JavaThread "RMI TCP Connection(3)-127.0.0.1" daemon [_thread_in_native, id=20224, stack(0x000000c6e9500000,0x000000c6e9600000) (1024K)]
  0x000001dd53986c20 JavaThread "WorkerExecutor Queue Thread 14"        [_thread_blocked, id=12612, stack(0x000000c6e8300000,0x000000c6e8400000) (1024K)]
  0x000001dd539854b0 JavaThread "pool-5-thread-1"                   [_thread_blocked, id=23208, stack(0x000000c6e9400000,0x000000c6e9500000) (1024K)]
  0x000001dd5398f8c0 JavaThread "stderr"                            [_thread_in_native, id=28712, stack(0x000000c6e9600000,0x000000c6e9700000) (1024K)]
  0x000001dd5398d980 JavaThread "stdout"                            [_thread_in_native, id=28352, stack(0x000000c6e9700000,0x000000c6e9800000) (1024K)]
Total: 227

Other Threads:
  0x000001dd39a59530 VMThread "VM Thread"                           [id=20688, stack(0x000000c6da900000,0x000000c6daa00000) (1024K)]
  0x000001dd39a3a0c0 WatcherThread "VM Periodic Task Thread"        [id=31812, stack(0x000000c6da800000,0x000000c6da900000) (1024K)]
  0x000001dd0bb5ce70 WorkerThread "GC Thread#0"                     [id=16648, stack(0x000000c6da300000,0x000000c6da400000) (1024K)]
  0x000001dd41cf1520 WorkerThread "GC Thread#1"                     [id=9828, stack(0x000000c6db600000,0x000000c6db700000) (1024K)]
  0x000001dd41cef2a0 WorkerThread "GC Thread#2"                     [id=11444, stack(0x000000c6db700000,0x000000c6db800000) (1024K)]
  0x000001dd41cefb40 WorkerThread "GC Thread#3"                     [id=32704, stack(0x000000c6db800000,0x000000c6db900000) (1024K)]
  0x000001dd41cee160 WorkerThread "GC Thread#4"                     [id=10212, stack(0x000000c6db900000,0x000000c6dba00000) (1024K)]
  0x000001dd41ceee50 WorkerThread "GC Thread#5"                     [id=29360, stack(0x000000c6db400000,0x000000c6db500000) (1024K)]
  0x000001dd436180b0 WorkerThread "GC Thread#6"                     [id=2996, stack(0x000000c6dc300000,0x000000c6dc400000) (1024K)]
  0x000001dd43618500 WorkerThread "GC Thread#7"                     [id=27976, stack(0x000000c6dc400000,0x000000c6dc500000) (1024K)]
  0x000001dd43618950 WorkerThread "GC Thread#8"                     [id=31692, stack(0x000000c6dc500000,0x000000c6dc600000) (1024K)]
  0x000001dd4361b470 WorkerThread "GC Thread#9"                     [id=30660, stack(0x000000c6dc600000,0x000000c6dc700000) (1024K)]
  0x000001dd0bb6df20 ConcurrentGCThread "G1 Main Marker"            [id=22144, stack(0x000000c6da400000,0x000000c6da500000) (1024K)]
  0x000001dd398b8c10 WorkerThread "G1 Conc#0"                       [id=12268, stack(0x000000c6da500000,0x000000c6da600000) (1024K)]
  0x000001dd43617810 WorkerThread "G1 Conc#1"                       [id=32584, stack(0x000000c6dc700000,0x000000c6dc800000) (1024K)]
  0x000001dd4361ca00 WorkerThread "G1 Conc#2"                       [id=13148, stack(0x000000c6dc800000,0x000000c6dc900000) (1024K)]
  0x000001dd399089f0 ConcurrentGCThread "G1 Refine#0"               [id=20168, stack(0x000000c6da600000,0x000000c6da700000) (1024K)]
  0x000001dd39909600 ConcurrentGCThread "G1 Service"                [id=14316, stack(0x000000c6da700000,0x000000c6da800000) (1024K)]
Total: 18

Threads with active compile tasks:
C2 CompilerThread0  82789 43507       4       java.nio.file.Paths::get (6 bytes)
Total: 1

VM state: not at safepoint (normal execution)

VM Mutex/Monitor currently owned by a thread: None

Heap address: 0x0000000600000000, size: 8192 MB, Compressed Oops mode: Zero based, Oop shift amount: 3

CDS archive(s) not mapped
Compressed class space mapped at: 0x000000009f000000-0x00000000df000000, reserved size: 1073741824
UseCompressedClassPointers 1, UseCompactObjectHeaders 0
Narrow klass pointer bits 32, Max shift 3
Narrow klass base: 0x0000000000000000, Narrow klass shift: 0
Encoding Range: [0x0000000000000000 - 0x0000000100000000), (4294967296 bytes)
Klass Range:    [0x000000009f000000 - 0x00000000df000000), (1073741824 bytes)
Klass ID Range:  [2667577344 - 3741319161) (1073741817)
No protection zone.

GC Precious Log:
 CardTable entry size: 512
 Card Set container configuration: InlinePtr #cards 4 size 8 Array Of Cards #cards 32 size 80 Howl #buckets 8 coarsen threshold 7372 Howl Bitmap #cards 1024 size 144 coarsen threshold 921 Card regions per heap region 1 cards per card region 8192
 CPUs: 12 total, 12 available
 Memory: 15636M
 Large Page Support: Disabled
 NUMA Support: Disabled
 Compressed Oops: Enabled (Zero based)
 Heap Region Size: 4M
 Heap Min Capacity: 8M
 Heap Initial Capacity: 248M
 Heap Max Capacity: 8G
 Pre-touch: Disabled
 Parallel Workers: 10
 Concurrent Workers: 3
 Concurrent Refinement Workers: 10
 Periodic GC: Disabled

Heap:
 garbage-first heap   total reserved 8388608K, committed 806912K, used 434236K [0x0000000600000000, 0x0000000800000000)
  region size 4096K, 52 young (212992K), 2 survivors (8192K)

Heap Regions: E=young(eden), S=young(survivor), O=old, HS=humongous(starts), HC=humongous(continues), CS=collection set, F=free, TAMS=top-at-mark-start, PB=parsable bottom
|   0|0x0000000600000000, 0x0000000600400000, 0x0000000600400000|100%|HS|  |TAMS 0x0000000600000000| PB 0x0000000600000000| Complete |  0
|   1|0x0000000600400000, 0x0000000600800000, 0x0000000600800000|100%| O|  |TAMS 0x0000000600400000| PB 0x0000000600400000| Untracked |  0
|   2|0x0000000600800000, 0x0000000600c00000, 0x0000000600c00000|100%| O|  |TAMS 0x0000000600800000| PB 0x0000000600800000| Untracked |  0
|   3|0x0000000600c00000, 0x0000000601000000, 0x0000000601000000|100%| O|  |TAMS 0x0000000600c00000| PB 0x0000000600c00000| Untracked |  0
|   4|0x0000000601000000, 0x0000000601400000, 0x0000000601400000|100%| O|  |TAMS 0x0000000601000000| PB 0x0000000601000000| Untracked |  0
|   5|0x0000000601400000, 0x0000000601800000, 0x0000000601800000|100%| O|  |TAMS 0x0000000601400000| PB 0x0000000601400000| Untracked |  0
|   6|0x0000000601800000, 0x0000000601c00000, 0x0000000601c00000|100%| O|  |TAMS 0x0000000601800000| PB 0x0000000601800000| Untracked |  0
|   7|0x0000000601c00000, 0x0000000602000000, 0x0000000602000000|100%| O|  |TAMS 0x0000000601c00000| PB 0x0000000601c00000| Untracked |  0
|   8|0x0000000602000000, 0x0000000602400000, 0x0000000602400000|100%| O|  |TAMS 0x0000000602000000| PB 0x0000000602000000| Untracked |  0
|   9|0x0000000602400000, 0x0000000602800000, 0x0000000602800000|100%| O|  |TAMS 0x0000000602400000| PB 0x0000000602400000| Untracked |  0
|  10|0x0000000602800000, 0x0000000602c00000, 0x0000000602c00000|100%| O|  |TAMS 0x0000000602800000| PB 0x0000000602800000| Untracked |  0
|  11|0x0000000602c00000, 0x0000000603000000, 0x0000000603000000|100%| O|  |TAMS 0x0000000602c00000| PB 0x0000000602c00000| Untracked |  0
|  12|0x0000000603000000, 0x0000000603400000, 0x0000000603400000|100%| O|  |TAMS 0x0000000603000000| PB 0x0000000603000000| Untracked |  0
|  13|0x0000000603400000, 0x0000000603800000, 0x0000000603800000|100%| O|  |TAMS 0x0000000603400000| PB 0x0000000603400000| Untracked |  0
|  14|0x0000000603800000, 0x0000000603c00000, 0x0000000603c00000|100%| O|  |TAMS 0x0000000603800000| PB 0x0000000603800000| Untracked |  0
|  15|0x0000000603c00000, 0x0000000604000000, 0x0000000604000000|100%| O|  |TAMS 0x0000000603c00000| PB 0x0000000603c00000| Untracked |  0
|  16|0x0000000604000000, 0x0000000604400000, 0x0000000604400000|100%| O|  |TAMS 0x0000000604000000| PB 0x0000000604000000| Untracked |  0
|  17|0x0000000604400000, 0x0000000604800000, 0x0000000604800000|100%| O|  |TAMS 0x0000000604400000| PB 0x0000000604400000| Untracked |  0
|  18|0x0000000604800000, 0x0000000604c00000, 0x0000000604c00000|100%| O|  |TAMS 0x0000000604800000| PB 0x0000000604800000| Untracked |  0
|  19|0x0000000604c00000, 0x0000000605000000, 0x0000000605000000|100%| O|  |TAMS 0x0000000604c00000| PB 0x0000000604c00000| Untracked |  0
|  20|0x0000000605000000, 0x0000000605400000, 0x0000000605400000|100%| O|  |TAMS 0x0000000605000000| PB 0x0000000605000000| Untracked |  0
|  21|0x0000000605400000, 0x0000000605800000, 0x0000000605800000|100%| O|  |TAMS 0x0000000605400000| PB 0x0000000605400000| Untracked |  0
|  22|0x0000000605800000, 0x0000000605c00000, 0x0000000605c00000|100%| O|  |TAMS 0x0000000605800000| PB 0x0000000605800000| Untracked |  0
|  23|0x0000000605c00000, 0x0000000606000000, 0x0000000606000000|100%| O|  |TAMS 0x0000000605c00000| PB 0x0000000605c00000| Untracked |  0
|  24|0x0000000606000000, 0x0000000606400000, 0x0000000606400000|100%| O|  |TAMS 0x0000000606000000| PB 0x0000000606000000| Untracked |  0
|  25|0x0000000606400000, 0x0000000606800000, 0x0000000606800000|100%| O|  |TAMS 0x0000000606400000| PB 0x0000000606400000| Untracked |  0
|  26|0x0000000606800000, 0x0000000606800000, 0x0000000606c00000|  0%| F|  |TAMS 0x0000000606800000| PB 0x0000000606800000| Untracked |  0
|  27|0x0000000606c00000, 0x0000000607000000, 0x0000000607000000|100%| O|  |TAMS 0x0000000606c00000| PB 0x0000000606c00000| Untracked |  0
|  28|0x0000000607000000, 0x0000000607400000, 0x0000000607400000|100%| O|  |TAMS 0x0000000607000000| PB 0x0000000607000000| Untracked |  0
|  29|0x0000000607400000, 0x0000000607800000, 0x0000000607800000|100%| O|  |TAMS 0x0000000607400000| PB 0x0000000607400000| Untracked |  0
|  30|0x0000000607800000, 0x0000000607c00000, 0x0000000607c00000|100%| O|  |TAMS 0x0000000607800000| PB 0x0000000607800000| Untracked |  0
|  31|0x0000000607c00000, 0x0000000608000000, 0x0000000608000000|100%| O|  |TAMS 0x0000000607c00000| PB 0x0000000607c00000| Untracked |  0
|  32|0x0000000608000000, 0x0000000608400000, 0x0000000608400000|100%| O|  |TAMS 0x0000000608000000| PB 0x0000000608000000| Untracked |  0
|  33|0x0000000608400000, 0x0000000608800000, 0x0000000608800000|100%| O|  |TAMS 0x0000000608400000| PB 0x0000000608400000| Untracked |  0
|  34|0x0000000608800000, 0x0000000608c00000, 0x0000000608c00000|100%| O|  |TAMS 0x0000000608800000| PB 0x0000000608800000| Untracked |  0
|  35|0x0000000608c00000, 0x0000000609000000, 0x0000000609000000|100%| O|  |TAMS 0x0000000608c00000| PB 0x0000000608c00000| Untracked |  0
|  36|0x0000000609000000, 0x0000000609400000, 0x0000000609400000|100%| O|  |TAMS 0x0000000609000000| PB 0x0000000609000000| Untracked |  0
|  37|0x0000000609400000, 0x0000000609800000, 0x0000000609800000|100%| O|  |TAMS 0x0000000609400000| PB 0x0000000609400000| Untracked |  0
|  38|0x0000000609800000, 0x0000000609c00000, 0x0000000609c00000|100%| O|  |TAMS 0x0000000609800000| PB 0x0000000609800000| Untracked |  0
|  39|0x0000000609c00000, 0x000000060a000000, 0x000000060a000000|100%| O|  |TAMS 0x0000000609c00000| PB 0x0000000609c00000| Untracked |  0
|  40|0x000000060a000000, 0x000000060a400000, 0x000000060a400000|100%| O|  |TAMS 0x000000060a000000| PB 0x000000060a000000| Untracked |  0
|  41|0x000000060a400000, 0x000000060a400000, 0x000000060a800000|  0%| F|  |TAMS 0x000000060a400000| PB 0x000000060a400000| Untracked |  0
|  42|0x000000060a800000, 0x000000060ac00000, 0x000000060ac00000|100%|HS|  |TAMS 0x000000060a800000| PB 0x000000060a800000| Complete |  0
|  43|0x000000060ac00000, 0x000000060ac00000, 0x000000060b000000|  0%| F|  |TAMS 0x000000060ac00000| PB 0x000000060ac00000| Untracked |  0
|  44|0x000000060b000000, 0x000000060b400000, 0x000000060b400000|100%| O|  |TAMS 0x000000060b000000| PB 0x000000060b000000| Untracked |  0
|  45|0x000000060b400000, 0x000000060b800000, 0x000000060b800000|100%| O|Cm|TAMS 0x000000060b400000| PB 0x000000060b400000| Complete |  0
|  46|0x000000060b800000, 0x000000060bc00000, 0x000000060bc00000|100%| O|  |TAMS 0x000000060b800000| PB 0x000000060b800000| Untracked |  0
|  47|0x000000060bc00000, 0x000000060c000000, 0x000000060c000000|100%| O|  |TAMS 0x000000060bc00000| PB 0x000000060bc00000| Untracked |  0
|  48|0x000000060c000000, 0x000000060c400000, 0x000000060c400000|100%| O|  |TAMS 0x000000060c000000| PB 0x000000060c000000| Untracked |  0
|  49|0x000000060c400000, 0x000000060c800000, 0x000000060c800000|100%| O|  |TAMS 0x000000060c400000| PB 0x000000060c400000| Untracked |  0
|  50|0x000000060c800000, 0x000000060cc00000, 0x000000060cc00000|100%| O|  |TAMS 0x000000060c800000| PB 0x000000060c800000| Untracked |  0
|  51|0x000000060cc00000, 0x000000060d000000, 0x000000060d000000|100%| O|  |TAMS 0x000000060cc00000| PB 0x000000060cc00000| Untracked |  0
|  52|0x000000060d000000, 0x000000060d3dcce0, 0x000000060d400000| 96%| O|Cm|TAMS 0x000000060d000000| PB 0x000000060d000000| Complete |  0
|  53|0x000000060d400000, 0x000000060d53e5c0, 0x000000060d800000| 31%| O|  |TAMS 0x000000060d400000| PB 0x000000060d400000| Untracked |  0
|  54|0x000000060d800000, 0x000000060dc00000, 0x000000060dc00000|100%| O|Cm|TAMS 0x000000060d800000| PB 0x000000060d800000| Complete |  0
|  55|0x000000060dc00000, 0x000000060e000000, 0x000000060e000000|100%| O|  |TAMS 0x000000060dc00000| PB 0x000000060dc00000| Untracked |  0
|  56|0x000000060e000000, 0x000000060e000000, 0x000000060e400000|  0%| F|  |TAMS 0x000000060e000000| PB 0x000000060e000000| Untracked |  0
|  57|0x000000060e400000, 0x000000060e400000, 0x000000060e800000|  0%| F|  |TAMS 0x000000060e400000| PB 0x000000060e400000| Untracked |  0
|  58|0x000000060e800000, 0x000000060e800000, 0x000000060ec00000|  0%| F|  |TAMS 0x000000060e800000| PB 0x000000060e800000| Untracked |  0
|  59|0x000000060ec00000, 0x000000060ec00000, 0x000000060f000000|  0%| F|  |TAMS 0x000000060ec00000| PB 0x000000060ec00000| Untracked |  0
|  60|0x000000060f000000, 0x000000060f000000, 0x000000060f400000|  0%| F|  |TAMS 0x000000060f000000| PB 0x000000060f000000| Untracked |  0
|  61|0x000000060f400000, 0x000000060f400000, 0x000000060f800000|  0%| F|  |TAMS 0x000000060f400000| PB 0x000000060f400000| Untracked |  0
|  62|0x000000060f800000, 0x000000060f800000, 0x000000060fc00000|  0%| F|  |TAMS 0x000000060f800000| PB 0x000000060f800000| Untracked |  0
|  63|0x000000060fc00000, 0x000000060fc00000, 0x0000000610000000|  0%| F|  |TAMS 0x000000060fc00000| PB 0x000000060fc00000| Untracked |  0
|  64|0x0000000610000000, 0x0000000610000000, 0x0000000610400000|  0%| F|  |TAMS 0x0000000610000000| PB 0x0000000610000000| Untracked |  0
|  65|0x0000000610400000, 0x0000000610400000, 0x0000000610800000|  0%| F|  |TAMS 0x0000000610400000| PB 0x0000000610400000| Untracked |  0
|  66|0x0000000610800000, 0x0000000610800000, 0x0000000610c00000|  0%| F|  |TAMS 0x0000000610800000| PB 0x0000000610800000| Untracked |  0
|  67|0x0000000610c00000, 0x0000000610c00000, 0x0000000611000000|  0%| F|  |TAMS 0x0000000610c00000| PB 0x0000000610c00000| Untracked |  0
|  68|0x0000000611000000, 0x0000000611000000, 0x0000000611400000|  0%| F|  |TAMS 0x0000000611000000| PB 0x0000000611000000| Untracked |  0
|  69|0x0000000611400000, 0x0000000611400000, 0x0000000611800000|  0%| F|  |TAMS 0x0000000611400000| PB 0x0000000611400000| Untracked |  0
|  70|0x0000000611800000, 0x0000000611800000, 0x0000000611c00000|  0%| F|  |TAMS 0x0000000611800000| PB 0x0000000611800000| Untracked |  0
|  71|0x0000000611c00000, 0x0000000611c00000, 0x0000000612000000|  0%| F|  |TAMS 0x0000000611c00000| PB 0x0000000611c00000| Untracked |  0
|  72|0x0000000612000000, 0x0000000612000000, 0x0000000612400000|  0%| F|  |TAMS 0x0000000612000000| PB 0x0000000612000000| Untracked |  0
|  73|0x0000000612400000, 0x00000006126f3f88, 0x0000000612800000| 73%| S|CS|TAMS 0x0000000612400000| PB 0x0000000612400000| Complete |  0
|  74|0x0000000612800000, 0x0000000612800000, 0x0000000612c00000|  0%| F|  |TAMS 0x0000000612800000| PB 0x0000000612800000| Untracked |  0
|  75|0x0000000612c00000, 0x0000000612c00000, 0x0000000613000000|  0%| F|  |TAMS 0x0000000612c00000| PB 0x0000000612c00000| Untracked |  0
|  76|0x0000000613000000, 0x0000000613400000, 0x0000000613400000|100%| S|CS|TAMS 0x0000000613000000| PB 0x0000000613000000| Complete |  0
|  77|0x0000000613400000, 0x0000000613400000, 0x0000000613800000|  0%| F|  |TAMS 0x0000000613400000| PB 0x0000000613400000| Untracked |  0
|  78|0x0000000613800000, 0x0000000613800000, 0x0000000613c00000|  0%| F|  |TAMS 0x0000000613800000| PB 0x0000000613800000| Untracked |  0
|  79|0x0000000613c00000, 0x0000000613c00000, 0x0000000614000000|  0%| F|  |TAMS 0x0000000613c00000| PB 0x0000000613c00000| Untracked |  0
|  80|0x0000000614000000, 0x0000000614000000, 0x0000000614400000|  0%| F|  |TAMS 0x0000000614000000| PB 0x0000000614000000| Untracked |  0
|  81|0x0000000614400000, 0x0000000614400000, 0x0000000614800000|  0%| F|  |TAMS 0x0000000614400000| PB 0x0000000614400000| Untracked |  0
|  82|0x0000000614800000, 0x0000000614800000, 0x0000000614c00000|  0%| F|  |TAMS 0x0000000614800000| PB 0x0000000614800000| Untracked |  0
|  83|0x0000000614c00000, 0x0000000614c00000, 0x0000000615000000|  0%| F|  |TAMS 0x0000000614c00000| PB 0x0000000614c00000| Untracked |  0
|  84|0x0000000615000000, 0x0000000615000000, 0x0000000615400000|  0%| F|  |TAMS 0x0000000615000000| PB 0x0000000615000000| Untracked |  0
|  85|0x0000000615400000, 0x0000000615400000, 0x0000000615800000|  0%| F|  |TAMS 0x0000000615400000| PB 0x0000000615400000| Untracked |  0
|  86|0x0000000615800000, 0x0000000615800000, 0x0000000615c00000|  0%| F|  |TAMS 0x0000000615800000| PB 0x0000000615800000| Untracked |  0
|  87|0x0000000615c00000, 0x0000000615c00000, 0x0000000616000000|  0%| F|  |TAMS 0x0000000615c00000| PB 0x0000000615c00000| Untracked |  0
|  88|0x0000000616000000, 0x0000000616000000, 0x0000000616400000|  0%| F|  |TAMS 0x0000000616000000| PB 0x0000000616000000| Untracked |  0
|  89|0x0000000616400000, 0x0000000616400000, 0x0000000616800000|  0%| F|  |TAMS 0x0000000616400000| PB 0x0000000616400000| Untracked |  0
|  90|0x0000000616800000, 0x0000000616800000, 0x0000000616c00000|  0%| F|  |TAMS 0x0000000616800000| PB 0x0000000616800000| Untracked |  0
|  91|0x0000000616c00000, 0x0000000616c00000, 0x0000000617000000|  0%| F|  |TAMS 0x0000000616c00000| PB 0x0000000616c00000| Untracked |  0
|  92|0x0000000617000000, 0x0000000617000000, 0x0000000617400000|  0%| F|  |TAMS 0x0000000617000000| PB 0x0000000617000000| Untracked |  0
|  93|0x0000000617400000, 0x0000000617400000, 0x0000000617800000|  0%| F|  |TAMS 0x0000000617400000| PB 0x0000000617400000| Untracked |  0
|  94|0x0000000617800000, 0x0000000617800000, 0x0000000617c00000|  0%| F|  |TAMS 0x0000000617800000| PB 0x0000000617800000| Untracked |  0
|  95|0x0000000617c00000, 0x0000000617c00000, 0x0000000618000000|  0%| F|  |TAMS 0x0000000617c00000| PB 0x0000000617c00000| Untracked |  0
|  96|0x0000000618000000, 0x0000000618000000, 0x0000000618400000|  0%| F|  |TAMS 0x0000000618000000| PB 0x0000000618000000| Untracked |  0
|  97|0x0000000618400000, 0x0000000618400000, 0x0000000618800000|  0%| F|  |TAMS 0x0000000618400000| PB 0x0000000618400000| Untracked |  0
|  98|0x0000000618800000, 0x0000000618800000, 0x0000000618c00000|  0%| F|  |TAMS 0x0000000618800000| PB 0x0000000618800000| Untracked |  0
|  99|0x0000000618c00000, 0x0000000618c00000, 0x0000000619000000|  0%| F|  |TAMS 0x0000000618c00000| PB 0x0000000618c00000| Untracked |  0
| 100|0x0000000619000000, 0x0000000619000000, 0x0000000619400000|  0%| F|  |TAMS 0x0000000619000000| PB 0x0000000619000000| Untracked |  0
| 101|0x0000000619400000, 0x0000000619400000, 0x0000000619800000|  0%| F|  |TAMS 0x0000000619400000| PB 0x0000000619400000| Untracked |  0
| 102|0x0000000619800000, 0x0000000619800000, 0x0000000619c00000|  0%| F|  |TAMS 0x0000000619800000| PB 0x0000000619800000| Untracked |  0
| 103|0x0000000619c00000, 0x0000000619c00000, 0x000000061a000000|  0%| F|  |TAMS 0x0000000619c00000| PB 0x0000000619c00000| Untracked |  0
| 104|0x000000061a000000, 0x000000061a000000, 0x000000061a400000|  0%| F|  |TAMS 0x000000061a000000| PB 0x000000061a000000| Untracked |  0
| 105|0x000000061a400000, 0x000000061a400000, 0x000000061a800000|  0%| F|  |TAMS 0x000000061a400000| PB 0x000000061a400000| Untracked |  0
| 106|0x000000061a800000, 0x000000061a800000, 0x000000061ac00000|  0%| F|  |TAMS 0x000000061a800000| PB 0x000000061a800000| Untracked |  0
| 107|0x000000061ac00000, 0x000000061ac00000, 0x000000061b000000|  0%| F|  |TAMS 0x000000061ac00000| PB 0x000000061ac00000| Untracked |  0
| 108|0x000000061b000000, 0x000000061b000000, 0x000000061b400000|  0%| F|  |TAMS 0x000000061b000000| PB 0x000000061b000000| Untracked |  0
| 109|0x000000061b400000, 0x000000061b400000, 0x000000061b800000|  0%| F|  |TAMS 0x000000061b400000| PB 0x000000061b400000| Untracked |  0
| 110|0x000000061b800000, 0x000000061b800000, 0x000000061bc00000|  0%| F|  |TAMS 0x000000061b800000| PB 0x000000061b800000| Untracked |  0
| 111|0x000000061bc00000, 0x000000061bc00000, 0x000000061c000000|  0%| F|  |TAMS 0x000000061bc00000| PB 0x000000061bc00000| Untracked |  0
| 112|0x000000061c000000, 0x000000061c000000, 0x000000061c400000|  0%| F|  |TAMS 0x000000061c000000| PB 0x000000061c000000| Untracked |  0
| 113|0x000000061c400000, 0x000000061c400000, 0x000000061c800000|  0%| F|  |TAMS 0x000000061c400000| PB 0x000000061c400000| Untracked |  0
| 114|0x000000061c800000, 0x000000061c800000, 0x000000061cc00000|  0%| F|  |TAMS 0x000000061c800000| PB 0x000000061c800000| Untracked |  0
| 115|0x000000061cc00000, 0x000000061cc00000, 0x000000061d000000|  0%| F|  |TAMS 0x000000061cc00000| PB 0x000000061cc00000| Untracked |  0
| 116|0x000000061d000000, 0x000000061d000000, 0x000000061d400000|  0%| F|  |TAMS 0x000000061d000000| PB 0x000000061d000000| Untracked |  0
| 117|0x000000061d400000, 0x000000061d400000, 0x000000061d800000|  0%| F|  |TAMS 0x000000061d400000| PB 0x000000061d400000| Untracked |  0
| 118|0x000000061d800000, 0x000000061d800000, 0x000000061dc00000|  0%| F|  |TAMS 0x000000061d800000| PB 0x000000061d800000| Untracked |  0
| 119|0x000000061dc00000, 0x000000061dc00000, 0x000000061e000000|  0%| F|  |TAMS 0x000000061dc00000| PB 0x000000061dc00000| Untracked |  0
| 120|0x000000061e000000, 0x000000061e000000, 0x000000061e400000|  0%| F|  |TAMS 0x000000061e000000| PB 0x000000061e000000| Untracked |  0
| 121|0x000000061e400000, 0x000000061e400000, 0x000000061e800000|  0%| F|  |TAMS 0x000000061e400000| PB 0x000000061e400000| Untracked |  0
| 122|0x000000061e800000, 0x000000061e800000, 0x000000061ec00000|  0%| F|  |TAMS 0x000000061e800000| PB 0x000000061e800000| Untracked |  0
| 123|0x000000061ec00000, 0x000000061ec00000, 0x000000061f000000|  0%| F|  |TAMS 0x000000061ec00000| PB 0x000000061ec00000| Untracked |  0
| 124|0x000000061f000000, 0x000000061f000000, 0x000000061f400000|  0%| F|  |TAMS 0x000000061f000000| PB 0x000000061f000000| Untracked |  0
| 125|0x000000061f400000, 0x000000061f400000, 0x000000061f800000|  0%| F|  |TAMS 0x000000061f400000| PB 0x000000061f400000| Untracked |  0
| 126|0x000000061f800000, 0x000000061f800000, 0x000000061fc00000|  0%| F|  |TAMS 0x000000061f800000| PB 0x000000061f800000| Untracked |  0
| 127|0x000000061fc00000, 0x000000061fc00000, 0x0000000620000000|  0%| F|  |TAMS 0x000000061fc00000| PB 0x000000061fc00000| Untracked |  0
| 128|0x0000000620000000, 0x0000000620000000, 0x0000000620400000|  0%| F|  |TAMS 0x0000000620000000| PB 0x0000000620000000| Untracked |  0
| 129|0x0000000620400000, 0x0000000620400000, 0x0000000620800000|  0%| F|  |TAMS 0x0000000620400000| PB 0x0000000620400000| Untracked |  0
| 130|0x0000000620800000, 0x0000000620800000, 0x0000000620c00000|  0%| F|  |TAMS 0x0000000620800000| PB 0x0000000620800000| Untracked |  0
| 131|0x0000000620c00000, 0x0000000620c00000, 0x0000000621000000|  0%| F|  |TAMS 0x0000000620c00000| PB 0x0000000620c00000| Untracked |  0
| 132|0x0000000621000000, 0x0000000621000000, 0x0000000621400000|  0%| F|  |TAMS 0x0000000621000000| PB 0x0000000621000000| Untracked |  0
| 133|0x0000000621400000, 0x0000000621400000, 0x0000000621800000|  0%| F|  |TAMS 0x0000000621400000| PB 0x0000000621400000| Untracked |  0
| 134|0x0000000621800000, 0x0000000621800000, 0x0000000621c00000|  0%| F|  |TAMS 0x0000000621800000| PB 0x0000000621800000| Untracked |  0
| 135|0x0000000621c00000, 0x0000000621c00000, 0x0000000622000000|  0%| F|  |TAMS 0x0000000621c00000| PB 0x0000000621c00000| Untracked |  0
| 136|0x0000000622000000, 0x0000000622000000, 0x0000000622400000|  0%| F|  |TAMS 0x0000000622000000| PB 0x0000000622000000| Untracked |  0
| 137|0x0000000622400000, 0x0000000622400000, 0x0000000622800000|  0%| F|  |TAMS 0x0000000622400000| PB 0x0000000622400000| Untracked |  0
| 138|0x0000000622800000, 0x0000000622800000, 0x0000000622c00000|  0%| F|  |TAMS 0x0000000622800000| PB 0x0000000622800000| Untracked |  0
| 139|0x0000000622c00000, 0x0000000622c00000, 0x0000000623000000|  0%| F|  |TAMS 0x0000000622c00000| PB 0x0000000622c00000| Untracked |  0
| 140|0x0000000623000000, 0x0000000623000000, 0x0000000623400000|  0%| F|  |TAMS 0x0000000623000000| PB 0x0000000623000000| Untracked |  0
| 141|0x0000000623400000, 0x0000000623400000, 0x0000000623800000|  0%| F|  |TAMS 0x0000000623400000| PB 0x0000000623400000| Untracked |  0
| 142|0x0000000623800000, 0x0000000623800000, 0x0000000623c00000|  0%| F|  |TAMS 0x0000000623800000| PB 0x0000000623800000| Untracked |  0
| 143|0x0000000623c00000, 0x0000000623f478a0, 0x0000000624000000| 81%| E|  |TAMS 0x0000000623c00000| PB 0x0000000623c00000| Complete |  0
| 144|0x0000000624000000, 0x0000000624400000, 0x0000000624400000|100%| E|CS|TAMS 0x0000000624000000| PB 0x0000000624000000| Complete |  0
| 145|0x0000000624400000, 0x0000000624800000, 0x0000000624800000|100%| E|CS|TAMS 0x0000000624400000| PB 0x0000000624400000| Complete |  0
| 146|0x0000000624800000, 0x0000000624c00000, 0x0000000624c00000|100%| E|CS|TAMS 0x0000000624800000| PB 0x0000000624800000| Complete |  0
| 147|0x0000000624c00000, 0x0000000625000000, 0x0000000625000000|100%| E|CS|TAMS 0x0000000624c00000| PB 0x0000000624c00000| Complete |  0
| 148|0x0000000625000000, 0x0000000625400000, 0x0000000625400000|100%| E|CS|TAMS 0x0000000625000000| PB 0x0000000625000000| Complete |  0
| 149|0x0000000625400000, 0x0000000625800000, 0x0000000625800000|100%| E|CS|TAMS 0x0000000625400000| PB 0x0000000625400000| Complete |  0
| 150|0x0000000625800000, 0x0000000625c00000, 0x0000000625c00000|100%| E|CS|TAMS 0x0000000625800000| PB 0x0000000625800000| Complete |  0
| 151|0x0000000625c00000, 0x0000000626000000, 0x0000000626000000|100%| E|CS|TAMS 0x0000000625c00000| PB 0x0000000625c00000| Complete |  0
| 152|0x0000000626000000, 0x0000000626400000, 0x0000000626400000|100%| E|CS|TAMS 0x0000000626000000| PB 0x0000000626000000| Complete |  1
| 153|0x0000000626400000, 0x0000000626800000, 0x0000000626800000|100%| E|CS|TAMS 0x0000000626400000| PB 0x0000000626400000| Complete |  0
| 154|0x0000000626800000, 0x0000000626c00000, 0x0000000626c00000|100%| E|CS|TAMS 0x0000000626800000| PB 0x0000000626800000| Complete |  0
| 155|0x0000000626c00000, 0x0000000627000000, 0x0000000627000000|100%| E|  |TAMS 0x0000000626c00000| PB 0x0000000626c00000| Complete |  0
| 156|0x0000000627000000, 0x0000000627400000, 0x0000000627400000|100%| E|CS|TAMS 0x0000000627000000| PB 0x0000000627000000| Complete |  0
| 157|0x0000000627400000, 0x0000000627800000, 0x0000000627800000|100%| E|CS|TAMS 0x0000000627400000| PB 0x0000000627400000| Complete |  0
| 158|0x0000000627800000, 0x0000000627c00000, 0x0000000627c00000|100%| E|CS|TAMS 0x0000000627800000| PB 0x0000000627800000| Complete |  0
| 159|0x0000000627c00000, 0x0000000628000000, 0x0000000628000000|100%| E|CS|TAMS 0x0000000627c00000| PB 0x0000000627c00000| Complete |  0
| 160|0x0000000628000000, 0x0000000628400000, 0x0000000628400000|100%| E|CS|TAMS 0x0000000628000000| PB 0x0000000628000000| Complete |  0
| 161|0x0000000628400000, 0x0000000628800000, 0x0000000628800000|100%| E|CS|TAMS 0x0000000628400000| PB 0x0000000628400000| Complete |  0
| 162|0x0000000628800000, 0x0000000628c00000, 0x0000000628c00000|100%| E|CS|TAMS 0x0000000628800000| PB 0x0000000628800000| Complete |  0
| 163|0x0000000628c00000, 0x0000000629000000, 0x0000000629000000|100%| E|CS|TAMS 0x0000000628c00000| PB 0x0000000628c00000| Complete |  0
| 164|0x0000000629000000, 0x0000000629400000, 0x0000000629400000|100%| E|CS|TAMS 0x0000000629000000| PB 0x0000000629000000| Complete |  0
| 165|0x0000000629400000, 0x0000000629800000, 0x0000000629800000|100%| E|CS|TAMS 0x0000000629400000| PB 0x0000000629400000| Complete |  0
| 166|0x0000000629800000, 0x0000000629c00000, 0x0000000629c00000|100%| E|CS|TAMS 0x0000000629800000| PB 0x0000000629800000| Complete |  0
| 167|0x0000000629c00000, 0x000000062a000000, 0x000000062a000000|100%| E|CS|TAMS 0x0000000629c00000| PB 0x0000000629c00000| Complete |  0
| 171|0x000000062ac00000, 0x000000062b000000, 0x000000062b000000|100%| E|CS|TAMS 0x000000062ac00000| PB 0x000000062ac00000| Complete |  0
| 172|0x000000062b000000, 0x000000062b400000, 0x000000062b400000|100%| E|CS|TAMS 0x000000062b000000| PB 0x000000062b000000| Complete |  0
| 173|0x000000062b400000, 0x000000062b800000, 0x000000062b800000|100%| E|CS|TAMS 0x000000062b400000| PB 0x000000062b400000| Complete |  0
| 174|0x000000062b800000, 0x000000062bc00000, 0x000000062bc00000|100%| E|CS|TAMS 0x000000062b800000| PB 0x000000062b800000| Complete |  0
| 175|0x000000062bc00000, 0x000000062c000000, 0x000000062c000000|100%| E|CS|TAMS 0x000000062bc00000| PB 0x000000062bc00000| Complete |  0
| 176|0x000000062c000000, 0x000000062c400000, 0x000000062c400000|100%| E|CS|TAMS 0x000000062c000000| PB 0x000000062c000000| Complete |  0
| 177|0x000000062c400000, 0x000000062c800000, 0x000000062c800000|100%| E|CS|TAMS 0x000000062c400000| PB 0x000000062c400000| Complete |  0
| 178|0x000000062c800000, 0x000000062cc00000, 0x000000062cc00000|100%| E|CS|TAMS 0x000000062c800000| PB 0x000000062c800000| Complete |  0
| 179|0x000000062cc00000, 0x000000062d000000, 0x000000062d000000|100%| E|CS|TAMS 0x000000062cc00000| PB 0x000000062cc00000| Complete |  0
| 180|0x000000062d000000, 0x000000062d400000, 0x000000062d400000|100%| E|CS|TAMS 0x000000062d000000| PB 0x000000062d000000| Complete |  0
| 181|0x000000062d400000, 0x000000062d800000, 0x000000062d800000|100%| E|CS|TAMS 0x000000062d400000| PB 0x000000062d400000| Complete |  0
| 182|0x000000062d800000, 0x000000062dc00000, 0x000000062dc00000|100%| E|CS|TAMS 0x000000062d800000| PB 0x000000062d800000| Complete |  0
| 183|0x000000062dc00000, 0x000000062e000000, 0x000000062e000000|100%| E|CS|TAMS 0x000000062dc00000| PB 0x000000062dc00000| Complete |  0
| 184|0x000000062e000000, 0x000000062e400000, 0x000000062e400000|100%| E|CS|TAMS 0x000000062e000000| PB 0x000000062e000000| Complete |  0
| 185|0x000000062e400000, 0x000000062e800000, 0x000000062e800000|100%| E|CS|TAMS 0x000000062e400000| PB 0x000000062e400000| Complete |  0
| 186|0x000000062e800000, 0x000000062ec00000, 0x000000062ec00000|100%| E|CS|TAMS 0x000000062e800000| PB 0x000000062e800000| Complete |  0
| 187|0x000000062ec00000, 0x000000062f000000, 0x000000062f000000|100%| E|CS|TAMS 0x000000062ec00000| PB 0x000000062ec00000| Complete |  0
| 188|0x000000062f000000, 0x000000062f400000, 0x000000062f400000|100%| E|CS|TAMS 0x000000062f000000| PB 0x000000062f000000| Complete |  0
| 189|0x000000062f400000, 0x000000062f800000, 0x000000062f800000|100%| E|CS|TAMS 0x000000062f400000| PB 0x000000062f400000| Complete |  0
| 190|0x000000062f800000, 0x000000062fc00000, 0x000000062fc00000|100%| E|CS|TAMS 0x000000062f800000| PB 0x000000062f800000| Complete |  0
|2039|0x00000007fdc00000, 0x00000007fe000000, 0x00000007fe000000|100%| E|CS|TAMS 0x00000007fdc00000| PB 0x00000007fdc00000| Complete |  0
|2040|0x00000007fe000000, 0x00000007fe400000, 0x00000007fe400000|100%| E|CS|TAMS 0x00000007fe000000| PB 0x00000007fe000000| Complete |  0
|2041|0x00000007fe400000, 0x00000007fe800000, 0x00000007fe800000|100%| E|CS|TAMS 0x00000007fe400000| PB 0x00000007fe400000| Complete |  0
|2042|0x00000007fe800000, 0x00000007fec00000, 0x00000007fec00000|100%| E|CS|TAMS 0x00000007fe800000| PB 0x00000007fe800000| Complete |  0
|2043|0x00000007fec00000, 0x00000007ff000000, 0x00000007ff000000|100%| O|  |TAMS 0x00000007fec00000| PB 0x00000007fec00000| Untracked |  0
|2044|0x00000007ff000000, 0x00000007ff400000, 0x00000007ff400000|100%| E|CS|TAMS 0x00000007ff000000| PB 0x00000007ff000000| Complete |  0
|2045|0x00000007ff400000, 0x00000007ff800000, 0x00000007ff800000|100%| O|  |TAMS 0x00000007ff400000| PB 0x00000007ff400000| Untracked |  0
|2046|0x00000007ff800000, 0x00000007ffc00000, 0x00000007ffc00000|100%| O|  |TAMS 0x00000007ff800000| PB 0x00000007ff800000| Untracked |  0
|2047|0x00000007ffc00000, 0x0000000800000000, 0x0000000800000000|100%| O|  |TAMS 0x00000007ffc00000| PB 0x00000007ffc00000| Untracked |  0

Card table byte_map: [0x000001dd30820000,0x000001dd31820000] _byte_map_base: 0x000001dd2d820000

Marking Bits: (CMBitMap*) 0x000001dd0bb5d600
 Bits: [0x000001dd31820000, 0x000001dd39820000)

Polling page: 0x000001dd09c70000

Metaspace:
Metaspace        used 271875K, committed 274368K, reserved 1310720K
 class space     used 37504K, committed 38656K, reserved 1048576K

Usage:
  Non-class:    228.88 MB used.
      Class:     36.63 MB used.
       Both:    265.50 MB used.

Virtual space:
  Non-class space:      256.00 MB reserved,     230.19 MB ( 90%) committed,  4 nodes.
      Class space:        1.00 GB reserved,      37.75 MB (  4%) committed,  1 nodes.
             Both:        1.25 GB reserved,     267.94 MB ( 21%) committed. 

Chunk freelists:
   Non-Class:  9.42 MB
       Class:  10.24 MB
        Both:  19.67 MB

MaxMetaspaceSize: 4.00 GB
CompressedClassSpaceSize: 1.00 GB
Initial GC threshold: 21.00 MB
Current GC threshold: 442.00 MB
CDS: off
 - commit_granule_bytes: 65536.
 - commit_granule_words: 8192.
 - virtual_space_node_default_size: 8388608.
 - enlarge_chunks_in_place: 1.
UseCompressedClassPointers 1, UseCompactObjectHeaders 0
Narrow klass pointer bits 32, Max shift 3
Narrow klass base: 0x0000000000000000, Narrow klass shift: 0
Encoding Range: [0x0000000000000000 - 0x0000000100000000), (4294967296 bytes)
Klass Range:    [0x000000009f000000 - 0x00000000df000000), (1073741824 bytes)
Klass ID Range:  [2667577344 - 3741319161) (1073741817)
No protection zone.


Internal statistics:

num_allocs_failed_limit: 9.
num_arena_births: 4636.
num_arena_deaths: 10.
num_vsnodes_births: 5.
num_vsnodes_deaths: 0.
num_space_committed: 4283.
num_space_uncommitted: 4.
num_chunks_returned_to_freelist: 47.
num_chunks_taken_from_freelist: 15385.
num_chunk_merges: 15.
num_chunk_splits: 10976.
num_chunks_enlarged: 8068.
num_inconsistent_stats: 0.

CodeHeap 'non-profiled nmethods': size=259328Kb used=20680Kb max_used=20680Kb free=238648Kb
 bounds [0x000001dd1f260000, 0x000001dd206a0000, 0x000001dd2efa0000]
CodeHeap 'profiled nmethods': size=259264Kb used=57242Kb max_used=58175Kb free=202021Kb
 bounds [0x000001dd0efa0000, 0x000001dd12890000, 0x000001dd1ecd0000]
CodeHeap 'non-nmethods': size=5696Kb used=2823Kb max_used=2985Kb free=2872Kb
 bounds [0x000001dd1ecd0000, 0x000001dd1efd0000, 0x000001dd1f260000]
CodeCache: size=524288Kb, used=80745Kb, max_used=81840Kb, free=443541Kb
 total_blobs=36814, nmethods=35500, adapters=1213, full_count=0
Compilation: enabled, stopped_count=0, restarted_count=0

Compilation events (20 events):
Event: 73.009 Thread 0x000001dd658ca360 nmethod 43479 0x000001dd20671088 code [0x000001dd20671180, 0x000001dd20671348]
Event: 73.009 Thread 0x000001dd658ca360 43464       4       java.util.concurrent.FutureTask::get (23 bytes)
Event: 73.013 Thread 0x000001dd658ca360 nmethod 43464 0x000001dd20671388 code [0x000001dd20671480, 0x000001dd20671d08]
Event: 73.124 Thread 0x000001dd5d364450 nmethod 43417 0x000001dd20671d88 code [0x000001dd20671e80, 0x000001dd2067d8f0]
Event: 73.209 Thread 0x000001dd3c6b18f0 nmethod 43416 0x000001dd2067d988 code [0x000001dd2067da80, 0x000001dd2068b388]
Event: 73.825 Thread 0x000001dd3c6b18f0 43500       4       java.util.concurrent.ConcurrentLinkedQueue::poll (84 bytes)
Event: 73.828 Thread 0x000001dd3c6b18f0 nmethod 43500 0x000001dd2068b408 code [0x000001dd2068b500, 0x000001dd2068bc70]
Event: 74.570 Thread 0x000001dd3c6b18f0 43501       4       java.util.ComparableTimSort::binarySort (223 bytes)
Event: 74.577 Thread 0x000001dd3c6b18f0 nmethod 43501 0x000001dd2068bc88 code [0x000001dd2068bd80, 0x000001dd2068c868]
Event: 78.639 Thread 0x000001dd3c6e1f60 43502 %     3       kotlin.io.ByteStreamsKt::copyTo @ 27 (60 bytes)
Event: 78.640 Thread 0x000001dd3c6e1f60 nmethod 43502% 0x000001dd1232b308 code [0x000001dd1232b400, 0x000001dd1232c348]
Event: 78.693 Thread 0x000001dd3c6e1f60 43503       3       kotlin.io.ByteStreamsKt::copyTo (60 bytes)
Event: 78.694 Thread 0x000001dd3c6e1f60 nmethod 43503 0x000001dd122cf588 code [0x000001dd122cf680, 0x000001dd122d0498]
Event: 80.077 Thread 0x000001dd3c6e1f60 43504       3       java.util.Collections::sort (8 bytes)
Event: 80.077 Thread 0x000001dd3c6e1f60 nmethod 43504 0x000001dd1232b008 code [0x000001dd1232b100, 0x000001dd1232b2a0]
Event: 81.312 Thread 0x000001dd3c6e1f60 43505       3       org.gradle.internal.snapshot.UnknownFileSystemNode::withIncompleteChildren (2 bytes)
Event: 81.312 Thread 0x000001dd3c6e1f60 nmethod 43505 0x000001dd1232ad08 code [0x000001dd1232ae00, 0x000001dd1232af08]
Event: 81.390 Thread 0x000001dd3c6b18f0 43506   !   4       org.gradle.internal.hash.DefaultStreamHasher::doHash (84 bytes)
Event: 81.499 Thread 0x000001dd3c6b18f0 nmethod 43506 0x000001dd2068c888 code [0x000001dd2068c980, 0x000001dd20691f78]
Event: 82.636 Thread 0x000001dd3c6b18f0 43507       4       java.nio.file.Paths::get (6 bytes)

GC Heap Usage History (20 events):
Event: 53.843 {heap Before GC invocations=61 (full 0):
 garbage-first heap   total reserved 8388608K, committed 765952K, used 664119K [0x0000000600000000, 0x0000000800000000)
  region size 4096K, 112 young (458752K), 4 survivors (16384K)
}
Event: 53.853 {heap After GC invocations=62 (full 0):
 garbage-first heap   total reserved 8388608K, committed 765952K, used 231386K [0x0000000600000000, 0x0000000800000000)
  region size 4096K, 6 young (24576K), 6 survivors (24576K)
}
Event: 54.484 {heap Before GC invocations=62 (full 0):
 garbage-first heap   total reserved 8388608K, committed 765952K, used 661466K [0x0000000600000000, 0x0000000800000000)
  region size 4096K, 112 young (458752K), 6 survivors (24576K)
}
Event: 54.497 {heap After GC invocations=63 (full 0):
 garbage-first heap   total reserved 8388608K, committed 765952K, used 233214K [0x0000000600000000, 0x0000000800000000)
  region size 4096K, 8 young (32768K), 8 survivors (32768K)
}
Event: 55.067 {heap Before GC invocations=63 (full 0):
 garbage-first heap   total reserved 8388608K, committed 765952K, used 655102K [0x0000000600000000, 0x0000000800000000)
  region size 4096K, 112 young (458752K), 8 survivors (32768K)
}
Event: 55.084 {heap After GC invocations=64 (full 0):
 garbage-first heap   total reserved 8388608K, committed 765952K, used 253574K [0x0000000600000000, 0x0000000800000000)
  region size 4096K, 13 young (53248K), 13 survivors (53248K)
}
Event: 55.896 {heap Before GC invocations=65 (full 0):
 garbage-first heap   total reserved 8388608K, committed 765952K, used 659078K [0x0000000600000000, 0x0000000800000000)
  region size 4096K, 112 young (458752K), 13 survivors (53248K)
}
Event: 55.913 {heap After GC invocations=66 (full 0):
 garbage-first heap   total reserved 8388608K, committed 765952K, used 254791K [0x0000000600000000, 0x0000000800000000)
  region size 4096K, 8 young (32768K), 8 survivors (32768K)
}
Event: 57.420 {heap Before GC invocations=66 (full 0):
 garbage-first heap   total reserved 8388608K, committed 765952K, used 680775K [0x0000000600000000, 0x0000000800000000)
  region size 4096K, 112 young (458752K), 8 survivors (32768K)
}
Event: 57.431 {heap After GC invocations=67 (full 0):
 garbage-first heap   total reserved 8388608K, committed 765952K, used 248843K [0x0000000600000000, 0x0000000800000000)
  region size 4096K, 6 young (24576K), 6 survivors (24576K)
}
Event: 59.536 {heap Before GC invocations=67 (full 0):
 garbage-first heap   total reserved 8388608K, committed 765952K, used 683019K [0x0000000600000000, 0x0000000800000000)
  region size 4096K, 112 young (458752K), 6 survivors (24576K)
}
Event: 59.543 {heap After GC invocations=68 (full 0):
 garbage-first heap   total reserved 8388608K, committed 921600K, used 244746K [0x0000000600000000, 0x0000000800000000)
  region size 4096K, 5 young (20480K), 5 survivors (20480K)
}
Event: 61.918 {heap Before GC invocations=69 (full 0):
 garbage-first heap   total reserved 8388608K, committed 819200K, used 728074K [0x0000000600000000, 0x0000000800000000)
  region size 4096K, 120 young (491520K), 5 survivors (20480K)
}
Event: 61.945 {heap After GC invocations=70 (full 0):
 garbage-first heap   total reserved 8388608K, committed 819200K, used 292477K [0x0000000600000000, 0x0000000800000000)
  region size 4096K, 15 young (61440K), 15 survivors (61440K)
}
Event: 65.475 {heap Before GC invocations=70 (full 0):
 garbage-first heap   total reserved 8388608K, committed 819200K, used 743037K [0x0000000600000000, 0x0000000800000000)
  region size 4096K, 120 young (491520K), 15 survivors (61440K)
}
Event: 65.484 {heap After GC invocations=71 (full 0):
 garbage-first heap   total reserved 8388608K, committed 819200K, used 241817K [0x0000000600000000, 0x0000000800000000)
  region size 4096K, 3 young (12288K), 3 survivors (12288K)
}
Event: 69.370 {heap Before GC invocations=71 (full 0):
 garbage-first heap   total reserved 8388608K, committed 819200K, used 716953K [0x0000000600000000, 0x0000000800000000)
  region size 4096K, 120 young (491520K), 3 survivors (12288K)
}
Event: 69.375 {heap After GC invocations=72 (full 0):
 garbage-first heap   total reserved 8388608K, committed 819200K, used 238700K [0x0000000600000000, 0x0000000800000000)
  region size 4096K, 2 young (8192K), 2 survivors (8192K)
}
Event: 71.888 {heap Before GC invocations=73 (full 0):
 garbage-first heap   total reserved 8388608K, committed 806912K, used 709740K [0x0000000600000000, 0x0000000800000000)
  region size 4096K, 118 young (483328K), 2 survivors (8192K)
}
Event: 71.894 {heap After GC invocations=74 (full 0):
 garbage-first heap   total reserved 8388608K, committed 806912K, used 237628K [0x0000000600000000, 0x0000000800000000)
  region size 4096K, 2 young (8192K), 2 survivors (8192K)
}

Metaspace Usage History (20 events):
Event: 53.843 {metaspace Before GC invocations=61 (full 0):
 Metaspace       used 248551K, committed 250880K, reserved 1310720K
  class space    used 34333K, committed 35392K, reserved 1048576K
}
Event: 53.853 {metaspace After GC invocations=62 (full 0):
 Metaspace       used 248551K, committed 250880K, reserved 1310720K
  class space    used 34333K, committed 35392K, reserved 1048576K
}
Event: 54.484 {metaspace Before GC invocations=62 (full 0):
 Metaspace       used 253306K, committed 255680K, reserved 1310720K
  class space    used 35079K, committed 36160K, reserved 1048576K
}
Event: 54.497 {metaspace After GC invocations=63 (full 0):
 Metaspace       used 253306K, committed 255680K, reserved 1310720K
  class space    used 35079K, committed 36160K, reserved 1048576K
}
Event: 55.067 {metaspace Before GC invocations=63 (full 0):
 Metaspace       used 258504K, committed 260864K, reserved 1310720K
  class space    used 35900K, committed 36992K, reserved 1048576K
}
Event: 55.084 {metaspace After GC invocations=64 (full 0):
 Metaspace       used 258504K, committed 260864K, reserved 1310720K
  class space    used 35900K, committed 36992K, reserved 1048576K
}
Event: 55.896 {metaspace Before GC invocations=65 (full 0):
 Metaspace       used 260844K, committed 263168K, reserved 1310720K
  class space    used 36251K, committed 37312K, reserved 1048576K
}
Event: 55.914 {metaspace After GC invocations=66 (full 0):
 Metaspace       used 260844K, committed 263168K, reserved 1310720K
  class space    used 36251K, committed 37312K, reserved 1048576K
}
Event: 57.420 {metaspace Before GC invocations=66 (full 0):
 Metaspace       used 261362K, committed 263680K, reserved 1310720K
  class space    used 36268K, committed 37312K, reserved 1048576K
}
Event: 57.431 {metaspace After GC invocations=67 (full 0):
 Metaspace       used 261362K, committed 263680K, reserved 1310720K
  class space    used 36268K, committed 37312K, reserved 1048576K
}
Event: 59.536 {metaspace Before GC invocations=67 (full 0):
 Metaspace       used 261457K, committed 263808K, reserved 1310720K
  class space    used 36274K, committed 37376K, reserved 1048576K
}
Event: 59.543 {metaspace After GC invocations=68 (full 0):
 Metaspace       used 261457K, committed 263808K, reserved 1310720K
  class space    used 36274K, committed 37376K, reserved 1048576K
}
Event: 61.918 {metaspace Before GC invocations=69 (full 0):
 Metaspace       used 264170K, committed 266560K, reserved 1310720K
  class space    used 36626K, committed 37760K, reserved 1048576K
}
Event: 61.945 {metaspace After GC invocations=70 (full 0):
 Metaspace       used 264170K, committed 266560K, reserved 1310720K
  class space    used 36626K, committed 37760K, reserved 1048576K
}
Event: 65.475 {metaspace Before GC invocations=70 (full 0):
 Metaspace       used 265574K, committed 267968K, reserved 1310720K
  class space    used 36777K, committed 37888K, reserved 1048576K
}
Event: 65.484 {metaspace After GC invocations=71 (full 0):
 Metaspace       used 265574K, committed 267968K, reserved 1310720K
  class space    used 36777K, committed 37888K, reserved 1048576K
}
Event: 69.370 {metaspace Before GC invocations=71 (full 0):
 Metaspace       used 269104K, committed 271552K, reserved 1310720K
  class space    used 37158K, committed 38272K, reserved 1048576K
}
Event: 69.375 {metaspace After GC invocations=72 (full 0):
 Metaspace       used 269104K, committed 271552K, reserved 1310720K
  class space    used 37158K, committed 38272K, reserved 1048576K
}
Event: 71.888 {metaspace Before GC invocations=73 (full 0):
 Metaspace       used 271209K, committed 273600K, reserved 1310720K
  class space    used 37441K, committed 38528K, reserved 1048576K
}
Event: 71.894 {metaspace After GC invocations=74 (full 0):
 Metaspace       used 271209K, committed 273600K, reserved 1310720K
  class space    used 37441K, committed 38528K, reserved 1048576K
}

Dll operation events (3 events):
Event: 0.013 Loaded shared library C:\Users\guran1\jbr\bin\java.dll
Event: 0.017 Loaded shared library C:\Users\guran1\jbr\bin\zip.dll
Event: 0.504 Loaded shared library C:\Users\guran1\jbr\bin\verify.dll

Deoptimization events (20 events):
Event: 72.681 Thread 0x000001dd462abfb0 Uncommon trap: trap_request=0xffffffde fr.pc=0x000001dd1f9f8b1c relative=0x000000000000081c
Event: 72.681 Thread 0x000001dd462abfb0 Uncommon trap: reason=class_check action=maybe_recompile pc=0x000001dd1f9f8b1c method=kotlin.collections.CollectionsKt___CollectionsKt.joinTo(Ljava/lang/Iterable;Ljava/lang/Appendable;Ljava/lang/CharSequence;Ljava/lang/CharSequence;Ljava/lang/CharSequence
Event: 72.681 Thread 0x000001dd462abfb0 DEOPT PACKING pc=0x000001dd1f9f8b1c sp=0x000000c6dfdfb3f0
Event: 72.681 Thread 0x000001dd462abfb0 DEOPT UNPACKING pc=0x000001dd1edf7e02 sp=0x000000c6dfdfb390 mode 2
Event: 72.681 Thread 0x000001dd462abfb0 Uncommon trap: trap_request=0xffffffde fr.pc=0x000001dd1f945c88 relative=0x0000000000000308
Event: 72.681 Thread 0x000001dd462abfb0 Uncommon trap: reason=class_check action=maybe_recompile pc=0x000001dd1f945c88 method=kotlin.text.StringsKt__AppendableKt.appendElement(Ljava/lang/Appendable;Ljava/lang/Object;Lkotlin/jvm/functions/Function1;)V @ 23 c2
Event: 72.681 Thread 0x000001dd462abfb0 DEOPT PACKING pc=0x000001dd1f945c88 sp=0x000000c6dfdfb360
Event: 72.681 Thread 0x000001dd462abfb0 DEOPT UNPACKING pc=0x000001dd1edf7e02 sp=0x000000c6dfdfb318 mode 2
Event: 72.867 Thread 0x000001dd53263400 Uncommon trap: trap_request=0xffffff5e fr.pc=0x000001dd20603880 relative=0x0000000000000200
Event: 72.867 Thread 0x000001dd53263400 Uncommon trap: reason=speculate_class_check action=maybe_recompile pc=0x000001dd20603880 method=com.google.common.util.concurrent.AbstractFuture.complete(Lcom/google/common/util/concurrent/AbstractFuture;Z)V @ 19 c2
Event: 72.867 Thread 0x000001dd53263400 DEOPT PACKING pc=0x000001dd20603880 sp=0x000000c6e74fddd0
Event: 72.867 Thread 0x000001dd53263400 DEOPT UNPACKING pc=0x000001dd1edf7e02 sp=0x000000c6e74fdcc0 mode 2
Event: 72.867 Thread 0x000001dd53263400 Uncommon trap: trap_request=0xffffff5e fr.pc=0x000001dd20603880 relative=0x0000000000000200
Event: 72.867 Thread 0x000001dd53263400 Uncommon trap: reason=speculate_class_check action=maybe_recompile pc=0x000001dd20603880 method=com.google.common.util.concurrent.AbstractFuture.complete(Lcom/google/common/util/concurrent/AbstractFuture;Z)V @ 19 c2
Event: 72.867 Thread 0x000001dd53263400 DEOPT PACKING pc=0x000001dd20603880 sp=0x000000c6e74fdc20
Event: 72.867 Thread 0x000001dd53263400 DEOPT UNPACKING pc=0x000001dd1edf7e02 sp=0x000000c6e74fdb10 mode 2
Event: 72.867 Thread 0x000001dd53263400 Uncommon trap: trap_request=0xffffff5e fr.pc=0x000001dd20603880 relative=0x0000000000000200
Event: 72.867 Thread 0x000001dd53263400 Uncommon trap: reason=speculate_class_check action=maybe_recompile pc=0x000001dd20603880 method=com.google.common.util.concurrent.AbstractFuture.complete(Lcom/google/common/util/concurrent/AbstractFuture;Z)V @ 19 c2
Event: 72.867 Thread 0x000001dd53263400 DEOPT PACKING pc=0x000001dd20603880 sp=0x000000c6e74fdc20
Event: 72.867 Thread 0x000001dd53263400 DEOPT UNPACKING pc=0x000001dd1edf7e02 sp=0x000000c6e74fdb20 mode 2

Classes loaded (20 events):
Event: 71.789 Loading class javax/management/MBeanRegistrationException
Event: 71.789 Loading class javax/management/MBeanException
Event: 71.789 Loading class javax/management/MBeanException done
Event: 71.789 Loading class javax/management/MBeanRegistrationException done
Event: 71.789 Loading class javax/management/NotCompliantMBeanException
Event: 71.789 Loading class javax/management/NotCompliantMBeanException done
Event: 71.791 Loading class javax/management/AttributeNotFoundException
Event: 71.791 Loading class javax/management/AttributeNotFoundException done
Event: 71.791 Loading class javax/management/ReflectionException
Event: 71.792 Loading class javax/management/ReflectionException done
Event: 71.792 Loading class javax/management/InstanceNotFoundException
Event: 71.792 Loading class javax/management/InstanceNotFoundException done
Event: 71.796 Loading class sun/reflect/misc/MethodUtil
Event: 71.796 Loading class sun/reflect/misc/MethodUtil done
Event: 71.796 Loading class sun/reflect/misc/MethodUtil$1
Event: 71.796 Loading class sun/reflect/misc/MethodUtil$1 done
Event: 72.135 Loading class java/nio/channels/Channels$WritableByteChannelImpl
Event: 72.138 Loading class java/nio/channels/Channels$WritableByteChannelImpl done
Event: 72.474 Loading class java/util/AbstractList$RandomAccessSpliterator
Event: 72.474 Loading class java/util/AbstractList$RandomAccessSpliterator done

Classes unloaded (20 events):
Event: 59.683 Thread 0x000001dd39a59530 Unloading class 0x00000000a0f0f008 'jdk/internal/jimage/BasicImageReader$1'
Event: 59.683 Thread 0x000001dd39a59530 Unloading class 0x00000000a0f0ed58 'jdk/internal/jimage/ImageReader$Resource'
Event: 59.683 Thread 0x000001dd39a59530 Unloading class 0x00000000a0f0eaa8 'jdk/internal/jimage/ImageReader$LinkNode'
Event: 59.683 Thread 0x000001dd39a59530 Unloading class 0x00000000a0f0e7f8 'jdk/internal/jimage/ImageReader$Directory'
Event: 59.683 Thread 0x000001dd39a59530 Unloading class 0x00000000a0f0e548 'jdk/internal/jimage/ImageReader$Node'
Event: 59.683 Thread 0x000001dd39a59530 Unloading class 0x00000000a0f0e308 'jdk/internal/jimage/ImageStrings'
Event: 59.683 Thread 0x000001dd39a59530 Unloading class 0x00000000a0f0e000 'jdk/internal/jimage/ImageReader$SharedImageReader'
Event: 59.683 Thread 0x000001dd39a59530 Unloading class 0x00000000a0f0dc30 'jdk/internal/jimage/BasicImageReader'
Event: 59.683 Thread 0x000001dd39a59530 Unloading class 0x00000000a0f0d9c8 'jdk/internal/jimage/ImageReader'
Event: 59.683 Thread 0x000001dd39a59530 Unloading class 0x00000000a0f0d758 'jdk/internal/jrtfs/SystemImage$2'
Event: 59.683 Thread 0x000001dd39a59530 Unloading class 0x00000000a0f0d4f8 'jdk/internal/jrtfs/SystemImage$$Lambda+0x00000000a0f0d4f8'
Event: 59.683 Thread 0x000001dd39a59530 Unloading class 0x00000000a0f0d280 'jdk/internal/jrtfs/ExplodedImage'
Event: 59.683 Thread 0x000001dd39a59530 Unloading class 0x00000000a0f0d000 'jdk/internal/jrtfs/SystemImage$1'
Event: 59.683 Thread 0x000001dd39a59530 Unloading class 0x00000000a0f0cd00 'jdk/internal/jrtfs/SystemImage'
Event: 59.683 Thread 0x000001dd39a59530 Unloading class 0x00000000a0f0ca58 'jdk/internal/jrtfs/JrtFileStore'
Event: 59.683 Thread 0x000001dd39a59530 Unloading class 0x00000000a0f0c678 'jdk/internal/jrtfs/JrtPath'
Event: 59.683 Thread 0x000001dd39a59530 Unloading class 0x00000000a0f0c338 'jdk/internal/jrtfs/JrtFileSystem'
Event: 59.683 Thread 0x000001dd39a59530 Unloading class 0x00000000a0f0c000 'jdk/internal/jrtfs/JrtFileSystemProvider'
Event: 69.526 Thread 0x000001dd39a59530 Unloading class 0x00000000a14d0400 'java/lang/invoke/LambdaForm$DMH+0x00000000a14d0400'
Event: 69.526 Thread 0x000001dd39a59530 Unloading class 0x00000000a13c8000 'java/lang/invoke/LambdaForm$DMH+0x00000000a13c8000'

Classes redefined (0 events):
No events

Internal exceptions (20 events):
Event: 72.901 Thread 0x000001dd462ae6c0 Exception <a 'sun/nio/fs/WindowsException'{0x0000000625bc5720}> (0x0000000625bc5720) 
thrown [s\src\hotspot\share\prims\jni.cpp, line 535]
Event: 72.901 Thread 0x000001dd462ae6c0 Exception <a 'sun/nio/fs/WindowsException'{0x0000000625bc6320}> (0x0000000625bc6320) 
thrown [s\src\hotspot\share\prims\jni.cpp, line 535]
Event: 72.903 Thread 0x000001dd462ae6c0 Exception <a 'sun/nio/fs/WindowsException'{0x0000000625bf18a8}> (0x0000000625bf18a8) 
thrown [s\src\hotspot\share\prims\jni.cpp, line 535]
Event: 72.904 Thread 0x000001dd462ae6c0 Exception <a 'sun/nio/fs/WindowsException'{0x0000000625bf2600}> (0x0000000625bf2600) 
thrown [s\src\hotspot\share\prims\jni.cpp, line 535]
Event: 72.904 Thread 0x000001dd462ae6c0 Exception <a 'sun/nio/fs/WindowsException'{0x0000000625bf3158}> (0x0000000625bf3158) 
thrown [s\src\hotspot\share\prims\jni.cpp, line 535]
Event: 72.905 Thread 0x000001dd462ae6c0 Exception <a 'sun/nio/fs/WindowsException'{0x0000000625bfd780}> (0x0000000625bfd780) 
thrown [s\src\hotspot\share\prims\jni.cpp, line 535]
Event: 72.905 Thread 0x000001dd462ae6c0 Exception <a 'sun/nio/fs/WindowsException'{0x0000000625bfe588}> (0x0000000625bfe588) 
thrown [s\src\hotspot\share\prims\jni.cpp, line 535]
Event: 72.908 Thread 0x000001dd462ae6c0 Exception <a 'sun/nio/fs/WindowsException'{0x00000006253af740}> (0x00000006253af740) 
thrown [s\src\hotspot\share\prims\jni.cpp, line 535]
Event: 72.908 Thread 0x000001dd462ae6c0 Exception <a 'sun/nio/fs/WindowsException'{0x00000006253b1300}> (0x00000006253b1300) 
thrown [s\src\hotspot\share\prims\jni.cpp, line 535]
Event: 72.911 Thread 0x000001dd462ae6c0 Exception <a 'sun/nio/fs/WindowsException'{0x00000006253b7cb0}> (0x00000006253b7cb0) 
thrown [s\src\hotspot\share\prims\jni.cpp, line 535]
Event: 72.911 Thread 0x000001dd462ae6c0 Exception <a 'sun/nio/fs/WindowsException'{0x00000006253b98b0}> (0x00000006253b98b0) 
thrown [s\src\hotspot\share\prims\jni.cpp, line 535]
Event: 72.911 Thread 0x000001dd462ae6c0 Exception <a 'sun/nio/fs/WindowsException'{0x00000006253bb3f0}> (0x00000006253bb3f0) 
thrown [s\src\hotspot\share\prims\jni.cpp, line 535]
Event: 72.911 Thread 0x000001dd462ae6c0 Exception <a 'sun/nio/fs/WindowsException'{0x00000006253bcf98}> (0x00000006253bcf98) 
thrown [s\src\hotspot\share\prims\jni.cpp, line 535]
Event: 75.521 Thread 0x000001dd53265340 Exception <a 'sun/nio/fs/WindowsException'{0x0000000624dd1e10}> (0x0000000624dd1e10) 
thrown [s\src\hotspot\share\prims\jni.cpp, line 535]
Event: 75.521 Thread 0x000001dd53265340 Exception <a 'sun/nio/fs/WindowsException'{0x0000000624dd2f88}> (0x0000000624dd2f88) 
thrown [s\src\hotspot\share\prims\jni.cpp, line 535]
Event: 75.522 Thread 0x000001dd53265340 Exception <a 'sun/nio/fs/WindowsException'{0x0000000624dd4c50}> (0x0000000624dd4c50) 
thrown [s\src\hotspot\share\prims\jni.cpp, line 535]
Event: 81.747 Thread 0x000001dd43718980 Exception <a 'sun/nio/fs/WindowsException'{0x0000000624644d68}> (0x0000000624644d68) 
thrown [s\src\hotspot\share\prims\jni.cpp, line 535]
Event: 81.753 Thread 0x000001dd43718980 Exception <a 'sun/nio/fs/WindowsException'{0x0000000624119bb0}> (0x0000000624119bb0) 
thrown [s\src\hotspot\share\prims\jni.cpp, line 535]
Event: 81.753 Thread 0x000001dd43718980 Exception <a 'sun/nio/fs/WindowsException'{0x000000062411b438}> (0x000000062411b438) 
thrown [s\src\hotspot\share\prims\jni.cpp, line 535]
Event: 81.761 Thread 0x000001dd43718980 Exception <a 'sun/nio/fs/WindowsException'{0x0000000623c0bf18}> (0x0000000623c0bf18) 
thrown [s\src\hotspot\share\prims\jni.cpp, line 535]

VM Operations (20 events):
Event: 69.595 Executing safepoint VM operation: G1PauseCleanup
Event: 69.595 Executing safepoint VM operation: G1PauseCleanup done
Event: 70.088 Executing non-safepoint VM operation: HandshakeAllThreads (Deoptimize)
Event: 70.089 Executing non-safepoint VM operation: HandshakeAllThreads (Deoptimize) done
Event: 70.095 Executing non-safepoint VM operation: HandshakeAllThreads (Deoptimize)
Event: 70.096 Executing non-safepoint VM operation: HandshakeAllThreads (Deoptimize) done
Event: 70.121 Executing non-safepoint VM operation: HandshakeAllThreads (Deoptimize)
Event: 70.121 Executing non-safepoint VM operation: HandshakeAllThreads (Deoptimize) done
Event: 70.243 Executing non-safepoint VM operation: HandshakeAllThreads (Deoptimize)
Event: 70.243 Executing non-safepoint VM operation: HandshakeAllThreads (Deoptimize) done
Event: 70.701 Executing non-safepoint VM operation: HandshakeAllThreads (Deoptimize)
Event: 70.701 Executing non-safepoint VM operation: HandshakeAllThreads (Deoptimize) done
Event: 71.594 Executing non-safepoint VM operation: HandshakeAllThreads (Deoptimize)
Event: 71.594 Executing non-safepoint VM operation: HandshakeAllThreads (Deoptimize) done
Event: 71.766 Executing non-safepoint VM operation: HandshakeAllThreads (Deoptimize)
Event: 71.767 Executing non-safepoint VM operation: HandshakeAllThreads (Deoptimize) done
Event: 71.814 Executing non-safepoint VM operation: HandshakeAllThreads (Deoptimize)
Event: 71.814 Executing non-safepoint VM operation: HandshakeAllThreads (Deoptimize) done
Event: 71.888 Executing safepoint VM operation: G1CollectForAllocation (G1 Evacuation Pause)
Event: 71.894 Executing safepoint VM operation: G1CollectForAllocation (G1 Evacuation Pause) done

Memory protections (0 events):
No events

Nmethod flushes (20 events):
Event: 69.546 Thread 0x000001dd39a59530 flushing  nmethod 0x000001dd12170588
Event: 69.546 Thread 0x000001dd39a59530 flushing  nmethod 0x000001dd12171388
Event: 69.546 Thread 0x000001dd39a59530 flushing  nmethod 0x000001dd12171f88
Event: 69.546 Thread 0x000001dd39a59530 flushing  nmethod 0x000001dd121c8b08
Event: 69.546 Thread 0x000001dd39a59530 flushing  nmethod 0x000001dd121c9c08
Event: 69.546 Thread 0x000001dd39a59530 flushing  nmethod 0x000001dd121caf88
Event: 69.546 Thread 0x000001dd39a59530 flushing  nmethod 0x000001dd121cbc88
Event: 69.546 Thread 0x000001dd39a59530 flushing  nmethod 0x000001dd121cc288
Event: 69.546 Thread 0x000001dd39a59530 flushing  nmethod 0x000001dd121cd308
Event: 69.546 Thread 0x000001dd39a59530 flushing  nmethod 0x000001dd121cf808
Event: 69.546 Thread 0x000001dd39a59530 flushing  nmethod 0x000001dd121d0a88
Event: 69.546 Thread 0x000001dd39a59530 flushing  nmethod 0x000001dd121d1108
Event: 69.546 Thread 0x000001dd39a59530 flushing  nmethod 0x000001dd121d1408
Event: 69.546 Thread 0x000001dd39a59530 flushing  nmethod 0x000001dd121d1808
Event: 69.546 Thread 0x000001dd39a59530 flushing  nmethod 0x000001dd1221df08
Event: 69.546 Thread 0x000001dd39a59530 flushing  nmethod 0x000001dd1221e208
Event: 69.546 Thread 0x000001dd39a59530 flushing  nmethod 0x000001dd1221ed88
Event: 69.546 Thread 0x000001dd39a59530 flushing  nmethod 0x000001dd12290008
Event: 69.546 Thread 0x000001dd39a59530 flushing  nmethod 0x000001dd12290888
Event: 69.546 Thread 0x000001dd39a59530 flushing  nmethod 0x000001dd12292a08

Events (20 events):
Event: 65.498 Thread 0x000001dd4618be40 Thread added: 0x000001dd539a5080
Event: 65.498 Thread 0x000001dd46194ae0 Thread added: 0x000001dd539a96d0
Event: 65.498 Thread 0x000001dd46191c00 Thread added: 0x000001dd539a9ea0
Event: 65.921 Thread 0x000001dd5325d640 Thread added: 0x000001dd539af490
Event: 65.954 Thread 0x000001dd53985c80 Thread added: 0x000001dd539abde0
Event: 68.178 Thread 0x000001dd658cbb90 Thread exited: 0x000001dd658cbb90
Event: 68.484 Thread 0x000001dd5161bb40 Thread exited: 0x000001dd5161bb40
Event: 68.761 Thread 0x000001dd3c6e1f60 Thread added: 0x000001dd658ca360
Event: 68.766 Thread 0x000001dd3c6e1f60 Thread added: 0x000001dd658c9b50
Event: 69.382 Thread 0x000001dd539af490 Thread exited: 0x000001dd539af490
Event: 69.555 Thread 0x000001dd539854b0 Thread exited: 0x000001dd539854b0
Event: 69.677 Thread 0x000001dd53262c30 Thread added: 0x000001dd53986c20
Event: 69.677 Thread 0x000001dd53258ff0 Thread added: 0x000001dd539854b0
Event: 69.716 Thread 0x000001dd53258ff0 Thread added: 0x000001dd5398f8c0
Event: 69.716 Thread 0x000001dd53258ff0 Thread added: 0x000001dd5398d980
Event: 71.287 Thread 0x000001dd658c9b50 Thread exited: 0x000001dd658c9b50
Event: 71.423 Thread 0x000001dd3c6e1f60 Thread added: 0x000001dd5d364450
Event: 73.721 Thread 0x000001dd4507d610 Thread exited: 0x000001dd4507d610
Event: 73.825 Thread 0x000001dd658ca360 Thread exited: 0x000001dd658ca360
Event: 73.825 Thread 0x000001dd5d364450 Thread exited: 0x000001dd5d364450


Dynamic libraries:
0x00007ff6a9a10000 - 0x00007ff6a9a1a000 	C:\Users\guran1\jbr\bin\java.exe
0x00007ff89ee40000 - 0x00007ff89f0a7000 	C:\WINDOWS\SYSTEM32\ntdll.dll
0x00007ff89d740000 - 0x00007ff89d80a000 	C:\WINDOWS\System32\KERNEL32.DLL
0x00007ff89c490000 - 0x00007ff89c892000 	C:\WINDOWS\System32\KERNELBASE.dll
0x00007ff89c1c0000 - 0x00007ff89c30c000 	C:\WINDOWS\System32\ucrtbase.dll
0x00007ff82bf70000 - 0x00007ff82bf86000 	C:\Users\guran1\jbr\bin\jli.dll
0x00007ff85e4f0000 - 0x00007ff85e50b000 	C:\Users\guran1\jbr\bin\VCRUNTIME140.dll
0x00007ff89ddd0000 - 0x00007ff89df9f000 	C:\WINDOWS\System32\USER32.dll
0x00007ff89c310000 - 0x00007ff89c337000 	C:\WINDOWS\System32\win32u.dll
0x00007ff884950000 - 0x00007ff884be0000 	C:\WINDOWS\WinSxS\amd64_microsoft.windows.common-controls_6595b64144ccf1df_6.0.26100.9278_none_3e0d1ba8e3303201\COMCTL32.dll
0x00007ff89eba0000 - 0x00007ff89ebcb000 	C:\WINDOWS\System32\GDI32.dll
0x00007ff89e140000 - 0x00007ff89e1e9000 	C:\WINDOWS\System32\msvcrt.dll
0x00007ff89c090000 - 0x00007ff89c1b9000 	C:\WINDOWS\System32\gdi32full.dll
0x00007ff89c950000 - 0x00007ff89c9f3000 	C:\WINDOWS\System32\msvcp_win.dll
0x00007ff89edb0000 - 0x00007ff89ede1000 	C:\WINDOWS\System32\IMM32.DLL
0x00007ff876fd0000 - 0x00007ff876fdc000 	C:\Users\guran1\jbr\bin\vcruntime140_1.dll
0x00007ffffa4c0000 - 0x00007ffffa54d000 	C:\Users\guran1\jbr\bin\msvcp140.dll
0x00007fffe7970000 - 0x00007fffe884a000 	C:\Users\guran1\jbr\bin\server\jvm.dll
0x00007ff89e570000 - 0x00007ff89e62c000 	C:\WINDOWS\System32\ADVAPI32.dll
0x00007ff89d810000 - 0x00007ff89d8b9000 	C:\WINDOWS\System32\sechost.dll
0x00007ff89d8c0000 - 0x00007ff89d9d8000 	C:\WINDOWS\System32\RPCRT4.dll
0x00007ff89e040000 - 0x00007ff89e0c0000 	C:\WINDOWS\System32\WS2_32.dll
0x00007ff89bef0000 - 0x00007ff89bf4e000 	C:\WINDOWS\SYSTEM32\POWRPROF.dll
0x00007ff88de70000 - 0x00007ff88dea6000 	C:\WINDOWS\SYSTEM32\WINMM.dll
0x00007ff893b00000 - 0x00007ff893b0b000 	C:\WINDOWS\SYSTEM32\VERSION.dll
0x00007ff89bed0000 - 0x00007ff89bee5000 	C:\WINDOWS\SYSTEM32\UMPDC.dll
0x00007ff89ada0000 - 0x00007ff89adbb000 	C:\WINDOWS\SYSTEM32\kernel.appcore.dll
0x00007ff873180000 - 0x00007ff87318a000 	C:\Users\guran1\jbr\bin\jimage.dll
0x00007ff892a30000 - 0x00007ff892c72000 	C:\WINDOWS\SYSTEM32\DBGHELP.DLL
0x00007ff89cc10000 - 0x00007ff89cf94000 	C:\WINDOWS\System32\combase.dll
0x00007ff89e490000 - 0x00007ff89e569000 	C:\WINDOWS\System32\OLEAUT32.dll
0x00007ff881970000 - 0x00007ff8819ab000 	C:\WINDOWS\SYSTEM32\dbgcore.DLL
0x00007ff89c8a0000 - 0x00007ff89c94c000 	C:\WINDOWS\System32\bcryptPrimitives.dll
0x00007ff856eb0000 - 0x00007ff856ebe000 	C:\Users\guran1\jbr\bin\instrument.dll
0x00007ff82bf50000 - 0x00007ff82bf6f000 	C:\Users\guran1\jbr\bin\java.dll
0x00007ff89e2f0000 - 0x00007ff89e489000 	C:\WINDOWS\System32\ole32.dll
0x00007ff89cfa0000 - 0x00007ff89d738000 	C:\WINDOWS\System32\SHELL32.dll
0x00007ff82bf30000 - 0x00007ff82bf47000 	C:\Users\guran1\jbr\bin\zip.dll
0x00007ff899b60000 - 0x00007ff89a40e000 	C:\WINDOWS\SYSTEM32\windows.storage.dll
0x00007ff89d9e0000 - 0x00007ff89dadb000 	C:\WINDOWS\System32\SHCORE.dll
0x00007ff89dd60000 - 0x00007ff89ddc6000 	C:\WINDOWS\System32\shlwapi.dll
0x00007ff89bfb0000 - 0x00007ff89bfd9000 	C:\WINDOWS\SYSTEM32\profapi.dll
0x00007ff867e50000 - 0x00007ff867e60000 	C:\Users\guran1\jbr\bin\net.dll
0x00007ff89b350000 - 0x00007ff89b3bc000 	C:\WINDOWS\system32\mswsock.dll
0x00007ff82bd10000 - 0x00007ff82bd26000 	C:\Users\guran1\jbr\bin\nio.dll
0x00007ff85e4e0000 - 0x00007ff85e4f0000 	C:\Users\guran1\jbr\bin\verify.dll
0x00007ff824010000 - 0x00007ff824037000 	C:\Users\guran\.gradle\native\1def1411415f61bf3af743bc5b6707747c0891f09f0c88961ee8f79bc544acac\windows-amd64\native-platform.dll
0x00007ffffaba0000 - 0x00007ffffac17000 	C:\Users\guran\.gradle\native\0.2.8\x86_64-windows-gnu\gradle-fileevents.dll
0x00007ff858e30000 - 0x00007ff858e39000 	C:\Users\guran1\jbr\bin\management.dll
0x00007ff857070000 - 0x00007ff85707b000 	C:\Users\guran1\jbr\bin\management_ext.dll
0x00007ff89e130000 - 0x00007ff89e138000 	C:\WINDOWS\System32\PSAPI.DLL
0x00007ff89a750000 - 0x00007ff89a783000 	C:\WINDOWS\SYSTEM32\IPHLPAPI.DLL
0x00007ff89dfb0000 - 0x00007ff89dfba000 	C:\WINDOWS\System32\NSI.dll
0x00007ff856fd0000 - 0x00007ff856fd9000 	C:\Users\guran1\jbr\bin\extnet.dll
0x00007ff89b630000 - 0x00007ff89b64b000 	C:\WINDOWS\SYSTEM32\CRYPTSP.dll
0x00007ff89ad00000 - 0x00007ff89ad39000 	C:\WINDOWS\system32\rsaenh.dll
0x00007ff89b3f0000 - 0x00007ff89b424000 	C:\WINDOWS\SYSTEM32\USERENV.dll
0x00007ff89bf80000 - 0x00007ff89bfaa000 	C:\WINDOWS\SYSTEM32\bcrypt.dll
0x00007ff89b650000 - 0x00007ff89b65c000 	C:\WINDOWS\SYSTEM32\CRYPTBASE.dll
0x00007ff86a8a0000 - 0x00007ff86a8a8000 	C:\WINDOWS\system32\wshunix.dll
0x00007ff855b70000 - 0x00007ff855b77000 	C:\Users\guran1\jbr\bin\rmi.dll
0x00007ff89aef0000 - 0x00007ff89af26000 	C:\WINDOWS\SYSTEM32\ntmarta.dll

JVMTI agents:
C:\Users\guran\.gradle\wrapper\dists\gradle-9.1.0-all\7wzd0jkjit61aq2p43wpjgij9\gradle-9.1.0\lib\agents\gradle-instrumentation-agent-9.1.0.jar path:C:\Users\guran1\jbr\bin\instrument.dll, loaded, initialized, instrumentlib options:none

dbghelp: loaded successfully - version: 4.0.5 - missing functions: none
symbol engine: initialized successfully - sym options: 0x614 - pdb path: .;C:\Users\guran1\jbr\bin;C:\WINDOWS\SYSTEM32;C:\WINDOWS\WinSxS\amd64_microsoft.windows.common-controls_6595b64144ccf1df_6.0.26100.9278_none_3e0d1ba8e3303201;C:\Users\guran1\jbr\bin\server;C:\Users\guran\.gradle\native\1def1411415f61bf3af743bc5b6707747c0891f09f0c88961ee8f79bc544acac\windows-amd64;C:\Users\guran\.gradle\native\0.2.8\x86_64-windows-gnu

VM Arguments:
jvm_args: --add-opens=java.base/java.lang=ALL-UNNAMED --add-opens=java.base/java.lang.invoke=ALL-UNNAMED --add-opens=java.base/java.util=ALL-UNNAMED --add-opens=java.prefs/java.util.prefs=ALL-UNNAMED --add-exports=jdk.compiler/com.sun.tools.javac.api=ALL-UNNAMED --add-exports=jdk.compiler/com.sun.tools.javac.util=ALL-UNNAMED --add-opens=java.base/java.util=ALL-UNNAMED --add-opens=java.prefs/java.util.prefs=ALL-UNNAMED --add-opens=java.base/java.nio.charset=ALL-UNNAMED --add-opens=java.base/java.net=ALL-UNNAMED --add-opens=java.base/java.util.concurrent=ALL-UNNAMED --add-opens=java.base/java.util.concurrent.atomic=ALL-UNNAMED --add-opens=java.xml/javax.xml.namespace=ALL-UNNAMED --add-opens=java.base/java.time=ALL-UNNAMED --enable-native-access=ALL-UNNAMED -XX:MaxMetaspaceSize=4G -XX:ReservedCodeCacheSize=512m -XX:+HeapDumpOnOutOfMemoryError -Xmx8G -Dfile.encoding=UTF-8 -Duser.country=US -Duser.language=en -Duser.variant -javaagent:C:\Users\guran\.gradle\wrapper\dists\gradle-9.1.0-all\7wzd0jkjit61aq2p43wpjgij9\gradle-9.1.0\lib\agents\gradle-instrumentation-agent-9.1.0.jar 
java_command: org.gradle.launcher.daemon.bootstrap.GradleDaemon 9.1.0
java_class_path (initial): C:\Users\guran\.gradle\wrapper\dists\gradle-9.1.0-all\7wzd0jkjit61aq2p43wpjgij9\gradle-9.1.0\lib\gradle-daemon-main-9.1.0.jar
Launcher Type: SUN_STANDARD

[Global flags]
     intx CICompilerCount                          = 4                                         {product} {ergonomic}
     uint ConcGCThreads                            = 3                                         {product} {ergonomic}
     uint G1ConcRefinementThreads                  = 10                                        {product} {ergonomic}
   size_t G1HeapRegionSize                         = 4194304                                   {product} {ergonomic}
     bool HeapDumpOnOutOfMemoryError               = true                                   {manageable} {command line}
   size_t InitialHeapSize                          = 260046848                                 {product} {ergonomic}
   size_t MarkStackSize                            = 4194304                                   {product} {ergonomic}
   size_t MarkStackSizeMax                         = 536870912                                 {product} {ergonomic}
   size_t MaxHeapSize                              = 8589934592                                {product} {command line}
   size_t MaxMetaspaceSize                         = 4294967296                                {product} {command line}
   size_t MaxNewSize                               = 5150605312                                {product} {ergonomic}
   size_t MinHeapDeltaBytes                        = 4194304                                   {product} {ergonomic}
   size_t MinHeapSize                              = 8388608                                   {product} {ergonomic}
    uintx NonNMethodCodeHeapSize                   = 5832704                                {pd product} {ergonomic}
    uintx NonProfiledCodeHeapSize                  = 265551872                              {pd product} {ergonomic}
    uintx ProfiledCodeHeapSize                     = 265486336                              {pd product} {ergonomic}
    uintx ReservedCodeCacheSize                    = 536870912                              {pd product} {command line, ergonomic}
     bool SegmentedCodeCache                       = true                                      {product} {ergonomic}
   size_t SoftMaxHeapSize                          = 8589934592                             {manageable} {ergonomic}
     bool UseCompressedOops                        = true                           {product lp64_product} {ergonomic}
     bool UseG1GC                                  = true                                      {product} {ergonomic}
     bool UseLargePagesIndividualAllocation        = false                                  {pd product} {ergonomic}

Logging:
Log output configuration:
 #0: stdout all=warning uptime,level,tags foldmultilines=false
 #1: stderr all=off uptime,level,tags foldmultilines=false

Release file:
JAVA_VERSION="25.0.2" 
MODULES="java.base java.compiler java.datatransfer java.xml java.prefs java.desktop java.instrument java.logging java.management java.security.sasl java.naming java.rmi java.management.rmi java.net.http java.scripting java.security.jgss java.transaction.xa java.sql java.sql.rowset java.xml.crypto java.se java.smartcardio jdk.accessibility jdk.internal.jvmstat jdk.attach jdk.charsets jdk.internal.opt jdk.zipfs jdk.compiler jdk.crypto.cryptoki jdk.crypto.ec jdk.dynalink jdk.hotspot.agent jdk.httpserver jdk.internal.ed jdk.internal.le jdk.internal.md jdk.internal.vm.ci jdk.jartool jdk.javadoc jdk.jcmd jdk.jdeps jdk.jdwp.agent jdk.jdi jdk.jfr jdk.jlink jdk.localedata jdk.management jdk.management.agent jdk.management.jfr jdk.naming.dns jdk.naming.rmi jdk.net jdk.sctp jdk.security.auth jdk.security.jgss jdk.unsupported jdk.unsupported.desktop jdk.xml.dom" 
IMPLEMENTOR="JetBrains s.r.o." 
JAVA_RUNTIME_VERSION="25.0.2+-15348964-b329.117" 
LIBC="default" 
OS_ARCH="x86_64" 
OS_NAME="Windows" 
SOURCE=".:git:3cf398e84a39" 

Environment Variables:
JAVA_HOME=C:\Users\guran1\jbr
CLASSPATH=C:\Users\guran\Desktop\jarvis_scanner\android\\gradle\wrapper\gradle-wrapper.jar
PATH=C:\Users\guran1\jbr\bin;C:\Users\guran\Downloads\flutter\bin\;C:\Program Files\Common Files\Oracle\Java\javapath;C:\WINDOWS\system32;C:\WINDOWS;C:\WINDOWS\System32\Wbem;C:\WINDOWS\System32\WindowsPowerShell\v1.0\;C:\WINDOWS\System32\OpenSSH\;C:\Program Files (x86)\NVIDIA Corporation\PhysX\Common;C:\Program Files\NVIDIA Corporation\NVIDIA App\NvDLISR;C:\Program Files\dotnet\;C:\Program Files\nodejs\;C:\Users\guran\AppData\Local\Programs\Python\Python313\Scripts\;C:\Users\guran\AppData\Local\Programs\Python\Python313\;C:\Users\guran\AppData\Local\Microsoft\WindowsApps;C:\Users\guran\AppData\Local\Programs\Microsoft VS Code\bin;C:\Users\guran\AppData\Roaming\npm;C:\Users\guran\AppData\Local\GitHubDesktop\bin;C:\Users\guran\Downloads\flutter\bin;C:\Users\guran\.console-ninja\.bin;c:\Users\guran\.vscode\extensions\vscjava.vscode-java-debug-0.59.0\bundled\scripts\noConfigScripts;C:\Users\guran\Downloads\flutter\bin\mingit\cmd
USERNAME=guran
LANG=en_US.UTF-8
OS=Windows_NT
PROCESSOR_IDENTIFIER=AMD64 Family 25 Model 124 Stepping 0, AuthenticAMD
TMP=C:\Users\guran\AppData\Local\Temp
TEMP=C:\Users\guran\AppData\Local\Temp




Compilation memory statistics disabled.

Periodic native trim disabled

JNI global refs:
JNI global refs: 25, weak refs: 0

JNI global refs memory usage: 835, weak refs: 201

Process memory usage:
Resident Set Size: 1481464K (9% of 16011572K total physical memory with 1788280K free physical memory)

OOME stack traces (most recent first):
Classloader memory used:
Loader org.gradle.internal.classloader.VisitableURLClassLoader                         : 111 M
Loader org.gradle.internal.classloader.VisitableURLClassLoader$InstrumentingVisitableURLClassLoader: 86965 K
Loader bootstrap                                                                       : 32742 K
Loader org.gradle.initialization.MixInLegacyTypesClassLoader                           : 14072 K
Loader java.net.URLClassLoader                                                         : 11733 K
Loader jdk.internal.loader.ClassLoaders$AppClassLoader                                 : 10307 K
Loader jdk.internal.jrtfs.JrtFileSystemProvider$JrtFsLoader                            : 888 K
Loader jdk.internal.loader.ClassLoaders$PlatformClassLoader                            : 638 K
Loader org.gradle.internal.classloader.VisitableURLClassLoader                         : 438 K
Loader sun.reflect.misc.MethodUtil                                                     : 2968 B

Classes loaded by more than one classloader:
Class Program                                                                         : loaded 17 times (x 74B)
Class Build_gradle                                                                    : loaded 10 times (x 128B)
Class Build_gradle$2                                                                  : loaded 6 times (x 76B)
Class Build_gradle$1                                                                  : loaded 5 times (x 76B)
Class jdk.internal.jrtfs.JrtFileSystemProvider                                        : loaded 4 times (x 103B)
Class jdk.internal.jimage.ImageLocation                                               : loaded 4 times (x 92B)
Class jdk.internal.jimage.ImageBufferCache$1                                          : loaded 4 times (x 84B)
Class org.jetbrains.kotlin.cli.common.arguments.CommonToolArguments                   : loaded 4 times (x 75B)
Class org.jetbrains.kotlin.cli.common.CompilerSystemProperties$Companion              : loaded 4 times (x 73B)
Class org.gradle.kotlin.dsl.ImplementationConfigurationAccessorsKt                    : loaded 4 times (x 73B)
Class jdk.internal.jrtfs.JrtFileSystem                                                : loaded 4 times (x 104B)
Class org.jetbrains.kotlin.cli.common.messages.CompilerMessageSeverity                : loaded 4 times (x 81B)
Class jdk.internal.jimage.ImageHeader                                                 : loaded 4 times (x 73B)
Class org.jetbrains.kotlin.cli.common.arguments.CommonCompilerArgumentsConfigurator   : loaded 4 times (x 76B)
Class org.jetbrains.kotlin.cli.common.arguments.CommonCompilerArguments               : loaded 4 times (x 76B)
Class jdk.internal.jimage.ImageStrings                                                : loaded 4 times (x 72B)
Class org.jetbrains.kotlin.cli.common.arguments.K2JVMCompilerArguments                : loaded 4 times (x 77B)
Class org.jetbrains.kotlin.cli.common.messages.MessageCollector                       : loaded 4 times (x 72B)
Class org.jetbrains.kotlin.cli.common.arguments.K2JVMCompilerArgumentsConfigurator    : loaded 4 times (x 76B)
Class Build_gradle$3                                                                  : loaded 4 times (x 77B)
Class org.jetbrains.kotlin.cli.common.messages.CompilerMessageSeverity$Companion      : loaded 4 times (x 73B)
Class jdk.internal.jimage.ImageReader$Directory                                       : loaded 4 times (x 86B)
Class jdk.internal.jimage.ImageBufferCache$2                                          : loaded 4 times (x 93B)
Class org.jetbrains.kotlin.util.capitalizeDecapitalize.CapitalizeDecapitalizeKt       : loaded 4 times (x 73B)
Class org.jetbrains.kotlin.cli.common.arguments.Freezable                             : loaded 4 times (x 74B)
Class jdk.internal.jimage.ImageStringsReader                                          : loaded 4 times (x 82B)
Class jdk.internal.jimage.ImageReader                                                 : loaded 4 times (x 77B)
Class org.gradle.kotlin.dsl.TestImplementationConfigurationAccessorsKt                : loaded 4 times (x 73B)
Class jdk.internal.jrtfs.JrtPath                                                      : loaded 4 times (x 124B)
Class jdk.internal.jimage.ImageBufferCache                                            : loaded 4 times (x 73B)
Class [Lorg.jetbrains.kotlin.cli.common.CompilerSystemProperties;                     : loaded 4 times (x 71B)
Class [Lorg.jetbrains.kotlin.cli.common.messages.CompilerMessageSeverity;             : loaded 4 times (x 71B)
Class jdk.internal.jimage.ImageReader$SharedImageReader                               : loaded 4 times (x 97B)
Class jdk.internal.jimage.BasicImageReader                                            : loaded 4 times (x 97B)
Class jdk.internal.jimage.ImageReader$Node                                            : loaded 4 times (x 86B)
Class jdk.internal.jimage.BasicImageReader$1                                          : loaded 4 times (x 79B)
Class org.jetbrains.kotlin.cli.common.CompilerSystemProperties                        : loaded 4 times (x 81B)
Class jdk.internal.jimage.decompressor.Decompressor                                   : loaded 4 times (x 74B)
Class jdk.internal.jimage.ImageReader$Resource                                        : loaded 3 times (x 86B)
Class [Lorg.jetbrains.kotlin.cli.common.ExitCode;                                     : loaded 3 times (x 71B)
Class org.gradle.kotlin.dsl.Accessors7t09xqv4rp34sow31xff10e9cKt                      : loaded 3 times (x 73B)
Class jdk.internal.jrtfs.JrtDirectoryStream                                           : loaded 3 times (x 91B)
Class jdk.internal.jimage.BasicImageReader$2                                          : loaded 3 times (x 79B)
Class jdk.internal.jrtfs.JrtFileAttributes                                            : loaded 3 times (x 85B)
Class [Lorg.jetbrains.kotlin.build.report.metrics.ValueType;                          : loaded 3 times (x 71B)
Class org.jetbrains.kotlin.cli.common.arguments.ArgumentParseErrors                   : loaded 3 times (x 74B)
Class org.jetbrains.kotlin.build.report.metrics.DoNothingBuildMetricsReporter         : loaded 3 times (x 88B)
Class org.jetbrains.kotlin.cli.common.arguments.ParseCommandLineArgumentsKt           : loaded 3 times (x 73B)
Class jdk.internal.jimage.ImageReader$SharedImageReader$LocationVisitor               : loaded 3 times (x 72B)
Class org.jetbrains.kotlin.build.report.metrics.BuildPerformanceMetric                : loaded 3 times (x 74B)
Class org.jetbrains.kotlin.daemon.common.MultiModuleICSettings                        : loaded 3 times (x 74B)
Class org.jetbrains.kotlin.incremental.ClasspathSnapshotFiles$Companion               : loaded 3 times (x 73B)
Class Settings_gradle                                                                 : loaded 3 times (x 126B)
Class org.jetbrains.kotlin.incremental.IncrementalCompilationFeatures                 : loaded 3 times (x 73B)
Class org.jetbrains.kotlin.incremental.IncrementalModuleInfo                          : loaded 3 times (x 74B)
Class org.jetbrains.kotlin.build.report.metrics.BuildMetricsReporter                  : loaded 3 times (x 72B)
Class org.jetbrains.kotlin.cli.common.ExitCode                                        : loaded 3 times (x 81B)
Class org.jetbrains.kotlin.compilerRunner.ArgumentsToStrings                          : loaded 3 times (x 73B)
Class org.jetbrains.kotlin.incremental.ClasspathChanges$ClasspathSnapshotEnabled      : loaded 3 times (x 74B)
Class org.jetbrains.kotlin.cli.common.messages.MessageCollector$Companion$NONE$1      : loaded 3 times (x 78B)
Class jdk.internal.jrtfs.JrtDirectoryStream$1                                         : loaded 3 times (x 85B)
Class org.jetbrains.kotlin.cli.common.messages.MessageCollector$Companion             : loaded 3 times (x 73B)
Class org.jetbrains.kotlin.build.report.metrics.ValueType                             : loaded 3 times (x 81B)
Class org.jetbrains.kotlin.incremental.ClasspathSnapshotFiles                         : loaded 3 times (x 74B)
Class org.jetbrains.kotlin.cli.common.arguments.PreprocessCommandLineArgumentsKt      : loaded 3 times (x 73B)
Class org.jetbrains.kotlin.incremental.IncrementalCompilationFeatures$Companion       : loaded 3 times (x 73B)
Class jdk.internal.jrtfs.SystemImage$2                                                : loaded 3 times (x 78B)
Class jdk.internal.jrtfs.SystemImage$1                                                : loaded 3 times (x 80B)
Class jdk.internal.jimage.ImageReader$LinkNode                                        : loaded 3 times (x 86B)
Class jdk.internal.jrtfs.JrtFileStore                                                 : loaded 3 times (x 85B)
Class org.jetbrains.kotlin.cli.common.messages.MessageRenderer                        : loaded 3 times (x 72B)
Class org.jetbrains.kotlin.cli.common.arguments.Argument                              : loaded 3 times (x 72B)
Class org.jetbrains.kotlin.cli.common.CompilerSystemProperties$value$1                : loaded 3 times (x 131B)
Class org.jetbrains.kotlin.build.report.metrics.GradleBuildPerformanceMetric          : loaded 3 times (x 74B)
Class jdk.internal.jrtfs.SystemImage                                                  : loaded 3 times (x 76B)
Class org.jetbrains.kotlin.incremental.ClasspathChanges                               : loaded 3 times (x 73B)
Class jdk.internal.jrtfs.ExplodedImage                                                : loaded 3 times (x 79B)
Class org.jetbrains.kotlin.cli.common.arguments.ArgumentField                         : loaded 3 times (x 74B)
Class org.jetbrains.kotlin.metadata.deserialization.MetadataVersion$Companion         : loaded 2 times (x 73B)
Class org.jetbrains.kotlin.daemon.common.ReportCategory$Companion                     : loaded 2 times (x 73B)
Class org.jetbrains.kotlin.daemon.common.CompilerId$Companion                         : loaded 2 times (x 73B)
Class kotlin.reflect.jvm.internal.impl.resolve.OverridingUtil$5                       : loaded 2 times (x 77B)
Class kotlin.reflect.jvm.internal.impl.resolve.NonReportingOverrideStrategy           : loaded 2 times (x 78B)
Class kotlin.reflect.jvm.internal.KDeclarationContainerImpl$getMembers$visitor$1      : loaded 2 times (x 106B)
Class kotlin.reflect.jvm.internal.impl.serialization.deserialization.ProtoContainer   : loaded 2 times (x 75B)
Class kotlin.reflect.jvm.internal.impl.metadata.ProtoBuf$Class$Kind                   : loaded 2 times (x 84B)
Class [Lkotlin.reflect.jvm.internal.impl.descriptors.annotations.AnnotatedImpl;       : loaded 2 times (x 71B)
Class kotlin.reflect.jvm.internal.impl.metadata.ProtoBuf$TypeParameter$1              : loaded 2 times (x 89B)
Class kotlin.SafePublicationLazyImpl$Companion                                        : loaded 2 times (x 73B)
Class kotlin.jvm.internal.PropertyReference1Impl                                      : loaded 2 times (x 133B)
Class kotlin.jvm.internal.MutablePropertyReference1                                   : loaded 2 times (x 143B)
Class com.google.common.collect.AbstractMapBasedMultimap$WrappedCollection            : loaded 2 times (x 126B)
Class org.jetbrains.kotlin.gradle.plugin.PropertiesProvider$separateKmpCompilation$1  : loaded 2 times (x 81B)
Class org.jetbrains.kotlin.gradle.plugin.hierarchy.KotlinSourceSetTreeClassifierKt    : loaded 2 times (x 73B)
Class org.jetbrains.kotlin.gradle.report.UsesBuildMetricsService                      : loaded 2 times (x 72B)
Class org.jetbrains.kotlin.gradle.plugin.mpp.compilationImpl.factory.KotlinCompilationImplFactory$KotlinCompilationSourceSetsContainerFactory: loaded 2 times (x 72B)
Class org.jetbrains.kotlin.gradle.utils.MutableObservableSet                          : loaded 2 times (x 72B)
Class org.jetbrains.kotlin.gradle.dsl.KotlinHierarchyDsl                              : loaded 2 times (x 72B)
Class org.jetbrains.kotlin.gradle.utils.ConfigurationCacheOpaqueValueSource           : loaded 2 times (x 81B)
Class org.jetbrains.kotlin.gradle.targets.native.KonanPropertiesBuildService$Companion$registerIfAbsent$2$1: loaded 2 times (x 81B)
Class org.jetbrains.kotlin.gradle.report.BuildReportType                              : loaded 2 times (x 81B)
Class org.jetbrains.kotlin.statistics.metrics.StringAnonymizationPolicy$AllowedListAnonymizer: loaded 2 times (x 81B)
Class com.google.common.collect.ImmutableEnumSet                                      : loaded 2 times (x 148B)
Class com.google.common.util.concurrent.ExecutionError                                : loaded 2 times (x 84B)
Class com.google.common.collect.ImmutableList$1                                       : loaded 2 times (x 99B)
Class org.gradle.api.internal.classpath.ManifestUtil                                  : loaded 2 times (x 73B)
Class org.jetbrains.kotlin.protobuf.GeneratedMessageLite$1                            : loaded 2 times (x 73B)
Class org.jetbrains.kotlin.metadata.ProtoBuf$FunctionOrBuilder                        : loaded 2 times (x 72B)
Class org.jetbrains.kotlin.protobuf.GeneratedMessageLite$ExtendableMessageOrBuilder   : loaded 2 times (x 72B)
Class kotlin.reflect.jvm.internal.calls.CallerImpl$Method                             : loaded 2 times (x 83B)
Class org.jetbrains.org.objectweb.asm.tree.Util                                       : loaded 2 times (x 73B)
Class kotlin.reflect.jvm.internal.impl.resolve.OverridingUtil$6                       : loaded 2 times (x 76B)
Class kotlin.collections.builders.MapBuilder                                          : loaded 2 times (x 114B)
Class kotlin.ranges.IntProgression$Companion                                          : loaded 2 times (x 73B)
Class kotlin.reflect.jvm.internal.impl.protobuf.BoundedByteString                     : loaded 2 times (x 104B)
Class kotlin.reflect.jvm.internal.impl.descriptors.runtime.components.ReflectKotlinClassKt: loaded 2 times (x 73B)
Class [Lkotlin.reflect.jvm.internal.impl.incremental.components.LookupLocation;       : loaded 2 times (x 71B)
Class [Lkotlin.reflect.jvm.internal.impl.descriptors.impl.ModuleDescriptorImpl;       : loaded 2 times (x 71B)
Class kotlin.reflect.jvm.internal.impl.protobuf.InvalidProtocolBufferException        : loaded 2 times (x 86B)
Class kotlin.reflect.jvm.internal.impl.serialization.deserialization.KotlinMetadataFinder: loaded 2 times (x 72B)
Class kotlin.reflect.jvm.internal.ReflectProperties$Val                               : loaded 2 times (x 76B)
Class kotlin.jvm.internal.MutablePropertyReference2                                   : loaded 2 times (x 143B)
Class com.google.common.io.ByteArrayDataOutput                                        : loaded 2 times (x 72B)
Class org.jetbrains.kotlin.compilerRunner.CompilerSystemPropertiesService$Parameters$Inject: loaded 2 times (x 108B)
Class org.jetbrains.kotlin.gradle.tasks.KotlinCompile$androidLayoutResources$1        : loaded 2 times (x 76B)
Class org.jetbrains.kotlin.gradle.report.GradleBuildMetricsReporter                   : loaded 2 times (x 100B)
Class org.jetbrains.kotlin.gradle.utils.FutureKt$future$1                             : loaded 2 times (x 97B)
Class org.jetbrains.kotlin.gradle.plugin.mpp.KotlinMetadataCompilation                : loaded 2 times (x 72B)
Class org.jetbrains.kotlin.gradle.plugin.sources.KotlinDependencyScope                : loaded 2 times (x 81B)
Class org.jetbrains.kotlin.gradle.tasks.configuration.AbstractKotlinCompileConfig$1   : loaded 2 times (x 81B)
Class org.jetbrains.kotlin.gradle.plugin.mpp.compilationImpl.KotlinCompilationFriendPathsResolver: loaded 2 times (x 72B)
Class org.jetbrains.kotlin.konan.target.KonanTarget$ANDROID_ARM64                     : loaded 2 times (x 80B)
Class org.jetbrains.kotlin.gradle.artifacts.KotlinNativeHostSpecificMetadataArtifactKt$KotlinNativeHostSpecificMetadataArtifact$1: loaded 2 times (x 76B)
Class org.jetbrains.kotlin.gradle.plugin.mpp.compilationImpl.KotlinCompilationSideEffect$Companion: loaded 2 times (x 73B)
Class org.jetbrains.kotlin.gradle.plugin.mpp.KotlinUsages$KotlinMetadataDisambiguation: loaded 2 times (x 78B)
Class org.jetbrains.kotlin.gradle.plugin.statistics.FlowActionBuildFusService$Companion$registerIfAbsentImpl$1: loaded 2 times (x 77B)
Class org.jetbrains.kotlin.gradle.internal.properties.PropertiesBuildService$IntGradleProperty: loaded 2 times (x 78B)
Class com.google.common.collect.RegularImmutableMap                                   : loaded 2 times (x 122B)
Class com.google.common.collect.ImmutableMap$MapViewOfValuesAsSingletonSets           : loaded 2 times (x 128B)
Class org.jetbrains.kotlin.protobuf.ByteString$Output                                 : loaded 2 times (x 88B)
Class org.jetbrains.org.objectweb.asm.tree.FieldInsnNode                              : loaded 2 times (x 81B)
Class kotlin.reflect.jvm.internal.KProperty1Impl$Getter                               : loaded 2 times (x 132B)
Class kotlin.reflect.jvm.internal.impl.resolve.OverridingUtil$7                       : loaded 2 times (x 77B)
Class kotlin.reflect.jvm.internal.impl.resolve.scopes.SubstitutingScope               : loaded 2 times (x 87B)
Class kotlin.reflect.jvm.internal.impl.descriptors.impl.AbstractTypeParameterDescriptor: loaded 2 times (x 125B)
Class kotlin.reflect.jvm.internal.impl.load.java.typeEnhancement.TypeEnhancementUtilsKt: loaded 2 times (x 73B)
Class kotlin.sequences.TransformingSequence                                           : loaded 2 times (x 77B)
Class kotlin.reflect.jvm.internal.impl.descriptors.ScopesHolderForClass               : loaded 2 times (x 74B)
Class kotlin.reflect.jvm.internal.impl.serialization.deserialization.ProtoEnumFlagsUtilsKt$WhenMappings: loaded 2 times (x 73B)
Class kotlin.reflect.jvm.internal.impl.protobuf.AbstractParser                        : loaded 2 times (x 89B)
Class kotlin.reflect.jvm.internal.impl.util.ModuleVisibilityHelper                    : loaded 2 times (x 72B)
Class kotlin.reflect.jvm.internal.impl.descriptors.ClassOrPackageFragmentDescriptor   : loaded 2 times (x 72B)
Class kotlin.reflect.jvm.internal.impl.resolve.constants.LongValue                    : loaded 2 times (x 76B)
Class kotlin.reflect.jvm.internal.impl.resolve.constants.ByteValue                    : loaded 2 times (x 76B)
Class kotlin.reflect.jvm.internal.impl.builtins.ReflectionTypes                       : loaded 2 times (x 74B)
Class kotlin.reflect.jvm.internal.impl.storage.SimpleLock$Companion                   : loaded 2 times (x 73B)
Class kotlin.reflect.jvm.internal.impl.storage.CacheWithNullableValues                : loaded 2 times (x 72B)
Class jdk.internal.jimage.decompressor.StringSharingDecompressorFactory               : loaded 2 times (x 76B)
Class com.google.common.reflect.TypeCapture                                           : loaded 2 times (x 73B)
Class com.google.common.cache.LocalCache$Values                                       : loaded 2 times (x 120B)
Class kotlinx.coroutines.CoroutineScope                                               : loaded 2 times (x 72B)
Class kotlinx.coroutines.ChildHandle                                                  : loaded 2 times (x 72B)
Class org.jetbrains.kotlin.compilerRunner.GradleKotlinCompilerRunnerKt                : loaded 2 times (x 73B)
Class com.google.common.collect.TransformedListIterator                               : loaded 2 times (x 95B)
Class org.jetbrains.kotlin.gradle.tasks.AbstractKotlinCompile$compilerRunner$1        : loaded 2 times (x 77B)
Class org.jetbrains.kotlin.gradle.tasks.CacheableTasksKt$cacheOnlyIfEnabledForKotlin$1: loaded 2 times (x 77B)
Class org.jetbrains.kotlin.gradle.utils.GradleAttributesContainerUtilsKt$setAttributeProvider$1: loaded 2 times (x 77B)
Class org.jetbrains.kotlin.gradle.tasks.configuration.AbstractKotlinCompileConfig$2   : loaded 2 times (x 81B)
Class org.jetbrains.kotlin.gradle.plugin.mpp.compilationImpl.factory.KotlinCompilationImplFactory$PreConfigure: loaded 2 times (x 72B)
Class org.jetbrains.kotlin.gradle.plugin.KotlinProjectSetupActionKt$KotlinProjectSetupCoroutine$1$1: loaded 2 times (x 97B)
Class org.jetbrains.kotlin.konan.target.KonanTarget$WATCHOS_ARM32                     : loaded 2 times (x 80B)
Class org.jetbrains.kotlin.gradle.targets.js.dsl.KotlinJsTargetDsl                    : loaded 2 times (x 72B)
Class org.jetbrains.kotlin.gradle.plugin.KotlinPluginLifecycleImplKt                  : loaded 2 times (x 73B)
Class org.jetbrains.kotlin.gradle.plugin.diagnostics.checkers.DeprecatedKotlinNativeTargetsChecker$runChecks$1: loaded 2 times (x 89B)
Class org.jetbrains.kotlin.gradle.plugin.KotlinPluginLifecycleImpl$WhenMappings       : loaded 2 times (x 73B)
Class org.jetbrains.kotlin.gradle.dsl.KotlinCommonCompilerToolOptionsHelper           : loaded 2 times (x 73B)
Class org.jetbrains.kotlin.gradle.plugin.KotlinTargetComponent                        : loaded 2 times (x 72B)
Class org.jetbrains.kotlin.gradle.plugin.KotlinGradlePluginExtensionPointInternal     : loaded 2 times (x 78B)
Class org.jetbrains.kotlin.statistics.metrics.StringOverridePolicy$OVERRIDE_VERSION_IF_NOT_SET: loaded 2 times (x 87B)
Class org.jetbrains.kotlin.gradle.plugin.statistics.KotlinBuildStatsBeanService$Companion$initStatsService$1: loaded 2 times (x 81B)
Class org.jetbrains.kotlin.gradle.plugin.VariantImplementationFactories$Companion$getProvider$1: loaded 2 times (x 77B)
Class org.jetbrains.kotlin.gradle.internal.properties.PropertiesBuildService$BooleanGradleProperty: loaded 2 times (x 78B)
Class org.jetbrains.kotlin.gradle.dsl.KotlinProjectExtension                          : loaded 2 times (x 124B)
Class [Lorg.objectweb.asm.Symbol;                                                     : loaded 2 times (x 71B)
Class org.objectweb.asm.ClassVisitor                                                  : loaded 2 times (x 90B)
Class com.google.common.collect.UnmodifiableListIterator                              : loaded 2 times (x 97B)
Class org.jetbrains.kotlin.daemon.common.IncrementalCompilationOptions                : loaded 2 times (x 74B)
Class kotlin.io.LinesSequence                                                         : loaded 2 times (x 77B)
Class [Lkotlin.reflect.KProperty1;                                                    : loaded 2 times (x 71B)
Class org.jetbrains.kotlin.daemon.common.OptionsGroup                                 : loaded 2 times (x 72B)
Class kotlin.reflect.jvm.internal.impl.resolve.OverridingUtil$8                       : loaded 2 times (x 73B)
Class kotlin.reflect.jvm.internal.impl.resolve.OverridingUtilTypeSystemContext        : loaded 2 times (x 171B)
Class kotlin.reflect.jvm.internal.impl.load.kotlin.KotlinClassFinder$Result           : loaded 2 times (x 73B)
Class kotlin.reflect.jvm.internal.impl.builtins.jvm.JvmBuiltInsPackageFragmentProvider: loaded 2 times (x 87B)
Class kotlin.reflect.jvm.internal.impl.metadata.ProtoBuf$PropertyOrBuilder            : loaded 2 times (x 72B)
Class kotlin.reflect.jvm.internal.impl.metadata.ProtoBuf$Contract$1                   : loaded 2 times (x 89B)
Class kotlin.reflect.jvm.internal.impl.protobuf.LiteralByteString                     : loaded 2 times (x 104B)
Class kotlin.reflect.jvm.internal.impl.descriptors.impl.AbstractClassDescriptor       : loaded 2 times (x 176B)
Class kotlin.reflect.jvm.internal.impl.serialization.deserialization.FlexibleTypeDeserializer: loaded 2 times (x 72B)
Class kotlin.reflect.jvm.internal.impl.name.FqName                                    : loaded 2 times (x 74B)
Class [Lkotlin.reflect.KClass;                                                        : loaded 2 times (x 71B)
Class kotlinx.coroutines.scheduling.CoroutineScheduler                                : loaded 2 times (x 83B)
Class kotlinx.coroutines.scheduling.SchedulerTimeSource                               : loaded 2 times (x 74B)
Class kotlinx.coroutines.EventLoopImplPlatform                                        : loaded 2 times (x 109B)
Class com.google.common.collect.MapMakerInternalMap$StrongKeyDummyValueEntry$LinkedStrongKeyDummyValueEntry: loaded 2 times (x 84B)
Class com.google.common.collect.MapMakerInternalMap$Strength                          : loaded 2 times (x 82B)
Class org.jetbrains.kotlin.gradle.plugin.KotlinPluginLifecycle$ProjectConfigurationResult$Failure: loaded 2 times (x 74B)
Class com.google.common.base.Platform$JdkPatternCompiler                              : loaded 2 times (x 77B)
Class org.jetbrains.kotlin.gradle.tasks.DefaultKotlinJavaToolchain$Companion          : loaded 2 times (x 73B)
Class org.jetbrains.kotlin.gradle.tasks.DefaultKotlinJavaToolchain                    : loaded 2 times (x 79B)
Class org.jetbrains.kotlin.gradle.targets.native.toolchain.KotlinNativeBundleBuildService$Parameters: loaded 2 times (x 72B)
Class org.jetbrains.kotlin.gradle.targets.native.toolchain.KotlinNativeBundleBuildService: loaded 2 times (x 78B)
Class org.jetbrains.kotlin.gradle.plugin.KotlinGradleBuildServices                    : loaded 2 times (x 82B)
Class [Lorg.jetbrains.kotlin.statistics.ValueAnonymizer;                              : loaded 2 times (x 71B)
Class org.jetbrains.kotlin.gradle.internal.properties.PropertiesBuildService$MemoizedCallable$value$2: loaded 2 times (x 81B)
Class org.objectweb.asm.MethodTooLargeException                                       : loaded 2 times (x 84B)
Class [Lcom.google.common.cache.CacheBuilder$OneWeigher;                              : loaded 2 times (x 71B)
Class com.google.common.base.Suppliers                                                : loaded 2 times (x 73B)
Class org.gradle.internal.classloader.DefaultClassLoaderFactory                       : loaded 2 times (x 84B)
Class org.jetbrains.kotlin.metadata.jvm.deserialization.JvmNameResolver               : loaded 2 times (x 82B)
Class org.jetbrains.org.objectweb.asm.ClassVisitor                                    : loaded 2 times (x 90B)
Class kotlin.reflect.jvm.internal.impl.name.CallableId                                : loaded 2 times (x 74B)
Class kotlin.sequences.SequencesKt___SequencesKt                                      : loaded 2 times (x 73B)
Class kotlin.reflect.jvm.internal.impl.descriptors.runtime.structure.Java16SealedRecordLoader: loaded 2 times (x 73B)
Class [Lkotlin.reflect.jvm.internal.impl.descriptors.annotations.Annotated;           : loaded 2 times (x 71B)
Class kotlin.reflect.jvm.internal.impl.types.TypeProjection                           : loaded 2 times (x 72B)
Class kotlin.reflect.jvm.internal.impl.types.TypeUtils                                : loaded 2 times (x 73B)
Class [Lkotlin.reflect.jvm.internal.impl.renderer.DescriptorRendererModifier;         : loaded 2 times (x 71B)
Class kotlin.reflect.jvm.internal.impl.types.TypeSubstitution$Companion$EMPTY$1       : loaded 2 times (x 79B)
Class kotlin.reflect.jvm.internal.impl.types.checker.KotlinTypeChecker$TypeConstructorEquality: loaded 2 times (x 72B)
Class kotlin.KotlinVersion$Companion                                                  : loaded 2 times (x 73B)
Class kotlin.reflect.jvm.internal.impl.builtins.jvm.JvmBuiltIns$Kind                  : loaded 2 times (x 81B)
Class kotlin.collections.AbstractList$Companion                                       : loaded 2 times (x 73B)
Class org.apache.commons.io.file.PathUtils                                            : loaded 2 times (x 73B)
Class [Lcom.google.common.collect.AbstractIterator$State;                             : loaded 2 times (x 71B)
Class com.google.common.io.ByteSource$ConcatenatedByteSource                          : loaded 2 times (x 87B)
Class kotlinx.coroutines.CopyableThreadContextElement                                 : loaded 2 times (x 72B)
Class org.jetbrains.kotlin.gradle.internal.name.FqNameUnsafe                          : loaded 2 times (x 74B)
Class org.jetbrains.kotlin.compilerRunner.IncrementalCompilationEnvironment           : loaded 2 times (x 74B)
Class org.jetbrains.kotlin.gradle.plugin.CreateCompilerArgumentsContextImpl$ContributeCompilerArgumentsContextImpl: loaded 2 times (x 81B)
Class com.google.common.collect.ReverseNaturalOrdering                                : loaded 2 times (x 116B)
Class com.google.common.base.CharMatcher$None                                         : loaded 2 times (x 114B)
Class org.jetbrains.kotlin.gradle.plugin.PropertiesProvider$kotlinCompilerArgumentsLogLevel$1: loaded 2 times (x 76B)
Class org.jetbrains.kotlin.compilerRunner.CompilerSystemPropertiesService$Parameters_Decorated: loaded 2 times (x 132B)
Class org.jetbrains.kotlin.gradle.dsl.abi.ExperimentalAbiValidation                   : loaded 2 times (x 72B)
Class org.jetbrains.kotlin.gradle.plugin.KotlinTargetWithTests                        : loaded 2 times (x 72B)
Class [Lorg.jetbrains.kotlin.gradle.dsl.KotlinVersion;                                : loaded 2 times (x 71B)
Class org.jetbrains.kotlin.gradle.plugin.diagnostics.checkers.JsEnvironmentChecker    : loaded 2 times (x 78B)
Class org.jetbrains.kotlin.gradle.targets.js.npm.NpmDependencyExtensionKt             : loaded 2 times (x 73B)
Class org.jetbrains.kotlin.gradle.plugin.diagnostics.ToolingDiagnosticRenderingOptions: loaded 2 times (x 74B)
Class org.jetbrains.kotlin.gradle.plugin.diagnostics.UsesKotlinToolingDiagnosticsParameters: loaded 2 times (x 72B)
Class org.jetbrains.kotlin.gradle.plugin.PropertiesProvider$classLoaderCacheTimeoutInSeconds$1: loaded 2 times (x 77B)
Class org.jetbrains.kotlin.gradle.report.BuildMetricsService                          : loaded 2 times (x 88B)
Class org.jetbrains.kotlin.statistics.metrics.NumberAnonymizationPolicy               : loaded 2 times (x 87B)
Class org.jetbrains.kotlin.statistics.metrics.StringAnonymizationPolicy               : loaded 2 times (x 80B)
Class org.gradle.internal.classloader.ClassLoaderVisitor                              : loaded 2 times (x 78B)
Class [Lorg.jetbrains.kotlin.metadata.ProtoBuf$Modality;                              : loaded 2 times (x 71B)
Class org.jetbrains.kotlin.metadata.deserialization.Flags$EnumLiteFlagField           : loaded 2 times (x 78B)
Class org.jetbrains.kotlin.metadata.ProtoBuf$Type$Argument$1                          : loaded 2 times (x 146B)
Class org.jetbrains.kotlin.metadata.jvm.JvmProtoBuf$StringTableTypesOrBuilder         : loaded 2 times (x 72B)
Class org.jetbrains.org.objectweb.asm.tree.FrameNode                                  : loaded 2 times (x 80B)
Class org.jetbrains.org.objectweb.asm.ClassReader                                     : loaded 2 times (x 94B)
Class org.jetbrains.kotlin.daemon.client.BasicCompilerServicesWithResultsFacadeServerKt: loaded 2 times (x 73B)
Class org.jetbrains.kotlin.daemon.common.LoopbackNetworkInterface$ServerLoopbackSocketFactory: loaded 2 times (x 76B)
Class kotlin.io.FileTreeWalk$FileTreeWalkIterator                                     : loaded 2 times (x 85B)
Class [Lkotlin.reflect.jvm.internal.impl.types.model.TypeParameterMarker;             : loaded 2 times (x 71B)
Class kotlin.reflect.jvm.internal.impl.load.kotlin.header.ReadKotlinClassHeaderAnnotationVisitor$KotlinMetadataArgumentVisitor$1: loaded 2 times (x 87B)
Class kotlin.reflect.jvm.internal.impl.load.java.structure.JavaElement                : loaded 2 times (x 72B)
Class kotlin.reflect.jvm.internal.impl.metadata.ProtoBuf$EnumEntry                    : loaded 2 times (x 103B)
Class kotlin.reflect.jvm.internal.impl.metadata.ProtoBuf$Function$1                   : loaded 2 times (x 89B)
Class [Lkotlin.reflect.jvm.internal.impl.protobuf.WireFormat$FieldType;               : loaded 2 times (x 71B)
Class kotlin.reflect.jvm.internal.impl.load.kotlin.JavaFlexibleTypeDeserializer       : loaded 2 times (x 76B)
Class kotlin.reflect.jvm.internal.KProperty1Impl                                      : loaded 2 times (x 130B)
Class com.google.common.collect.Ordering                                              : loaded 2 times (x 116B)
Class org.jetbrains.kotlin.build.report.metrics.BuildPerformanceMetrics               : loaded 2 times (x 74B)
Class org.jetbrains.kotlin.gradle.plugin.mpp.compilationImpl.KotlinCompilationLanguageSettingsConfigurator: loaded 2 times (x 76B)
Class org.jetbrains.kotlin.gradle.plugin.KotlinPluginLifecycleKt$await$1              : loaded 2 times (x 89B)
Class [Lorg.jetbrains.kotlin.gradle.plugin.KotlinCompilation;                         : loaded 2 times (x 71B)
Class org.jetbrains.kotlin.gradle.plugin.mpp.KotlinTargetComponentWithPublication     : loaded 2 times (x 72B)
Class org.jetbrains.kotlin.gradle.plugin.mpp.compilationImpl.KotlinCreateNativeCompileTasksSideEffectKt: loaded 2 times (x 73B)
Class org.jetbrains.kotlin.gradle.plugin.KotlinProjectSetupActionKt                   : loaded 2 times (x 73B)
Class org.jetbrains.kotlin.gradle.dsl.KotlinTargetContainerWithJsPresetFunctions      : loaded 2 times (x 72B)
Class org.jetbrains.kotlin.gradle.report.ReportingSettings$Companion                  : loaded 2 times (x 73B)
Class org.jetbrains.kotlin.gradle.report.ConfigureReporingKt                          : loaded 2 times (x 73B)
Class org.jetbrains.kotlin.tooling.core.TypeUtils                                     : loaded 2 times (x 73B)
Class [Lcom.google.common.collect.ImmutableMapEntry;                                  : loaded 2 times (x 71B)
Class org.gradle.api.internal.classpath.EffectiveClassPath                            : loaded 2 times (x 92B)
Class org.jetbrains.kotlin.daemon.common.FileSystem$WhenMappings                      : loaded 2 times (x 73B)
Class [Lorg.jetbrains.kotlin.config.LanguageOrApiVersion;                             : loaded 2 times (x 71B)
Class kotlin.reflect.jvm.internal.impl.load.java.typeEnhancement.TypeComponentPosition: loaded 2 times (x 81B)
Class kotlin.reflect.jvm.internal.impl.metadata.jvm.JvmProtoBuf$StringTableTypes$Record$Operation: loaded 2 times (x 84B)
Class kotlin.reflect.jvm.internal.impl.load.kotlin.header.ReadKotlinClassHeaderAnnotationVisitor$KotlinMetadataArgumentVisitor$2: loaded 2 times (x 87B)
Class kotlin.reflect.jvm.internal.impl.builtins.jvm.JvmBuiltInClassDescriptorFactory$Companion: loaded 2 times (x 73B)
Class kotlin.reflect.jvm.internal.impl.metadata.jvm.JvmProtoBuf$JvmFieldSignature$1   : loaded 2 times (x 89B)
Class kotlin.reflect.jvm.internal.impl.descriptors.Visibility                         : loaded 2 times (x 77B)
Class kotlin.reflect.jvm.internal.impl.serialization.deserialization.ContractDeserializer$Companion$DEFAULT$1: loaded 2 times (x 76B)
Class kotlin.reflect.jvm.internal.impl.load.java.typeEnhancement.JavaTypeEnhancement  : loaded 2 times (x 74B)
Class kotlin.text.StringsKt__AppendableKt                                             : loaded 2 times (x 73B)
Class [Lorg.apache.commons.io.StandardLineSeparator;                                  : loaded 2 times (x 71B)
Class org.apache.commons.io.output.StringBuilderWriter                                : loaded 2 times (x 102B)
Class com.google.common.collect.CollectSpliterators$1WithCharacteristics              : loaded 2 times (x 92B)
Class kotlinx.coroutines.DebugKt                                                      : loaded 2 times (x 73B)
Class org.jetbrains.kotlin.gradle.utils.CompilerArgsUtilsKt$classpathAsList$2         : loaded 2 times (x 80B)
Class org.jetbrains.kotlin.gradle.tasks.TasksUtilsKt                                  : loaded 2 times (x 73B)
Class org.jetbrains.kotlin.gradle.plugin.mpp.compilationImpl.DefaultKotlinCompilationConfigurationsContainer: loaded 2 times (x 86B)
Class com.google.common.collect.ImmutableRangeSet                                     : loaded 2 times (x 117B)
Class org.jetbrains.kotlin.gradle.tasks.TasksProviderKt                               : loaded 2 times (x 73B)
Class org.jetbrains.kotlin.konan.target.KonanTarget$ANDROID_ARM32                     : loaded 2 times (x 80B)
Class org.jetbrains.kotlin.gradle.plugin.sources.DefaultKotlinSourceSetFactory        : loaded 2 times (x 82B)
Class org.jetbrains.kotlin.gradle.plugin.diagnostics.ToolingDiagnostic                : loaded 2 times (x 74B)
Class com.google.common.collect.ListMultimap                                          : loaded 2 times (x 72B)
Class com.google.common.collect.ImmutableEnumMap                                      : loaded 2 times (x 128B)
Class org.jetbrains.kotlin.protobuf.CodedOutputStream$ByteBufferOutputStream          : loaded 2 times (x 88B)
Class org.gradle.internal.classloader.ClassLoaderHierarchy                            : loaded 2 times (x 72B)
Class org.jetbrains.kotlin.daemon.common.StringPropMapper                             : loaded 2 times (x 76B)
Class kotlin.jvm.internal.ArrayIteratorKt                                             : loaded 2 times (x 73B)
Class kotlin.reflect.jvm.internal.impl.protobuf.ExtensionRegistryLite$ObjectIntPair   : loaded 2 times (x 74B)
Class kotlin.reflect.jvm.internal.impl.metadata.ProtoBuf$TypeParameter$Variance$1     : loaded 2 times (x 76B)
Class kotlin.reflect.jvm.internal.impl.descriptors.impl.ModuleAwareClassDescriptor$Companion: loaded 2 times (x 73B)
Class kotlin.reflect.jvm.internal.impl.renderer.DescriptorRenderer                    : loaded 2 times (x 80B)
Class kotlin.reflect.jvm.internal.impl.resolve.ExternalOverridabilityCondition        : loaded 2 times (x 72B)
Class kotlin.reflect.jvm.internal.impl.types.UnwrappedType                            : loaded 2 times (x 86B)
Class kotlin.reflect.jvm.internal.KCallableImpl                                       : loaded 2 times (x 107B)
Class kotlin.reflect.KProperty$Accessor                                               : loaded 2 times (x 72B)
Class [Lkotlin.reflect.KCallable;                                                     : loaded 2 times (x 71B)
Class kotlinx.coroutines.EventLoop_commonKt                                           : loaded 2 times (x 73B)
Class com.google.common.collect.ImmutableSet$SerializedForm                           : loaded 2 times (x 75B)
Class org.jetbrains.kotlin.gradle.tasks.KotlinCompile$createCompilerArguments$1$2$1   : loaded 2 times (x 81B)
Class com.google.common.collect.ComparatorOrdering                                    : loaded 2 times (x 117B)
Class com.google.common.base.Splitter                                                 : loaded 2 times (x 74B)
Class org.jetbrains.kotlin.buildtools.api.jvm.ClassSnapshotGranularity                : loaded 2 times (x 81B)
Class org.jetbrains.kotlin.gradle.ExternalKotlinTargetApi                             : loaded 2 times (x 72B)
Class com.google.common.collect.Iterators$EmptyModifiableIterator                     : loaded 2 times (x 88B)
Class org.jetbrains.kotlin.gradle.plugin.diagnostics.checkers.AndroidPluginWithoutAndroidTargetChecker$runChecks$1: loaded 2 times (x 89B)
Class org.jetbrains.kotlin.gradle.plugin.diagnostics.checkers.AndroidSourceSetLayoutV1SourceSetsNotFoundChecker$runChecks$1: loaded 2 times (x 89B)
Class org.jetbrains.kotlin.gradle.plugin.diagnostics.KotlinGradleProjectCheckersRunnerKt$launchKotlinGradleProjectCheckers$1$1: loaded 2 times (x 97B)
Class org.jetbrains.kotlin.gradle.targets.CreateDefaultTestRunSideEffectKt            : loaded 2 times (x 73B)
Class org.jetbrains.kotlin.gradle.utils.ProviderApiUtilsKt$mapOrNull$1                : loaded 2 times (x 77B)
Class org.jetbrains.kotlin.konan.target.KonanTarget                                   : loaded 2 times (x 80B)
Class org.jetbrains.kotlin.gradle.targets.native.toolchain.KotlinNativeBundleBuildService$Companion$registerIfAbsent$1: loaded 2 times (x 77B)
Class org.jetbrains.kotlin.statistics.metrics.BooleanAnonymizationPolicy              : loaded 2 times (x 87B)
Class org.jetbrains.kotlin.statistics.metrics.BooleanOverridePolicy$OVERRIDE          : loaded 2 times (x 87B)
Class org.jetbrains.kotlin.gradle.plugin.PropertiesProvider$kotlinExperimentalTryNext$1: loaded 2 times (x 77B)
Class org.jetbrains.kotlin.gradle.fus.BuildUidService$Companion                       : loaded 2 times (x 73B)
Class org.jetbrains.kotlin.gradle.plugin.VariantImplementationFactoriesConfigurator$Companion$getProvider$1: loaded 2 times (x 76B)
Class com.google.common.collect.Sets$1                                                : loaded 2 times (x 141B)
Class org.objectweb.asm.AnnotationVisitor                                             : loaded 2 times (x 80B)
Class org.gradle.api.internal.DefaultClassPathProvider                                : loaded 2 times (x 78B)
Class org.jetbrains.kotlin.metadata.ProtoBuf$Modality                                 : loaded 2 times (x 84B)
Class org.jetbrains.kotlin.metadata.jvm.JvmProtoBuf$JvmFieldSignature                 : loaded 2 times (x 110B)
Class org.jetbrains.kotlin.protobuf.ExtensionRegistryLite                             : loaded 2 times (x 76B)
Class [Lorg.jetbrains.kotlin.daemon.common.ReportCategory;                            : loaded 2 times (x 71B)
Class kotlin.text.MatchResult                                                         : loaded 2 times (x 72B)
Class kotlin.collections.builders.MapBuilder$EntryRef                                 : loaded 2 times (x 83B)
Class kotlin.reflect.jvm.internal.impl.descriptors.impl.ModuleAwareClassDescriptorKt  : loaded 2 times (x 73B)
Class kotlin.reflect.jvm.internal.impl.types.IntersectionTypeConstructor              : loaded 2 times (x 84B)
Class [Lkotlin.reflect.jvm.internal.impl.load.java.typeEnhancement.MutabilityQualifier;: loaded 2 times (x 71B)
Class kotlin.sequences.SequencesKt__SequencesKt$sequenceOf$$inlined$Sequence$1        : loaded 2 times (x 77B)
Class kotlin.sequences.Sequence                                                       : loaded 2 times (x 72B)
Class kotlin.reflect.jvm.internal.impl.serialization.deserialization.descriptors.DeserializedClassDescriptor$memberScopeHolder$1: loaded 2 times (x 131B)
Class kotlin.reflect.jvm.internal.impl.descriptors.DeserializedDescriptor             : loaded 2 times (x 72B)
Class kotlin.reflect.jvm.internal.impl.metadata.ProtoBuf$VersionRequirementTable$1    : loaded 2 times (x 89B)
Class kotlin.reflect.jvm.internal.impl.protobuf.FieldSet$FieldDescriptorLite          : loaded 2 times (x 72B)
Class kotlin.reflect.jvm.internal.impl.load.java.lazy.types.JavaTypeAttributes        : loaded 2 times (x 74B)
Class kotlin.reflect.jvm.internal.impl.types.checker.KotlinTypePreparator$Default     : loaded 2 times (x 75B)
Class kotlin.text.StringsKt__StringNumberConversionsJVMKt                             : loaded 2 times (x 73B)
Class kotlin.reflect.jvm.internal.impl.builtins.jvm.JavaToKotlinClassMap$PlatformMutabilityMapping: loaded 2 times (x 74B)
Class com.google.common.io.CharSource$ConcatenatedCharSource                          : loaded 2 times (x 88B)
Class org.jetbrains.kotlin.build.report.HttpReportSettings                            : loaded 2 times (x 74B)
Class org.jetbrains.kotlin.daemon.common.MultiModuleICSettings$Companion              : loaded 2 times (x 73B)
Class org.jetbrains.kotlin.gradle.tasks.CompilationErrorException                     : loaded 2 times (x 84B)
Class org.jetbrains.kotlin.statistics.metrics.OverrideMetricContainer                 : loaded 2 times (x 82B)
Class com.google.common.collect.NaturalOrdering                                       : loaded 2 times (x 117B)
Class com.google.common.collect.MapMakerInternalMap$Strength$1                        : loaded 2 times (x 82B)
Class com.google.common.collect.Maps$ViewCachingAbstractMap                           : loaded 2 times (x 127B)
Class org.jetbrains.kotlin.gradle.tasks.configuration.KaptGenerateStubsConfig$Companion$wireJavaAndKotlinOutputs$1: loaded 2 times (x 81B)
Class org.jetbrains.kotlin.gradle.tasks.abi.AbiToolsTask                              : loaded 2 times (x 320B)
Class org.jetbrains.kotlin.gradle.plugin.KotlinPluginLifecycleCoroutineContextElement : loaded 2 times (x 86B)
Class org.jetbrains.kotlin.gradle.dsl.PlatformSourceSetConventionsChecker             : loaded 2 times (x 76B)
Class org.jetbrains.kotlin.gradle.plugin.diagnostics.checkers.KotlinSourceSetTreeDependsOnMismatchChecker: loaded 2 times (x 76B)
Class org.jetbrains.kotlin.gradle.targets.CreateDefaultCompilationsSideEffectKt       : loaded 2 times (x 73B)
Class org.jetbrains.kotlin.gradle.plugin.mpp.SyncLanguageSettingsWithKotlinExtensionSetupActionKt: loaded 2 times (x 73B)
Class org.jetbrains.kotlin.statistics.metrics.NumericalMetrics                        : loaded 2 times (x 81B)
Class org.jetbrains.kotlin.gradle.plugin.VariantImplementationFactories$Companion$getProvider$2$1: loaded 2 times (x 81B)
Class com.google.common.collect.Sets$2                                                : loaded 2 times (x 141B)
Class [Lorg.gradle.api.internal.ClassPathProvider;                                    : loaded 2 times (x 71B)
Class org.gradle.api.internal.ClassPathProvider                                       : loaded 2 times (x 72B)
Class com.google.common.base.CharMatcher$IsEither                                     : loaded 2 times (x 113B)
Class org.jetbrains.kotlin.metadata.ProtoBuf$MemberKind                               : loaded 2 times (x 84B)
Class org.jetbrains.kotlin.metadata.jvm.deserialization.JvmNameResolverBase$Companion : loaded 2 times (x 73B)
Class org.jetbrains.kotlin.load.java.JvmAnnotationNames                               : loaded 2 times (x 73B)
Class org.jetbrains.kotlin.gradle.plugin.internal.ConfigurationCacheStartParameterAccessorKt: loaded 2 times (x 73B)
Class org.jetbrains.kotlin.gradle.plugin.KotlinPlatformType$Companion                 : loaded 2 times (x 73B)
Class org.jetbrains.kotlin.config.LanguageVersion$Companion                           : loaded 2 times (x 73B)
Class org.jetbrains.kotlin.gradle.plugin.KotlinPlatformType$DisambiguationRule        : loaded 2 times (x 78B)
Class kotlin.reflect.jvm.internal.impl.load.java.SpecialGenericSignatures$TypeSafeBarrierDescription: loaded 2 times (x 81B)
Class kotlin.reflect.jvm.internal.impl.types.model.TypeSystemCommonSuperTypesContext  : loaded 2 times (x 72B)
Class kotlin.collections.CollectionsKt___CollectionsKt$asSequence$$inlined$Sequence$1 : loaded 2 times (x 77B)
Class kotlin.reflect.jvm.internal.impl.load.java.structure.LightClassOriginKind       : loaded 2 times (x 81B)
Class kotlin.reflect.jvm.internal.impl.serialization.SerializerExtensionProtocol      : loaded 2 times (x 74B)
Class kotlin.reflect.jvm.internal.impl.builtins.KotlinBuiltIns                        : loaded 2 times (x 115B)
Class kotlin.reflect.jvm.internal.impl.descriptors.runtime.components.ReflectJavaClassFinder: loaded 2 times (x 79B)
Class kotlin.jvm.functions.Function20                                                 : loaded 2 times (x 72B)
Class com.google.common.reflect.Types$ClassOwnership$1                                : loaded 2 times (x 82B)
Class kotlinx.coroutines.JobNode                                                      : loaded 2 times (x 88B)
Class kotlinx.coroutines.Delay                                                        : loaded 2 times (x 72B)
Class kotlinx.coroutines.ParentJob                                                    : loaded 2 times (x 72B)
Class org.jetbrains.kotlin.gradle.plugin.CreateCompilerArgumentsContextImpl           : loaded 2 times (x 77B)
Class com.google.common.collect.MapMakerInternalMap$Strength$2                        : loaded 2 times (x 82B)
Class com.google.common.base.AbstractIterator$State                                   : loaded 2 times (x 81B)
Class org.jetbrains.kotlin.gradle.plugin.statistics.ExecutedTaskMetrics               : loaded 2 times (x 73B)
Class org.jetbrains.kotlin.gradle.plugin.diagnostics.CheckKotlinGradlePluginConfigurationErrors$Companion: loaded 2 times (x 73B)
Class org.jetbrains.kotlin.gradle.tasks.KotlinJvmCompile$DefaultImpls                 : loaded 2 times (x 73B)
Class org.jetbrains.kotlin.gradle.tasks.CacheableTasksKt                              : loaded 2 times (x 73B)
Class org.jetbrains.kotlin.konan.target.HostManager$targetValues$2                    : loaded 2 times (x 80B)
Class org.jetbrains.kotlin.gradle.plugin.diagnostics.checkers.UnusedSourceSetsChecker$runChecks$1: loaded 2 times (x 89B)
Class org.jetbrains.kotlin.gradle.targets.js.npm.PeerNpmDependencyExtension           : loaded 2 times (x 72B)
Class org.jetbrains.kotlin.gradle.dsl.AndroidMainSourceSetConventionsChecker          : loaded 2 times (x 76B)
Class org.jetbrains.kotlin.gradle.plugin.diagnostics.checkers.WasmJsEnvironmentChecker$1: loaded 2 times (x 80B)
Class org.jetbrains.kotlin.gradle.targets.js.npm.NpmDependencyExtensionKt$AddNpmDependencyExtensionProjectSetupAction$1: loaded 2 times (x 76B)
Class [Lorg.jetbrains.kotlin.konan.target.Family;                                     : loaded 2 times (x 71B)
Class org.jetbrains.kotlin.gradle.plugin.statistics.BuildFinishBuildService$Parameters$Inject: loaded 2 times (x 116B)
Class org.jetbrains.kotlin.gradle.plugin.statistics.FlowActionBuildFusService         : loaded 2 times (x 86B)
Class org.jetbrains.kotlin.gradle.internal.properties.PropertiesBuildService$NullableBooleanGradleProperty: loaded 2 times (x 78B)
Class [Lorg.objectweb.asm.AnnotationVisitor;                                          : loaded 2 times (x 71B)
Class com.google.common.collect.Sets$3                                                : loaded 2 times (x 141B)
Class com.google.common.cache.LocalCache$LocalLoadingCache                            : loaded 2 times (x 136B)
Class org.gradle.internal.service.UnknownServiceException                             : loaded 2 times (x 85B)
Class [Lorg.jetbrains.kotlin.protobuf.WireFormat$JavaType;                            : loaded 2 times (x 71B)
Class org.jetbrains.org.objectweb.asm.tree.TableSwitchInsnNode                        : loaded 2 times (x 80B)
Class [Lorg.jetbrains.org.objectweb.asm.Attribute;                                    : loaded 2 times (x 71B)
Class org.jetbrains.kotlin.daemon.common.NetworkUtilsKt                               : loaded 2 times (x 73B)
Class kotlin.reflect.jvm.internal.calls.CallerImpl$Constructor                        : loaded 2 times (x 83B)
Class kotlin.reflect.jvm.internal.impl.descriptors.impl.FunctionDescriptorImpl$CopyConfiguration: loaded 2 times (x 139B)
Class kotlin.reflect.jvm.internal.impl.load.java.descriptors.JavaMethodDescriptor     : loaded 2 times (x 208B)
Class kotlin.reflect.jvm.internal.impl.serialization.deserialization.ProtoBasedClassDataFinder: loaded 2 times (x 77B)
Class kotlin.reflect.jvm.internal.impl.metadata.ProtoBuf$Annotation$ArgumentOrBuilder : loaded 2 times (x 72B)
Class kotlin.reflect.jvm.internal.impl.resolve.scopes.DescriptorKindFilter            : loaded 2 times (x 74B)
Class [Lkotlin.reflect.jvm.internal.impl.metadata.jvm.JvmProtoBuf$StringTableTypes$Record$Operation;: loaded 2 times (x 71B)
Class kotlin.reflect.jvm.internal.impl.load.java.lazy.descriptors.LazyJavaPackageScope: loaded 2 times (x 106B)
Class kotlin.reflect.jvm.internal.impl.load.java.lazy.descriptors.LazyJavaStaticScope : loaded 2 times (x 106B)
Class [Lkotlin.reflect.jvm.internal.impl.descriptors.deserialization.ClassDescriptorFactory;: loaded 2 times (x 71B)
Class [Lkotlin.reflect.jvm.internal.impl.descriptors.ClassKind;                       : loaded 2 times (x 71B)
Class kotlin.reflect.jvm.internal.impl.descriptors.PackageViewDescriptor              : loaded 2 times (x 72B)
Class kotlin.reflect.jvm.internal.impl.types.TypeSubstitution$Companion               : loaded 2 times (x 73B)
Class kotlin.reflect.jvm.internal.impl.load.java.lazy.TypeParameterResolver$EMPTY     : loaded 2 times (x 76B)
Class kotlin.reflect.jvm.internal.impl.types.KotlinType                               : loaded 2 times (x 83B)
Class kotlin.jvm.functions.Function21                                                 : loaded 2 times (x 72B)
Class kotlin.reflect.jvm.internal.impl.name.ClassId                                   : loaded 2 times (x 74B)
Class com.google.common.reflect.Types$ClassOwnership$2                                : loaded 2 times (x 82B)
Class com.google.common.reflect.TypeResolver                                          : loaded 2 times (x 74B)
Class kotlinx.coroutines.IncompleteStateBox                                           : loaded 2 times (x 74B)
Class com.google.common.io.ByteArrayDataInput                                         : loaded 2 times (x 72B)
Class com.google.common.collect.MapMakerInternalMap$StrongValueEntry                  : loaded 2 times (x 72B)
Class org.jetbrains.kotlin.gradle.tasks.configuration.BaseKotlinCompileConfig$2$1$1$1 : loaded 2 times (x 76B)
Class org.jetbrains.kotlin.gradle.tasks.KotlinCompile$ScriptFilterSpec                : loaded 2 times (x 77B)
Class org.jetbrains.kotlin.gradle.plugin.diagnostics.checkers.ComposePluginSuggestApplyChecker$runChecks$1: loaded 2 times (x 89B)
Class org.jetbrains.kotlin.konan.target.KonanTarget$TVOS_ARM64                        : loaded 2 times (x 80B)
Class org.jetbrains.kotlin.gradle.targets.js.npm.DefaultPeerNpmDependencyExtension    : loaded 2 times (x 142B)
Class org.jetbrains.kotlin.gradle.targets.android.internal.InternalKotlinTargetPreset : loaded 2 times (x 72B)
Class org.jetbrains.kotlin.gradle.plugin.KotlinPluginLifecycleKt                      : loaded 2 times (x 73B)
Class org.jetbrains.kotlin.gradle.plugin.diagnostics.checkers.WasmJsEnvironmentChecker$2: loaded 2 times (x 80B)
Class org.jetbrains.kotlin.gradle.plugin.mpp.AbstractKotlinTarget                     : loaded 2 times (x 152B)
Class org.jetbrains.kotlin.gradle.internal.properties.NativePropertiesLoader$kotlinNativeVersion$1: loaded 2 times (x 77B)
Class org.jetbrains.kotlin.gradle.plugin.VariantImplementationFactoriesConfigurator$Inject: loaded 2 times (x 98B)
Class org.jetbrains.kotlin.gradle.dsl.KotlinSingleTargetExtension                     : loaded 2 times (x 126B)
Class com.google.common.collect.Sets$4                                                : loaded 2 times (x 141B)
Class org.objectweb.asm.ModuleVisitor                                                 : loaded 2 times (x 83B)
Class com.google.common.cache.LocalCache$Strength$1                                   : loaded 2 times (x 83B)
Class org.jetbrains.kotlin.metadata.jvm.JvmProtoBuf$JvmPropertySignatureOrBuilder     : loaded 2 times (x 72B)
Class org.jetbrains.kotlin.protobuf.GeneratedMessageLite$ExtendableMessage            : loaded 2 times (x 115B)
Class org.jetbrains.kotlin.gradle.targets.native.KotilnNativeConfigureBinariesSideEffectKt: loaded 2 times (x 73B)
Class org.jetbrains.kotlin.cli.common.repl.ReplCodeLine                               : loaded 2 times (x 74B)
Class kotlin.collections.builders.MapBuilderEntries                                   : loaded 2 times (x 147B)
Class kotlin.reflect.jvm.internal.impl.types.RawType                                  : loaded 2 times (x 72B)
Class kotlin.reflect.jvm.internal.impl.metadata.jvm.deserialization.BitEncoding       : loaded 2 times (x 73B)
Class kotlin.reflect.jvm.internal.impl.serialization.deserialization.ErrorReporter$1  : loaded 2 times (x 77B)
Class kotlin.reflect.jvm.internal.impl.protobuf.Internal$EnumLiteMap                  : loaded 2 times (x 72B)
Class kotlin.reflect.jvm.internal.impl.metadata.ProtoBuf$Constructor$1                : loaded 2 times (x 89B)
Class kotlin.reflect.jvm.internal.impl.protobuf.GeneratedMessageLite                  : loaded 2 times (x 95B)
Class kotlin.reflect.jvm.internal.impl.renderer.ExcludedTypeAnnotations               : loaded 2 times (x 73B)
Class kotlin.reflect.jvm.internal.impl.serialization.deserialization.DeserializationConfiguration$Default: loaded 2 times (x 81B)
Class kotlin.reflect.jvm.internal.impl.load.kotlin.JavaClassDataFinder                : loaded 2 times (x 77B)
Class kotlin.reflect.jvm.internal.impl.load.java.JavaTypeEnhancementState             : loaded 2 times (x 74B)
Class kotlin.reflect.jvm.internal.impl.descriptors.impl.DeclarationDescriptorImpl     : loaded 2 times (x 90B)
Class [Lkotlin.reflect.jvm.internal.impl.storage.LockBasedStorageManager$NotValue;    : loaded 2 times (x 71B)
Class kotlin.reflect.jvm.internal.impl.descriptors.ModuleDescriptor                   : loaded 2 times (x 72B)
Class kotlin.jvm.functions.Function22                                                 : loaded 2 times (x 72B)
Class org.apache.commons.io.output.QueueOutputStream                                  : loaded 2 times (x 89B)
Class com.google.common.reflect.Types$ClassOwnership$3                                : loaded 2 times (x 73B)
Class kotlinx.coroutines.internal.SystemPropsKt                                       : loaded 2 times (x 73B)
Class org.jetbrains.kotlin.gradle.tasks.configuration.BaseKotlinCompileConfig$2$1$1$2 : loaded 2 times (x 76B)
Class org.jetbrains.kotlin.gradle.plugin.mpp.KotlinCompilationsKt$addSourcesToKotlinCompileTask$configureAction$2: loaded 2 times (x 81B)
Class org.jetbrains.kotlin.gradle.plugin.mpp.compilationImpl.KotlinCompilationTaskNamesContainer: loaded 2 times (x 74B)
Class org.jetbrains.kotlin.gradle.plugin.mpp.compilationImpl.factory.KotlinCompilationImplFactory$KotlinCompilerOptionsFactory: loaded 2 times (x 72B)
Class org.jetbrains.kotlin.gradle.internal.properties.PropertiesBuildServiceKt$propertyWithDeprecatedName$1: loaded 2 times (x 77B)
Class org.jetbrains.kotlin.gradle.targets.js.npm.NpmDependencyExtension               : loaded 2 times (x 72B)
Class org.jetbrains.kotlin.gradle.plugin.LanguageSettingsBuilder                      : loaded 2 times (x 72B)
Class org.jetbrains.kotlin.gradle.plugin.diagnostics.checkers.WasmWasiEnvironmentChecker: loaded 2 times (x 78B)
Class org.jetbrains.kotlin.gradle.plugin.diagnostics.checkers.WasmJsEnvironmentChecker$3: loaded 2 times (x 80B)
Class org.jetbrains.kotlin.gradle.targets.ConfigureBuildSideEffectKt                  : loaded 2 times (x 73B)
Class org.jetbrains.kotlin.gradle.plugin.statistics.BuildFusService$Companion$registerIfAbsentImpl$generalConfigurationMetricsProvider$1: loaded 2 times (x 77B)
Class [Lorg.jetbrains.kotlin.statistics.metrics.StringMetrics;                        : loaded 2 times (x 71B)
Class org.jetbrains.kotlin.gradle.plugin.BuildEventsListenerRegistryHolder$Companion  : loaded 2 times (x 73B)
Class org.jetbrains.kotlin.gradle.internal.properties.PropertiesBuildService$Inject   : loaded 2 times (x 98B)
Class com.google.common.util.concurrent.SettableFuture                                : loaded 2 times (x 116B)
Class com.google.common.cache.LocalCache$Strength$2                                   : loaded 2 times (x 83B)
Class org.jetbrains.kotlin.gradle.targets.ConfigureNonPackedKlibConsumingSideEffectKt : loaded 2 times (x 73B)
Class org.jetbrains.kotlin.protobuf.CodedOutputStream$OutOfSpaceException             : loaded 2 times (x 84B)
Class org.jetbrains.kotlin.metadata.ProtoBuf$Annotation$Argument$Value                : loaded 2 times (x 129B)
Class [Lorg.jetbrains.kotlin.daemon.common.DaemonReportCategory;                      : loaded 2 times (x 71B)
Class kotlin.reflect.jvm.internal.impl.metadata.jvm.deserialization.JvmMemberSignature$Field: loaded 2 times (x 77B)
Class kotlin.reflect.jvm.internal.calls.Caller                                        : loaded 2 times (x 72B)
Class kotlin.reflect.jvm.internal.impl.load.java.JavaDescriptorVisibilities$1         : loaded 2 times (x 78B)
Class kotlin.reflect.jvm.internal.impl.resolve.scopes.receivers.ThisClassReceiver     : loaded 2 times (x 72B)
Class [Lkotlin.reflect.jvm.internal.impl.load.java.typeEnhancement.TypeComponentPosition;: loaded 2 times (x 71B)
Class kotlin.reflect.jvm.internal.impl.load.java.components.JavaAnnotationMapper      : loaded 2 times (x 73B)
Class kotlin.reflect.jvm.internal.impl.serialization.deserialization.MemberDeserializer: loaded 2 times (x 74B)
Class kotlin.reflect.jvm.internal.impl.serialization.deserialization.ClassDeserializer: loaded 2 times (x 74B)
Class kotlin.reflect.jvm.internal.impl.types.KotlinTypeFactory$EMPTY_REFINED_TYPE_FACTORY$1: loaded 2 times (x 80B)
Class kotlin.reflect.jvm.internal.impl.utils.WrappedValues                            : loaded 2 times (x 73B)
Class kotlin.reflect.jvm.internal.impl.descriptors.ModuleCapability                   : loaded 2 times (x 74B)
Class kotlin.reflect.jvm.internal.impl.storage.LockBasedStorageManager$ExceptionHandlingStrategy: loaded 2 times (x 72B)
Class kotlin.text.StringsKt__RegexExtensionsJVMKt                                     : loaded 2 times (x 73B)
Class kotlin.collections.ArraysKt___ArraysJvmKt                                       : loaded 2 times (x 73B)
Class kotlin.reflect.KTypeParameter                                                   : loaded 2 times (x 72B)
Class kotlin.collections.CollectionsKt__CollectionsKt                                 : loaded 2 times (x 73B)
Class com.google.common.collect.ComparisonChain$1                                     : loaded 2 times (x 83B)
Class kotlinx.coroutines.DispatchedTask                                               : loaded 2 times (x 82B)
Class com.google.common.io.ByteStreams                                                : loaded 2 times (x 73B)
Class com.google.common.collect.AllEqualOrdering                                      : loaded 2 times (x 116B)
Class com.google.common.collect.Interners$InternerImpl                                : loaded 2 times (x 77B)
Class com.google.common.collect.Interner                                              : loaded 2 times (x 72B)
Class com.google.common.collect.TransformedIterator                                   : loaded 2 times (x 82B)
Class com.google.common.base.Splitter$1                                               : loaded 2 times (x 79B)
Class org.jetbrains.kotlin.gradle.tasks.KotlinJavaToolchain$JdkSetter                 : loaded 2 times (x 72B)
Class org.jetbrains.kotlin.gradle.plugin.KotlinPluginLifecycle$ProjectConfigurationResult$Success: loaded 2 times (x 73B)
Class org.jetbrains.kotlin.gradle.internal.StdlibDependencyManagementKt$configureStdlibVersionAlignment$1: loaded 2 times (x 77B)
Class org.jetbrains.kotlin.gradle.plugin.diagnostics.checkers.OverriddenKotlinNativeHomeChecker$allKonanMainSubdirectoriesExist$1$1: loaded 2 times (x 77B)
Class org.jetbrains.kotlin.gradle.dsl.PlatformSourceSetConventionsChecker$CheckedPlatformInfo: loaded 2 times (x 74B)
Class org.jetbrains.kotlin.gradle.plugin.diagnostics.checkers.WasmJsEnvironmentChecker$4: loaded 2 times (x 80B)
Class org.jetbrains.kotlin.gradle.plugin.mpp.KotlinUsages$KotlinCinteropDisambiguation: loaded 2 times (x 78B)
Class org.jetbrains.kotlin.gradle.plugin.KotlinPluginInMultipleProjectsHolder         : loaded 2 times (x 74B)
Class org.jetbrains.kotlin.gradle.report.BuildReportType$Companion                    : loaded 2 times (x 73B)
Class com.google.common.cache.LocalCache$Strength$3                                   : loaded 2 times (x 83B)
Class com.google.common.collect.MapDifference                                         : loaded 2 times (x 72B)
Class org.jetbrains.kotlin.gradle.plugin.diagnostics.checkers.MissingNativeStdlibChecker: loaded 2 times (x 76B)
Class org.jetbrains.kotlin.daemon.common.CompileIterationResult                       : loaded 2 times (x 74B)
Class org.jetbrains.kotlin.daemon.common.CompilationResults                           : loaded 2 times (x 72B)
Class org.jetbrains.kotlin.config.LanguageFeatureBehaviorAfterSinceVersion            : loaded 2 times (x 73B)
Class [Lorg.jetbrains.kotlin.config.LanguageFeature;                                  : loaded 2 times (x 71B)
Class kotlin.reflect.jvm.internal.impl.load.java.JavaDescriptorVisibilities$2         : loaded 2 times (x 78B)
Class kotlin.reflect.jvm.internal.impl.types.TypeCheckerState                         : loaded 2 times (x 77B)
Class kotlin.reflect.jvm.internal.impl.types.IndexedParametersSubstitution            : loaded 2 times (x 80B)
Class kotlin.reflect.jvm.internal.impl.descriptors.impl.AbstractReceiverParameterDescriptor: loaded 2 times (x 139B)
Class kotlin.reflect.jvm.internal.impl.load.java.structure.JavaClass                  : loaded 2 times (x 72B)
Class kotlin.reflect.jvm.internal.impl.descriptors.DescriptorVisibility               : loaded 2 times (x 77B)
Class kotlin.reflect.jvm.internal.impl.descriptors.Modality$Companion                 : loaded 2 times (x 73B)
Class kotlin.reflect.jvm.internal.impl.load.kotlin.DeserializedDescriptorResolver$Companion: loaded 2 times (x 73B)
Class kotlin._Assertions                                                              : loaded 2 times (x 73B)
Class kotlin.text.Regex$Companion                                                     : loaded 2 times (x 73B)
Class com.google.common.reflect.Invokable                                             : loaded 2 times (x 105B)
Class com.google.common.collect.MapMaker$Dummy                                        : loaded 2 times (x 81B)
Class org.jetbrains.kotlin.gradle.tasks.KotlinCompilerPluginData$InputsOutputsState   : loaded 2 times (x 74B)
Class org.jetbrains.kotlin.gradle.plugin.mpp.compilationImpl.DefaultKotlinCompilationFriendPathsResolver$CompositeFriendArtifactResolver: loaded 2 times (x 77B)
Class org.jetbrains.kotlin.gradle.plugin.sources.FragmentConsistencyChecks$optInAnnotationsCheck$1: loaded 2 times (x 81B)
Class org.jetbrains.kotlin.gradle.plugin.mpp.AbstractKotlinCompilationToRunnableFiles : loaded 2 times (x 202B)
Class org.jetbrains.kotlin.gradle.artifacts.KotlinMetadataArtifactKt$KotlinMetadataArtifact$1: loaded 2 times (x 76B)
Class org.jetbrains.kotlin.gradle.plugin.mpp.KotlinUsages$KotlinMetadataCompatibility : loaded 2 times (x 78B)
Class [Lorg.jetbrains.kotlin.gradle.dsl.JvmTarget;                                    : loaded 2 times (x 71B)
Class org.jetbrains.kotlin.gradle.utils.ConfigurationsKt$maybeCreateResolvable$1      : loaded 2 times (x 80B)
Class org.jetbrains.kotlin.gradle.plugin.StatisticsBuildFlowManager$Companion         : loaded 2 times (x 73B)
Class org.jetbrains.kotlin.statistics.metrics.StringMetrics$Companion                 : loaded 2 times (x 73B)
Class org.jetbrains.kotlin.gradle.internal.properties.PropertiesBuildService$property$1$1: loaded 2 times (x 77B)
Class org.jetbrains.kotlin.tooling.core.Extras$Type                                   : loaded 2 times (x 74B)
Class org.objectweb.asm.FieldWriter                                                   : loaded 2 times (x 79B)
Class com.google.common.cache.CacheBuilder$NullListener                               : loaded 2 times (x 84B)
Class org.gradle.internal.classpath.TransformedClassPath                              : loaded 2 times (x 98B)
Class org.gradle.internal.classloader.InstrumentingClassLoader                        : loaded 2 times (x 72B)
Class org.jetbrains.kotlin.gradle.targets.js.npm.NpmDependencyExtensionKt$defaultNpmDependencyDelegate$1: loaded 2 times (x 168B)
Class org.jetbrains.kotlin.metadata.ProtoBuf$MemberKind$1                             : loaded 2 times (x 76B)
Class org.jetbrains.kotlin.metadata.jvm.JvmProtoBuf$StringTableTypes$RecordOrBuilder  : loaded 2 times (x 72B)
Class [Lorg.jetbrains.org.objectweb.asm.SymbolTable$Entry;                            : loaded 2 times (x 71B)
Class org.jetbrains.kotlin.resolve.jvm.JvmClassName                                   : loaded 2 times (x 78B)
Class [Lorg.jetbrains.kotlin.daemon.common.CompileService$TargetPlatform;             : loaded 2 times (x 71B)
Class org.jetbrains.kotlin.daemon.client.KotlinCompilerClient$DaemonSearchResult$Found: loaded 2 times (x 74B)
Class org.jetbrains.kotlin.daemon.common.RestPropMapper                               : loaded 2 times (x 76B)
Class kotlin.reflect.jvm.KTypesJvm                                                    : loaded 2 times (x 73B)
Class kotlin.reflect.jvm.internal.impl.load.java.JavaDescriptorVisibilities$3         : loaded 2 times (x 78B)
Class [Lkotlin.reflect.jvm.internal.impl.resolve.OverridingUtil$OverrideCompatibilityInfo$Result;: loaded 2 times (x 71B)
Class kotlin.reflect.jvm.internal.impl.metadata.ProtoBuf$QualifiedNameTable$QualifiedName: loaded 2 times (x 98B)
Class kotlin.reflect.jvm.internal.impl.load.java.lazy.LazyJavaAnnotations             : loaded 2 times (x 87B)
Class kotlin.reflect.jvm.internal.impl.descriptors.deserialization.ClassDescriptorFactory: loaded 2 times (x 72B)
Class kotlin.reflect.jvm.internal.impl.protobuf.GeneratedMessageLite$ExtendableMessage: loaded 2 times (x 101B)
Class [Lkotlin.reflect.jvm.internal.impl.renderer.AnnotationArgumentsRenderingPolicy; : loaded 2 times (x 71B)
Class kotlin.reflect.jvm.internal.impl.load.java.components.SignaturePropagator$1     : loaded 2 times (x 77B)
Class kotlin.jvm.internal.FunctionReference                                           : loaded 2 times (x 128B)
Class kotlin.jvm.internal.FunctionBase                                                : loaded 2 times (x 72B)
Class kotlin.enums.EnumEntriesList                                                    : loaded 2 times (x 225B)
Class org.apache.commons.io.output.UnsynchronizedByteArrayOutputStream                : loaded 2 times (x 104B)
Class com.google.common.reflect.Types$ParameterizedTypeImpl                           : loaded 2 times (x 83B)
Class kotlinx.coroutines.DisposableHandle                                             : loaded 2 times (x 72B)
Class com.google.common.collect.ImmutableListMultimap                                 : loaded 2 times (x 178B)
Class org.jetbrains.kotlin.com.google.common.base.Preconditions                       : loaded 2 times (x 73B)
Class org.jetbrains.kotlin.gradle.report.BuildScanSettings                            : loaded 2 times (x 74B)
Class org.jetbrains.kotlin.compilerRunner.ProjectFilesForCompilation$Companion        : loaded 2 times (x 73B)
Class org.jetbrains.kotlin.compilerRunner.ProjectFilesForCompilation                  : loaded 2 times (x 74B)
Class org.jetbrains.kotlin.gradle.logging.GradleErrorMessageCollector                 : loaded 2 times (x 79B)
Class org.jetbrains.kotlin.gradle.tasks.OOMErrorException                             : loaded 2 times (x 84B)
Class com.google.common.collect.ImmutableRangeSet$AsSet                               : loaded 2 times (x 302B)
Class org.jetbrains.kotlin.gradle.plugin.sources.FragmentConsistencyChecks$optInAnnotationsCheck$2: loaded 2 times (x 80B)
Class org.jetbrains.kotlin.gradle.targets.NativeForwardImplementationToApiElementsSideEffectKt$special$$inlined$KotlinTargetSideEffect$1: loaded 2 times (x 76B)
Class org.jetbrains.kotlin.gradle.plugin.statistics.BuildFusServiceKt                 : loaded 2 times (x 73B)
Class org.jetbrains.kotlin.gradle.plugin.BuildFinishedListenerService$Companion       : loaded 2 times (x 73B)
Class org.jetbrains.kotlin.gradle.plugin.BuildFinishedListenerService                 : loaded 2 times (x 82B)
Class com.google.common.cache.CacheLoader$FunctionToCacheLoader                       : loaded 2 times (x 77B)
Class com.google.common.collect.Iterators$ArrayItr                                    : loaded 2 times (x 99B)
Class com.google.common.collect.ImmutableCollection$Builder                           : loaded 2 times (x 78B)
Class org.jetbrains.kotlin.gradle.plugin.KotlinPluginLifecycleImpl$launch$coroutine$1 : loaded 2 times (x 78B)
Class org.jetbrains.kotlin.metadata.jvm.JvmProtoBuf$StringTableTypes                  : loaded 2 times (x 112B)
Class kotlin.comparisons.ComparisonsKt___ComparisonsJvmKt                             : loaded 2 times (x 73B)
Class org.jetbrains.kotlin.gradle.internal.KotlinDomApiDependencyManagementKt         : loaded 2 times (x 73B)
Class kotlin.collections.builders.ListBuilder$Companion                               : loaded 2 times (x 73B)
Class kotlin.collections.builders.ListBuilder                                         : loaded 2 times (x 209B)
Class org.jetbrains.kotlin.daemon.client.DaemonProblemReportingOutputListenerKt       : loaded 2 times (x 73B)
Class org.jetbrains.kotlin.config.LanguageFeature                                     : loaded 2 times (x 81B)
Class kotlin.collections.builders.AbstractMapBuilderEntrySet                          : loaded 2 times (x 146B)
Class kotlin.reflect.jvm.internal.impl.descriptors.impl.LazyClassReceiverParameterDescriptor: loaded 2 times (x 139B)
Class kotlin.reflect.jvm.internal.impl.metadata.ProtoBuf$QualifiedNameTable$QualifiedName$Kind$1: loaded 2 times (x 76B)
Class kotlin.reflect.jvm.internal.impl.serialization.deserialization.ClassDeserializer$ClassKey: loaded 2 times (x 74B)
Class kotlin.reflect.jvm.internal.impl.metadata.ProtoBuf$Type$1                       : loaded 2 times (x 89B)
Class kotlin.reflect.jvm.internal.impl.descriptors.PropertySetterDescriptor           : loaded 2 times (x 72B)
Class kotlin.reflect.jvm.internal.impl.descriptors.impl.VariableDescriptorWithInitializerImpl: loaded 2 times (x 144B)
Class kotlin.reflect.jvm.internal.impl.renderer.DescriptorRendererOptionsImpl         : loaded 2 times (x 94B)
Class kotlin.reflect.jvm.internal.impl.load.java.JavaClassesTracker$Default           : loaded 2 times (x 76B)
Class kotlin.reflect.jvm.internal.impl.name.FqNamesUtilKt                             : loaded 2 times (x 73B)
Class kotlin.collections.CollectionsKt__IteratorsJVMKt                                : loaded 2 times (x 73B)
Class org.apache.commons.io.output.ByteArrayOutputStream                              : loaded 2 times (x 104B)
Class com.google.common.reflect.TypeResolver$TypeVariableKey                          : loaded 2 times (x 74B)
Class kotlinx.coroutines.scheduling.CoroutineScheduler$Companion                      : loaded 2 times (x 73B)
Class com.google.common.collect.EmptyImmutableListMultimap                            : loaded 2 times (x 178B)
Class com.google.common.collect.BaseImmutableMultimap                                 : loaded 2 times (x 125B)
Class org.jetbrains.kotlin.gradle.internal.name.ClassId$Companion                     : loaded 2 times (x 73B)
Class org.jetbrains.kotlin.gradle.plugin.statistics.BuildFusService$onFinish$2        : loaded 2 times (x 81B)
Class org.jetbrains.kotlin.gradle.tasks.AbstractKotlinCompileTool$sources$1           : loaded 2 times (x 81B)
Class org.jetbrains.kotlin.gradle.tasks.configuration.TaskConfigAction                : loaded 2 times (x 74B)
Class com.google.common.base.Joiner                                                   : loaded 2 times (x 81B)
Class org.jetbrains.kotlin.gradle.plugin.diagnostics.checkers.OverriddenKotlinNativeHomeChecker$allKonanMainSubdirectoriesExist$1: loaded 2 times (x 77B)
Class org.jetbrains.kotlin.gradle.plugin.AbstractKotlinPlugin$Companion               : loaded 2 times (x 73B)
Class org.jetbrains.kotlin.gradle.plugin.KotlinSourceSetTree                          : loaded 2 times (x 74B)
Class org.jetbrains.kotlin.gradle.plugin.KotlinPluginLifecycle$Stage                  : loaded 2 times (x 81B)
Class [Lorg.jetbrains.kotlin.gradle.plugin.diagnostics.checkers.GradleDeprecatedPropertyChecker$DeprecatedProperty;: loaded 2 times (x 71B)
Class org.jetbrains.kotlin.gradle.plugin.mpp.compilationImpl.KotlinCreateResourcesTaskSideEffectKt$KotlinCreateResourcesTaskSideEffect$1: loaded 2 times (x 76B)
Class org.jetbrains.kotlin.gradle.targets.jvm.KotlinJvmTargetTestFixturesSideEffectKt : loaded 2 times (x 73B)
Class org.jetbrains.kotlin.gradle.plugin.sources.KotlinSourceSetFactory               : loaded 2 times (x 82B)
Class org.jetbrains.kotlin.gradle.targets.native.toolchain.KotlinNativeBundleBuildService$Parameters_Decorated: loaded 2 times (x 141B)
Class org.jetbrains.kotlin.gradle.internal.ClassLoadersCachingBuildService$Companion  : loaded 2 times (x 73B)
Class org.jetbrains.kotlin.gradle.internal.IdeaKt$isInIdeaSync$1                      : loaded 2 times (x 76B)
Class com.google.common.base.MoreObjects                                              : loaded 2 times (x 73B)
Class org.jetbrains.kotlin.metadata.jvm.JvmProtoBuf$StringTableTypes$1                : loaded 2 times (x 146B)
Class org.jetbrains.kotlin.metadata.ProtoBuf$PropertyOrBuilder                        : loaded 2 times (x 72B)
Class [Lorg.jetbrains.kotlin.com.intellij.openapi.diagnostic.LogLevel;                : loaded 2 times (x 71B)
Class org.jetbrains.kotlin.metadata.ProtoBuf$Constructor$1                            : loaded 2 times (x 146B)
Class org.jetbrains.org.objectweb.asm.tree.LabelNode                                  : loaded 2 times (x 82B)
Class org.jetbrains.kotlin.daemon.common.CompilerMode                                 : loaded 2 times (x 81B)
Class org.jetbrains.kotlin.daemon.common.DaemonParamsKt$daemonJVMOptionsMemoryProps$1 : loaded 2 times (x 143B)
Class org.jetbrains.kotlin.config.LanguageOrApiVersion                                : loaded 2 times (x 72B)
Class org.jetbrains.kotlin.gradle.tasks.CInteropProcess                               : loaded 2 times (x 346B)
Class kotlin.reflect.jvm.internal.impl.descriptors.java.JavaVisibilities$ProtectedStaticVisibility: loaded 2 times (x 77B)
Class kotlin.reflect.jvm.internal.impl.descriptors.Visibilities                       : loaded 2 times (x 73B)
Class kotlin.reflect.jvm.internal.impl.serialization.deserialization.descriptors.DeserializedClassDescriptor$DeserializedClassMemberScope$generateFakeOverrides$1: loaded 2 times (x 79B)
Class kotlin.reflect.jvm.internal.impl.serialization.deserialization.descriptors.DeserializedClassDescriptor$DeserializedClassTypeConstructor: loaded 2 times (x 99B)
Class kotlin.reflect.jvm.internal.impl.load.kotlin.header.ReadKotlinClassHeaderAnnotationVisitor$KotlinMetadataArgumentVisitor: loaded 2 times (x 88B)
Class kotlin.reflect.jvm.internal.impl.utils.SmartList                                : loaded 2 times (x 201B)
Class [Lkotlin.reflect.jvm.internal.impl.incremental.components.NoLookupLocation;     : loaded 2 times (x 71B)
Class kotlin.reflect.KProperty0                                                       : loaded 2 times (x 72B)
Class org.gradle.kotlin.dsl.Accessors2sci8yewa96g0fyfhouaecr70Kt                      : loaded 2 times (x 73B)
Class org.jetbrains.kotlin.compilerRunner.ReportUtilsKt                               : loaded 2 times (x 73B)
Class kotlinx.coroutines.internal.ThreadState                                         : loaded 2 times (x 74B)
Class kotlinx.coroutines.scheduling.NanoTimeSource                                    : loaded 2 times (x 74B)
Class kotlinx.coroutines.BuildersKt__BuildersKt                                       : loaded 2 times (x 73B)
Class org.jetbrains.kotlin.compilerRunner.OutputItemsCollectorImpl                    : loaded 2 times (x 79B)
Class com.google.common.base.Splitter$5                                               : loaded 2 times (x 82B)
Class [Lorg.jetbrains.kotlin.build.report.metrics.BuildAttribute;                     : loaded 2 times (x 71B)
Class org.jetbrains.kotlin.gradle.utils.ProviderApiUtilsKt$mapOrNull$1$1              : loaded 2 times (x 77B)
Class org.jetbrains.kotlin.gradle.plugin.hierarchy.KotlinSourceSetTreeClassifier$Default: loaded 2 times (x 73B)
Class org.jetbrains.kotlin.gradle.tasks.configuration.AbstractKotlinCompileConfig     : loaded 2 times (x 74B)
Class org.jetbrains.kotlin.gradle.plugin.mpp.InternalKotlinCompilationKt              : loaded 2 times (x 73B)
Class org.jetbrains.kotlin.gradle.plugin.mpp.compilationImpl.KotlinCompilationImpl$attributes$2: loaded 2 times (x 81B)
Class org.jetbrains.kotlin.gradle.plugin.diagnostics.checkers.OverriddenKotlinNativeHomeChecker$StdlibExistenceCheckerValueSource: loaded 2 times (x 80B)
Class org.jetbrains.kotlin.gradle.plugin.StatisticsBuildFlowManager$subscribeForBuildResultAndConfigurationTimeMetrics$1$1: loaded 2 times (x 76B)
Class org.jetbrains.kotlin.gradle.plugin.statistics.BuildFinishBuildService$Parameters: loaded 2 times (x 72B)
Class org.jetbrains.kotlin.gradle.utils.IsolatedKotlinClasspathClassCastException     : loaded 2 times (x 84B)
Class com.google.common.collect.Platform                                              : loaded 2 times (x 73B)
Class [Lorg.objectweb.asm.Type;                                                       : loaded 2 times (x 71B)
Class com.google.common.collect.UnmodifiableIterator                                  : loaded 2 times (x 82B)
Class org.gradle.internal.service.ServiceLocator                                      : loaded 2 times (x 72B)
Class org.jetbrains.kotlin.gradle.plugin.mpp.KotlinVariantWithCoordinates             : loaded 2 times (x 110B)
Class org.jetbrains.kotlin.load.kotlin.header.ReadKotlinClassHeaderAnnotationVisitor$CollectStringArrayAnnotationVisitor: loaded 2 times (x 87B)
Class org.jetbrains.kotlin.daemon.common.DaemonParamsKt$daemonJVMOptionsMemoryProps$2 : loaded 2 times (x 143B)
Class [Lkotlin.Function;                                                              : loaded 2 times (x 71B)
Class org.jetbrains.kotlin.com.intellij.openapi.progress.ProcessCanceledException     : loaded 2 times (x 84B)
Class kotlin.reflect.jvm.internal.impl.load.java.SpecialGenericSignatures$Companion$NameAndSignature: loaded 2 times (x 74B)
Class kotlin.reflect.jvm.internal.impl.descriptors.impl.ValueParameterDescriptorImpl  : loaded 2 times (x 166B)
Class kotlin.sequences.TransformingSequence$iterator$1                                : loaded 2 times (x 81B)
Class kotlin.reflect.jvm.internal.impl.metadata.deserialization.NameResolverImpl      : loaded 2 times (x 79B)
Class kotlin.reflect.jvm.internal.impl.load.java.structure.JavaTypeParameterListOwner : loaded 2 times (x 72B)
Class kotlin.reflect.jvm.internal.impl.metadata.deserialization.VersionSpecificBehaviorKt: loaded 2 times (x 73B)
Class [Lkotlin.reflect.jvm.internal.impl.descriptors.impl.DeclarationDescriptorImpl;  : loaded 2 times (x 71B)
Class [Lkotlin.reflect.jvm.internal.impl.metadata.ProtoBuf$Annotation$Argument$Value$Type;: loaded 2 times (x 71B)
Class kotlin.reflect.jvm.internal.impl.metadata.jvm.JvmProtoBuf$JvmFieldSignature     : loaded 2 times (x 98B)
Class kotlin.reflect.jvm.internal.impl.protobuf.SmallSortedMap                        : loaded 2 times (x 130B)
Class kotlin.reflect.jvm.internal.impl.protobuf.LazyField                             : loaded 2 times (x 79B)
Class kotlin.reflect.jvm.internal.impl.storage.DefaultSimpleLock                      : loaded 2 times (x 80B)
Class kotlin.Pair                                                                     : loaded 2 times (x 74B)
Class kotlin.reflect.KProperty1                                                       : loaded 2 times (x 72B)
Class kotlin.reflect.KClass                                                           : loaded 2 times (x 72B)
Class org.apache.commons.io.FileExistsException                                       : loaded 2 times (x 84B)
Class org.jetbrains.kotlin.gradle.report.TaskExecutionInfo                            : loaded 2 times (x 74B)
Class com.google.common.collect.ImmutableSortedMap$Builder                            : loaded 2 times (x 92B)
Class com.google.common.collect.HashBiMap$BiEntry                                     : loaded 2 times (x 84B)
Class org.jetbrains.kotlin.gradle.tasks.DefaultKotlinJavaToolchain$DefaultJavaToolchainSetter$useAsConvention$1: loaded 2 times (x 77B)
Class org.jetbrains.kotlin.gradle.plugin.KotlinCompilerArgumentsProducer$CreateCompilerArgumentsContext: loaded 2 times (x 72B)
Class org.jetbrains.kotlin.gradle.utils.GradleAttributesContainerUtilsKt$copyAttributeTo$1: loaded 2 times (x 81B)
Class org.jetbrains.kotlin.gradle.plugin.hierarchy.KotlinSourceSetTreeClassifierKt$classify$1: loaded 2 times (x 89B)
Class com.google.common.collect.SingletonImmutableBiMap                               : loaded 2 times (x 145B)
Class [Lorg.jetbrains.kotlin.konan.target.KonanTarget;                                : loaded 2 times (x 71B)
Class org.jetbrains.kotlin.gradle.plugin.diagnostics.checkers.WasmSourceSetsNotFoundChecker: loaded 2 times (x 76B)
Class org.jetbrains.kotlin.gradle.plugin.diagnostics.checkers.AndroidSourceSetLayoutV1SourceSetsNotFoundChecker$androidSourceSetRegex$2: loaded 2 times (x 80B)
Class org.jetbrains.kotlin.gradle.plugin.statistics.KotlinBuildStatsLoggerService$Companion: loaded 2 times (x 73B)
Class com.google.common.base.Ascii                                                    : loaded 2 times (x 73B)
Class com.google.common.cache.LocalCache$1                                            : loaded 2 times (x 91B)
Class com.google.common.collect.Iterators$SingletonIterator                           : loaded 2 times (x 83B)
Class com.google.common.collect.AbstractMapEntry                                      : loaded 2 times (x 83B)
Class org.jetbrains.kotlin.daemon.common.DaemonParamsKt$daemonJVMOptionsMemoryProps$3 : loaded 2 times (x 143B)
Class kotlin.reflect.jvm.internal.impl.serialization.deserialization.descriptors.DescriptorWithContainerSource: loaded 2 times (x 72B)
Class kotlin.sequences.GeneratorSequence$iterator$1                                   : loaded 2 times (x 81B)
Class kotlin.reflect.jvm.internal.impl.load.java.structure.JavaPrimitiveType          : loaded 2 times (x 72B)
Class kotlin.io.CloseableKt                                                           : loaded 2 times (x 73B)
Class kotlin.reflect.jvm.internal.impl.metadata.ProtoBuf$Annotation$Argument$Value$Builder: loaded 2 times (x 93B)
Class kotlin.reflect.jvm.internal.impl.metadata.jvm.JvmProtoBuf$StringTableTypes      : loaded 2 times (x 98B)
Class kotlin.reflect.jvm.internal.impl.descriptors.Visibilities$Inherited             : loaded 2 times (x 77B)
Class kotlin.reflect.jvm.internal.impl.load.java.NullabilityAnnotationStates$Companion: loaded 2 times (x 73B)
Class kotlin.reflect.jvm.internal.impl.load.kotlin.KotlinClassFinder                  : loaded 2 times (x 72B)
Class kotlin.reflect.KProperty2                                                       : loaded 2 times (x 72B)
Class kotlin.collections.CollectionsKt__MutableCollectionsKt                          : loaded 2 times (x 73B)
Class com.google.common.io.CharSource$StringCharSource                                : loaded 2 times (x 88B)
Class com.google.common.reflect.TypeToken$SimpleTypeToken                             : loaded 2 times (x 75B)
Class com.google.common.io.ByteSource$ByteArrayByteSource                             : loaded 2 times (x 87B)
Class kotlinx.coroutines.scheduling.GlobalQueue                                       : loaded 2 times (x 74B)
Class com.google.common.collect.AbstractSetMultimap                                   : loaded 2 times (x 175B)
Class com.google.common.collect.MapMakerInternalMap$AbstractStrongKeyEntry            : loaded 2 times (x 82B)
Class org.jetbrains.kotlin.gradle.plugin.KotlinCompilationWithResources               : loaded 2 times (x 72B)
Class com.google.common.collect.Sets$ImprovedAbstractSet                              : loaded 2 times (x 137B)
Class com.google.common.collect.ImmutableList$Builder                                 : loaded 2 times (x 79B)
Class org.jetbrains.kotlin.gradle.plugin.KotlinTargetPreset                           : loaded 2 times (x 72B)
Class org.jetbrains.kotlin.gradle.plugin.diagnostics.checkers.KotlinTargetAlreadyDeclaredChecker: loaded 2 times (x 76B)
Class org.jetbrains.kotlin.gradle.plugin.mpp.compilationImpl.KotlinCompilationProcessorSideEffectKt: loaded 2 times (x 73B)
Class org.jetbrains.kotlin.gradle.utils.FileUtilsKt$localProperties$1                 : loaded 2 times (x 77B)
Class org.jetbrains.kotlin.gradle.dsl.HasConfigurableKotlinCompilerOptions            : loaded 2 times (x 72B)
Class com.google.common.collect.AbstractMultimap                                      : loaded 2 times (x 125B)
Class com.google.common.cache.LocalCache$2                                            : loaded 2 times (x 144B)
Class org.jetbrains.kotlin.metadata.deserialization.ProtoBufUtilKt                    : loaded 2 times (x 73B)
Class kotlin.io.TerminateException                                                    : loaded 2 times (x 84B)
Class [Lcom.google.common.base.AbstractIterator$State;                                : loaded 2 times (x 71B)
Class org.jetbrains.kotlin.daemon.client.KotlinCompilerClient$tryFindSuitableDaemonOrNewOpts$$inlined$compareBy$1: loaded 2 times (x 92B)
Class kotlin.io.FilesKt__FilePathComponentsKt                                         : loaded 2 times (x 73B)
Class org.jetbrains.kotlin.config.MavenComparableVersion$IntegerItem                  : loaded 2 times (x 82B)
Class kotlin.reflect.jvm.internal.impl.resolve.DescriptorFactory                      : loaded 2 times (x 73B)
Class kotlin.reflect.jvm.internal.impl.metadata.ProtoBuf$Annotation$Argument$1        : loaded 2 times (x 89B)
Class kotlin.reflect.jvm.internal.impl.types.SimpleTypeImpl                           : loaded 2 times (x 91B)
Class kotlin.reflect.jvm.internal.impl.renderer.DescriptorRendererImpl                : loaded 2 times (x 101B)
Class kotlin.reflect.jvm.internal.impl.renderer.DescriptorRenderer$Companion          : loaded 2 times (x 73B)
Class kotlin.reflect.jvm.internal.impl.storage.LockBasedStorageManager$MapBasedMemoizedFunctionToNotNull: loaded 2 times (x 86B)
Class kotlin.reflect.jvm.internal.impl.utils.CollectionsKt                            : loaded 2 times (x 73B)
Class kotlin.reflect.KCallable                                                        : loaded 2 times (x 72B)
Class org.jetbrains.kotlin.gradle.internal.name.ClassId                               : loaded 2 times (x 74B)
Class org.jetbrains.kotlin.gradle.tasks.configuration.AbstractKotlinCompileConfig$2$1 : loaded 2 times (x 81B)
Class org.jetbrains.kotlin.gradle.tasks.DefaultKotlinJavaToolchain_Decorated          : loaded 2 times (x 124B)
Class org.jetbrains.kotlin.gradle.plugin.statistics.KotlinProjectConfigurationMetrics : loaded 2 times (x 73B)
Class org.jetbrains.kotlin.gradle.plugin.KotlinCompilationInfo$TCS                    : loaded 2 times (x 91B)
Class com.google.common.collect.ImmutableRangeSet$1                                   : loaded 2 times (x 212B)
Class org.jetbrains.kotlin.gradle.plugin.mpp.HasBinaries                              : loaded 2 times (x 72B)
Class org.jetbrains.kotlin.gradle.dsl.KotlinCommonOptions                             : loaded 2 times (x 72B)
Class org.jetbrains.kotlin.gradle.plugin.diagnostics.checkers.KmpPartiallyResolvedDependenciesChecker: loaded 2 times (x 76B)
Class org.jetbrains.kotlin.gradle.plugin.mpp.compilationImpl.KotlinCreateSourcesJarTaskSideEffectKt: loaded 2 times (x 73B)
Class org.jetbrains.kotlin.gradle.dsl.KotlinJvmProjectExtension                       : loaded 2 times (x 149B)
Class org.jetbrains.kotlin.gradle.plugin.KotlinGradlePluginExtensionPointInternalKt   : loaded 2 times (x 73B)
Class org.jetbrains.kotlin.gradle.targets.native.toolchain.UsesKotlinNativeBundleBuildService: loaded 2 times (x 72B)
Class org.jetbrains.kotlin.gradle.plugin.KotlinCompilerArgumentsProducer              : loaded 2 times (x 72B)
Class com.google.common.collect.RegularImmutableAsList                                : loaded 2 times (x 219B)
Class org.jetbrains.kotlin.protobuf.AbstractMessageLite$Builder                       : loaded 2 times (x 124B)
Class org.jetbrains.kotlin.protobuf.Internal$EnumLiteMap                              : loaded 2 times (x 72B)
Class org.jetbrains.org.objectweb.asm.tree.InsnList                                   : loaded 2 times (x 105B)
Class org.jetbrains.kotlin.protobuf.GeneratedMessageLite                              : loaded 2 times (x 103B)
Class org.jetbrains.kotlin.metadata.deserialization.MetadataVersion                   : loaded 2 times (x 75B)
Class org.jetbrains.kotlin.build.report.metrics.RUN_COMPILATION_IN_WORKER             : loaded 2 times (x 74B)
Class org.jetbrains.kotlin.daemon.common.ReportCategory                               : loaded 2 times (x 81B)
Class com.google.common.io.FileWriteMode                                              : loaded 2 times (x 81B)
Class kotlin.io.LinesSequence$iterator$1                                              : loaded 2 times (x 81B)
Class kotlin.collections.AbstractIterator                                             : loaded 2 times (x 85B)
Class kotlin.text.CharsKt                                                             : loaded 2 times (x 73B)
Class kotlin.reflect.jvm.internal.impl.types.model.TypeSystemInferenceExtensionContext: loaded 2 times (x 72B)
Class [Lkotlin.reflect.jvm.internal.impl.descriptors.TypeParameterDescriptor;         : loaded 2 times (x 71B)
Class kotlin.reflect.jvm.internal.impl.serialization.deserialization.descriptors.DeserializedContainerAbiStability: loaded 2 times (x 81B)
Class [Lkotlin.reflect.jvm.internal.impl.metadata.ProtoBuf$Type$Argument$Projection;  : loaded 2 times (x 71B)
Class kotlin.reflect.jvm.internal.impl.descriptors.runtime.structure.ReflectJavaPackage: loaded 2 times (x 84B)
Class kotlin.reflect.jvm.internal.impl.serialization.deserialization.AnnotationAndConstantLoaderImpl: loaded 2 times (x 86B)
Class kotlin.reflect.jvm.internal.impl.metadata.ProtoBuf$Annotation$1                 : loaded 2 times (x 89B)
Class kotlin.reflect.jvm.internal.impl.resolve.scopes.MemberScope$Empty               : loaded 2 times (x 94B)
Class kotlin.reflect.jvm.internal.impl.storage.LockBasedStorageManager$LockBasedNotNullLazyValue: loaded 2 times (x 86B)
Class com.google.common.base.Optional                                                 : loaded 2 times (x 82B)
Class org.jetbrains.kotlin.gradle.tasks.AbstractKotlinCompile$getChangedFiles$1       : loaded 2 times (x 80B)
Class org.jetbrains.kotlin.compilerRunner.IncrementalCompilationEnvironment$Companion : loaded 2 times (x 73B)
Class org.jetbrains.kotlin.build.report.metrics.BuildTimes$Companion                  : loaded 2 times (x 73B)
Class org.jetbrains.kotlin.gradle.internal.tasks.ProducesKlib                         : loaded 2 times (x 72B)
Class org.jetbrains.kotlin.gradle.tasks.configuration.BaseKotlinCompileConfig$1$classpathConfiguration$1: loaded 2 times (x 77B)
Class com.google.common.collect.Range                                                 : loaded 2 times (x 89B)
Class org.jetbrains.kotlin.gradle.targets.js.npm.NpmDependencyExtensionDelegate       : loaded 2 times (x 168B)
Class org.jetbrains.kotlin.gradle.plugin.sources.FragmentConsistencyChecker           : loaded 2 times (x 74B)
Class org.jetbrains.kotlin.gradle.dsl.DefaultToolchainSupport_Decorated               : loaded 2 times (x 122B)
Class org.jetbrains.kotlin.gradle.internal.properties.NativePropertiesLoader$jvmArgs$1: loaded 2 times (x 77B)
Class org.jetbrains.kotlin.gradle.report.BuildMetricsService$Companion                : loaded 2 times (x 73B)
Class org.jetbrains.kotlin.gradle.tasks.KotlinCompileTool                             : loaded 2 times (x 72B)
Class org.jetbrains.kotlin.gradle.plugin.VariantImplementationFactories$Parameters_Decorated: loaded 2 times (x 132B)
Class org.jetbrains.kotlin.gradle.plugin.statistics.BuildFinishBuildService$Parameters_Decorated: loaded 2 times (x 144B)
Class org.jetbrains.kotlin.gradle.plugin.PropertiesProvider$PropertyNames             : loaded 2 times (x 73B)
Class org.jetbrains.kotlin.gradle.utils.SingleAction$PerformedActions                 : loaded 2 times (x 74B)
Class org.jetbrains.kotlin.gradle.utils.GradleUtilsKt                                 : loaded 2 times (x 73B)
Class org.jetbrains.kotlin.gradle.plugin.HasProject                                   : loaded 2 times (x 72B)
Class com.google.common.util.concurrent.AbstractFuture$Trusted                        : loaded 2 times (x 72B)
Class com.google.common.collect.Iterators                                             : loaded 2 times (x 73B)
Class [Lcom.google.common.collect.MapMakerInternalMap$Segment;                        : loaded 2 times (x 71B)
Class com.google.common.collect.SortedSetMultimap                                     : loaded 2 times (x 72B)
Class org.jetbrains.kotlin.protobuf.Parser                                            : loaded 2 times (x 72B)
Class org.jetbrains.org.objectweb.asm.tree.MethodInsnNode                             : loaded 2 times (x 80B)
Class org.jetbrains.org.objectweb.asm.tree.MethodNode                                 : loaded 2 times (x 111B)
Class org.jetbrains.kotlin.load.kotlin.KotlinJvmBinaryClass                           : loaded 2 times (x 72B)
Class kotlin.reflect.jvm.internal.impl.descriptors.impl.PropertySetterDescriptorImpl  : loaded 2 times (x 193B)
Class kotlin.reflect.jvm.internal.impl.serialization.deserialization.AnnotatedCallableKind: loaded 2 times (x 81B)
Class kotlin.reflect.jvm.internal.KDeclarationContainerImpl$MemberBelonginess         : loaded 2 times (x 81B)
Class kotlin.reflect.jvm.internal.impl.serialization.deserialization.ProtoEnumFlagsUtilsKt: loaded 2 times (x 73B)
Class kotlin.reflect.jvm.internal.impl.resolve.scopes.receivers.ReceiverValue         : loaded 2 times (x 72B)
Class kotlin.reflect.jvm.internal.impl.descriptors.impl.ClassDescriptorImpl           : loaded 2 times (x 177B)
Class kotlin.reflect.jvm.internal.KMutableProperty1Impl                               : loaded 2 times (x 137B)
Class kotlin.reflect.jvm.internal.impl.descriptors.CallableMemberDescriptor           : loaded 2 times (x 72B)
Class kotlin.reflect.jvm.internal.impl.descriptors.Substitutable                      : loaded 2 times (x 72B)
Class kotlin.reflect.jvm.internal.impl.descriptors.Modality                           : loaded 2 times (x 81B)
Class kotlin.reflect.jvm.internal.impl.storage.LockBasedStorageManager$NotValue       : loaded 2 times (x 81B)
Class kotlin.reflect.jvm.internal.ModuleByClassLoaderKt                               : loaded 2 times (x 73B)
Class org.jetbrains.kotlin.config.KotlinCompilerVersion                               : loaded 2 times (x 73B)
Class org.jetbrains.kotlin.config.Services                                            : loaded 2 times (x 74B)
Class org.jetbrains.kotlin.gradle.tasks.AbstractKotlinCompile$execute$1$1             : loaded 2 times (x 81B)
Class com.google.common.collect.ExplicitOrdering                                      : loaded 2 times (x 117B)
Class com.google.common.io.ByteSink$AsCharSink                                        : loaded 2 times (x 82B)
Class org.jetbrains.kotlin.gradle.tasks.configuration.AbstractKotlinCompileConfig$2$3 : loaded 2 times (x 77B)
Class org.jetbrains.kotlin.tooling.core.KotlinToolingVersion                          : loaded 2 times (x 77B)
Class org.jetbrains.kotlin.gradle.tasks.configuration.BaseKotlinCompileConfig         : loaded 2 times (x 74B)
Class org.jetbrains.kotlin.gradle.plugin.mpp.compilationImpl.factory.KotlinCompilationImplFactory$KotlinCompilationTaskNamesContainerFactory: loaded 2 times (x 72B)
Class org.jetbrains.kotlin.gradle.internal.KotlinDependenciesManagementKt$CustomizeKotlinDependenciesSetupAction$1$coreLibrariesVersion$1: loaded 2 times (x 81B)
Class org.jetbrains.kotlin.gradle.plugin.diagnostics.checkers.AndroidPublicationNotConfiguredChecker$runChecks$1: loaded 2 times (x 89B)
Class org.jetbrains.kotlin.gradle.plugin.diagnostics.checkers.CInteropInputChecker$runChecks$1: loaded 2 times (x 89B)
Class org.jetbrains.kotlin.gradle.ExperimentalKotlinGradlePluginApi                   : loaded 2 times (x 72B)
Class org.jetbrains.kotlin.gradle.plugin.diagnostics.ToolingDiagnosticRenderingOptionsKt$isAttachedToTerminal$1: loaded 2 times (x 76B)
Class org.jetbrains.kotlin.gradle.internal.properties.NativePropertiesLoader          : loaded 2 times (x 85B)
Class org.jetbrains.kotlin.statistics.metrics.NumberAnonymizationPolicy$SAFE          : loaded 2 times (x 87B)
Class org.jetbrains.kotlin.gradle.plugin.statistics.BuildFusService                   : loaded 2 times (x 86B)
Class org.jetbrains.kotlin.gradle.dsl.KotlinAndroidProjectExtension                   : loaded 2 times (x 141B)
Class com.google.common.collect.Lists$StringAsImmutableList                           : loaded 2 times (x 209B)
Class com.google.common.util.concurrent.UncheckedExecutionException                   : loaded 2 times (x 84B)
Class org.jetbrains.kotlin.protobuf.WireFormat$JavaType                               : loaded 2 times (x 81B)
Class org.jetbrains.org.objectweb.asm.ClassTooLargeException                          : loaded 2 times (x 84B)
Class org.jetbrains.kotlin.metadata.jvm.deserialization.JvmMemberSignature$Method     : loaded 2 times (x 77B)
Class org.jetbrains.kotlin.daemon.client.BasicCompilerServicesWithResultsFacadeServerKt$WhenMappings: loaded 2 times (x 73B)
Class kotlin.io.FileTreeWalk$FileTreeWalkIterator$WhenMappings                        : loaded 2 times (x 73B)
Class org.jetbrains.kotlin.config.MavenComparableVersion                              : loaded 2 times (x 80B)
Class kotlin.collections.builders.MapBuilder$EntriesItr                               : loaded 2 times (x 83B)
Class kotlin.reflect.jvm.internal.impl.resolve.MemberComparator$NameAndTypeMemberComparator: loaded 2 times (x 93B)
Class kotlin.reflect.jvm.internal.impl.load.java.lazy.descriptors.JavaDescriptorUtilKt: loaded 2 times (x 73B)
Class kotlin.reflect.jvm.internal.impl.descriptors.DescriptorUtilKt                   : loaded 2 times (x 73B)
Class kotlin.reflect.jvm.internal.impl.renderer.DescriptorRendererModifier            : loaded 2 times (x 81B)
Class kotlin.reflect.jvm.internal.impl.resolve.constants.ConstantValue                : loaded 2 times (x 76B)
Class kotlin.reflect.jvm.internal.impl.load.java.lazy.ModuleClassResolver             : loaded 2 times (x 72B)
Class kotlin.reflect.jvm.internal.impl.descriptors.annotations.Annotations            : loaded 2 times (x 72B)
Class kotlin.reflect.jvm.internal.impl.descriptors.annotations.Annotated              : loaded 2 times (x 72B)
Class org.jetbrains.kotlin.gradle.tasks.configuration.AbstractKotlinCompileConfig$2$4 : loaded 2 times (x 77B)
Class org.jetbrains.kotlin.gradle.tasks.KotlinCompile$scriptSources$1                 : loaded 2 times (x 77B)
Class org.jetbrains.kotlin.build.report.metrics.BuildAttribute$Companion              : loaded 2 times (x 73B)
Class org.jetbrains.kotlin.gradle.plugin.diagnostics.checkers.CInteropInputChecker$runChecks$2: loaded 2 times (x 77B)
Class org.jetbrains.kotlin.gradle.tasks.configuration.KaptGenerateStubsConfig$Companion: loaded 2 times (x 73B)
Class org.jetbrains.kotlin.gradle.internal.KotlinTestDependencyManagementKt$maybeAddTestDependencyCapability$1: loaded 2 times (x 77B)
Class org.jetbrains.kotlin.gradle.dsl.abi.AbiValidationLegacyDumpExtension            : loaded 2 times (x 72B)
Class org.jetbrains.kotlin.gradle.plugin.diagnostics.CheckKotlinGradlePluginConfigurationErrorsKt: loaded 2 times (x 73B)
Class org.jetbrains.kotlin.gradle.targets.js.npm.NpmDependencyExtensionKt$AddNpmDependencyExtensionProjectSetupAction$1$WhenMappings: loaded 2 times (x 73B)
Class org.jetbrains.kotlin.gradle.plugin.mpp.KotlinJvmAndroidCompilation              : loaded 2 times (x 204B)
Class org.jetbrains.kotlin.gradle.targets.CreateDefaultCompilationsSideEffectKt$CreateDefaultCompilationsSideEffect$1: loaded 2 times (x 76B)
Class org.jetbrains.kotlin.gradle.targets.native.internal.AddKotlinPlatformIntegersSupportLibraryKt$AddKotlinPlatformIntegersSupportLibrary$1: loaded 2 times (x 97B)
Class org.jetbrains.kotlin.gradle.plugin.mpp.ApplyUserDefinedAttributesKt             : loaded 2 times (x 73B)
Class org.jetbrains.kotlin.gradle.utils.FutureImpl                                    : loaded 2 times (x 82B)
Class org.jetbrains.kotlin.gradle.plugin.diagnostics.ToolingDiagnosticRenderingOptionsKt$isAttachedToTerminal$2: loaded 2 times (x 76B)
Class org.jetbrains.kotlin.gradle.internal.properties.NativePropertiesLoader$isToolchainEnabled$1: loaded 2 times (x 77B)
Class [Lorg.jetbrains.kotlin.statistics.metrics.NumericalMetrics;                     : loaded 2 times (x 71B)
Class org.gradle.internal.InternalTransformer                                         : loaded 2 times (x 72B)
Class kotlinx.coroutines.BuildersKt                                                   : loaded 2 times (x 73B)
Class org.jetbrains.kotlin.protobuf.SmallSortedMap$1                                  : loaded 2 times (x 131B)
Class org.jetbrains.org.objectweb.asm.tree.IntInsnNode                                : loaded 2 times (x 80B)
Class kotlin.reflect.KClasses                                                         : loaded 2 times (x 73B)
Class kotlin.reflect.jvm.internal.impl.load.java.descriptors.JavaCallableMemberDescriptor: loaded 2 times (x 72B)
Class kotlin.collections.ArraysKt___ArraysKt$asSequence$$inlined$Sequence$1           : loaded 2 times (x 77B)
Class kotlin.reflect.jvm.internal.impl.metadata.jvm.JvmProtoBuf$JvmPropertySignature$Builder: loaded 2 times (x 93B)
Class kotlin.reflect.jvm.internal.impl.metadata.jvm.JvmProtoBuf$StringTableTypes$Record$Operation$1: loaded 2 times (x 76B)
Class kotlin.reflect.jvm.internal.impl.protobuf.AbstractMessageLite$Builder$LimitedInputStream: loaded 2 times (x 94B)
Class kotlin.reflect.jvm.internal.impl.load.java.lazy.types.JavaTypeResolver          : loaded 2 times (x 74B)
Class kotlin.reflect.jvm.internal.impl.descriptors.deserialization.AdditionalClassPartsProvider: loaded 2 times (x 72B)
Class kotlin.reflect.jvm.internal.impl.descriptors.runtime.components.RuntimeSourceElementFactory: loaded 2 times (x 76B)
Class kotlin.collections.MapsKt__MapsJVMKt                                            : loaded 2 times (x 73B)
Class kotlin.reflect.jvm.internal.ReflectionFactoryImpl                               : loaded 2 times (x 93B)
Class kotlin.collections.EmptyList                                                    : loaded 2 times (x 176B)
Class com.google.common.collect.ImmutableBiMap$Builder                                : loaded 2 times (x 84B)
Class kotlinx.coroutines.internal.ThreadLocalKt                                       : loaded 2 times (x 73B)
Class org.jetbrains.kotlin.gradle.plugin.KotlinCompilerArgumentsProducer$DefaultImpls : loaded 2 times (x 73B)
Class com.google.common.collect.HashMultimapGwtSerializationDependencies              : loaded 2 times (x 175B)
Class org.jetbrains.kotlin.gradle.tasks.CompileUsingKotlinDaemonWithNormalization     : loaded 2 times (x 72B)
Class org.jetbrains.kotlin.gradle.plugin.mpp.compilationImpl.factory.KotlinCompilationImplFactory$PostConfigure$Companion: loaded 2 times (x 73B)
Class com.google.common.collect.AbstractMapBasedMultimap$KeySet$1                     : loaded 2 times (x 84B)
Class org.jetbrains.kotlin.gradle.internal.KotlinDomApiDependencyManagementKt$configureKotlinDomApiDefaultDependency$1: loaded 2 times (x 81B)
Class org.jetbrains.kotlin.gradle.targets.js.npm.DefaultDevNpmDependencyExtension     : loaded 2 times (x 146B)
Class [Lorg.jetbrains.kotlin.gradle.plugin.HasKotlinDependencies;                     : loaded 2 times (x 71B)
Class org.jetbrains.kotlin.gradle.tasks.DefaultKotlinJavaToolchain$Companion$wireJvmTargetToToolchain$1: loaded 2 times (x 77B)
Class org.jetbrains.kotlin.gradle.plugin.diagnostics.checkers.JsLikeEnvironmentChecker: loaded 2 times (x 78B)
Class org.jetbrains.kotlin.gradle.plugin.KotlinPlatformType                           : loaded 2 times (x 84B)
Class org.jetbrains.kotlin.gradle.plugin.KotlinGradleBuildServices$Companion          : loaded 2 times (x 73B)
Class org.jetbrains.kotlin.gradle.internal.properties.PropertiesBuildServiceKt        : loaded 2 times (x 73B)
Class org.objectweb.asm.ClassWriter                                                   : loaded 2 times (x 107B)
Class com.google.common.base.CharMatcher$And                                          : loaded 2 times (x 114B)
Class com.google.common.cache.CacheLoader$UnsupportedLoadingOperationException        : loaded 2 times (x 84B)
Class org.gradle.internal.classloader.ClasspathUtil$1                                 : loaded 2 times (x 78B)
Class kotlinx.coroutines.internal.ThreadContextKt                                     : loaded 2 times (x 73B)
Class org.jetbrains.kotlin.protobuf.BoundedByteString                                 : loaded 2 times (x 114B)
Class org.jetbrains.kotlin.daemon.client.KotlinCompilerClient$GcAutoConfiguration     : loaded 2 times (x 74B)
Class kotlin.reflect.jvm.internal.impl.load.java.SpecialGenericSignatures$TypeSafeBarrierDescription$MAP_GET_OR_DEFAULT: loaded 2 times (x 81B)
Class kotlin.collections.builders.ListBuilderKt                                       : loaded 2 times (x 73B)
Class kotlin.reflect.jvm.internal.impl.descriptors.runtime.structure.ReflectJavaType  : loaded 2 times (x 86B)
Class kotlin.reflect.jvm.internal.impl.descriptors.ParameterDescriptor                : loaded 2 times (x 72B)
Class kotlin.reflect.jvm.internal.impl.serialization.deserialization.ContractDeserializer: loaded 2 times (x 72B)
Class kotlin.reflect.jvm.internal.WeakClassLoaderBox                                  : loaded 2 times (x 74B)
Class kotlin.reflect.jvm.internal.impl.builtins.StandardNames$FqNames                 : loaded 2 times (x 73B)
Class com.google.common.collect.FluentIterable$1                                      : loaded 2 times (x 83B)
Class kotlinx.coroutines.JobSupport                                                   : loaded 2 times (x 134B)
Class com.google.common.base.Objects                                                  : loaded 2 times (x 73B)
Class com.google.common.collect.AbstractMapBasedMultimap$Itr                          : loaded 2 times (x 85B)
Class org.jetbrains.kotlin.gradle.dsl.KotlinJvmCompilerOptionsHelper                  : loaded 2 times (x 73B)
Class org.jetbrains.kotlin.gradle.tasks.DefaultKotlinJavaToolchain$Companion$wireJvmTargetToToolchain$2: loaded 2 times (x 77B)
Class org.jetbrains.kotlin.gradle.plugin.ProjectLocalConfigurations$ProjectLocalDisambiguation: loaded 2 times (x 78B)
Class org.jetbrains.kotlin.gradle.plugin.diagnostics.ToolingDiagnosticRenderingOptions$Companion: loaded 2 times (x 73B)
Class org.jetbrains.kotlin.gradle.plugin.diagnostics.DiagnosticGroup$KotlinDiagnosticGroup: loaded 2 times (x 83B)
Class org.jetbrains.kotlin.gradle.internal.properties.PropertiesBuildService$NullableStringGradleProperty: loaded 2 times (x 78B)
Class org.jetbrains.kotlin.gradle.targets.native.KonanPropertiesBuildService          : loaded 2 times (x 78B)
Class org.jetbrains.kotlin.gradle.plugin.KotlinGradleBuildServices$detectKotlinPluginLoadedInMultipleProjects$onRegister$1$1: loaded 2 times (x 77B)
Class org.jetbrains.kotlin.gradle.plugin.internal.ConfigurationCacheStartParameterAccessor$Factory: loaded 2 times (x 72B)
Class org.objectweb.asm.FieldVisitor                                                  : loaded 2 times (x 79B)
Class com.google.common.collect.IndexedImmutableSet                                   : loaded 2 times (x 154B)
Class com.google.common.collect.ImmutableMap$1                                        : loaded 2 times (x 83B)
Class com.google.common.collect.BiMap                                                 : loaded 2 times (x 72B)
Class org.gradle.api.internal.classpath.DefaultModuleRegistry$DefaultModule           : loaded 2 times (x 88B)
Class org.jetbrains.kotlin.protobuf.UninitializedMessageException                     : loaded 2 times (x 86B)
Class org.jetbrains.kotlin.metadata.jvm.deserialization.JvmNameResolverKt             : loaded 2 times (x 73B)
Class org.jetbrains.kotlin.metadata.ProtoBuf$Annotation$Argument$Value$1              : loaded 2 times (x 146B)
Class org.jetbrains.kotlin.name.ClassId                                               : loaded 2 times (x 74B)
Class kotlin.reflect.jvm.internal.impl.types.TypeSubstitutor                          : loaded 2 times (x 81B)
Class kotlin.reflect.jvm.internal.impl.descriptors.impl.PropertyGetterDescriptorImpl  : loaded 2 times (x 193B)
Class kotlin.reflect.jvm.internal.impl.resolve.scopes.receivers.ImplicitReceiver      : loaded 2 times (x 72B)
Class kotlin.reflect.jvm.internal.impl.protobuf.SmallSortedMap$EntryIterator          : loaded 2 times (x 85B)
Class kotlin.reflect.jvm.internal.impl.serialization.deserialization.ProtoEnumFlags   : loaded 2 times (x 73B)
Class kotlin.reflect.jvm.internal.impl.descriptors.runtime.components.ReflectAnnotationSource: loaded 2 times (x 77B)
Class kotlin.reflect.jvm.internal.impl.storage.LockBasedStorageManager$KeyWithComputation: loaded 2 times (x 74B)
Class kotlin.reflect.jvm.internal.impl.metadata.ProtoBuf$Property                     : loaded 2 times (x 103B)
Class kotlin.reflect.jvm.internal.impl.descriptors.SupertypeLoopChecker$EMPTY         : loaded 2 times (x 76B)
Class com.google.common.reflect.Reflection                                            : loaded 2 times (x 73B)
Class com.google.common.collect.FluentIterable$2                                      : loaded 2 times (x 83B)
Class com.google.common.base.Absent                                                   : loaded 2 times (x 82B)
Class org.jetbrains.kotlin.buildtools.api.KotlinLogger                                : loaded 2 times (x 72B)
Class com.google.common.collect.NullsFirstOrdering                                    : loaded 2 times (x 117B)
Class org.jetbrains.kotlin.gradle.plugin.diagnostics.CheckKotlinGradlePluginConfigurationErrors_Decorated: loaded 2 times (x 365B)
Class org.jetbrains.kotlin.gradle.plugin.mpp.compilationImpl.KotlinCompilationSourceSetInclusion$DefaultAddSourcesToCompileTask$addSources$1: loaded 2 times (x 81B)
Class org.jetbrains.kotlin.gradle.plugin.diagnostics.checkers.WasmSourceSetsNotFoundChecker$wasmSourceSetRegex$2: loaded 2 times (x 80B)
Class org.jetbrains.kotlin.gradle.plugin.mpp.compilationImpl.KotlinCompilationSideEffect: loaded 2 times (x 72B)
Class org.jetbrains.kotlin.gradle.plugin.KotlinGradlePluginExtensionPoint             : loaded 2 times (x 72B)
Class org.jetbrains.kotlin.tooling.core.ExtrasUtilsKt                                 : loaded 2 times (x 73B)
Class org.jetbrains.kotlin.buildtools.api.ExperimentalBuildToolsApi                   : loaded 2 times (x 72B)
Class org.jetbrains.kotlin.gradle.targets.native.KonanPropertiesBuildService$Companion$registerIfAbsent$2$1$1: loaded 2 times (x 77B)
Class org.jetbrains.kotlin.gradle.internal.IsInIdeaSyncValueSource$Inject             : loaded 2 times (x 111B)
Class org.jetbrains.kotlin.gradle.utils.ResourceUtilsKt                               : loaded 2 times (x 73B)
Class org.jetbrains.kotlin.gradle.plugin.KotlinPluginWrapperKt$kotlinPluginVersionFromResources$1: loaded 2 times (x 80B)
Class com.google.common.primitives.Ints                                               : loaded 2 times (x 73B)
Class com.google.common.collect.AbstractIterator                                      : loaded 2 times (x 84B)
Class org.jetbrains.kotlin.metadata.ProtoBuf$Visibility$1                             : loaded 2 times (x 76B)
Class org.jetbrains.kotlin.metadata.jvm.JvmProtoBuf$StringTableTypes$Record$Operation$1: loaded 2 times (x 76B)
Class org.jetbrains.kotlin.metadata.deserialization.NameResolver                      : loaded 2 times (x 72B)
Class org.jetbrains.kotlin.protobuf.GeneratedMessageLite$ExtensionDescriptor          : loaded 2 times (x 86B)
Class org.jetbrains.kotlin.protobuf.InvalidProtocolBufferException                    : loaded 2 times (x 86B)
Class org.jetbrains.org.objectweb.asm.tree.JumpInsnNode                               : loaded 2 times (x 80B)
Class org.jetbrains.org.objectweb.asm.FieldVisitor                                    : loaded 2 times (x 79B)
Class kotlin.reflect.jvm.internal.impl.metadata.ProtoBuf$Visibility                   : loaded 2 times (x 84B)
Class kotlin.collections.IndexingIterable                                             : loaded 2 times (x 81B)
Class kotlin.reflect.jvm.internal.impl.builtins.jvm.JvmBuiltInClassDescriptorFactory  : loaded 2 times (x 79B)
Class kotlin.reflect.jvm.internal.impl.metadata.ProtoBuf$ConstructorOrBuilder         : loaded 2 times (x 72B)
Class kotlin.reflect.jvm.internal.impl.types.TypeSubstitution                         : loaded 2 times (x 79B)
Class kotlin.reflect.jvm.internal.impl.load.java.typeEnhancement.SignatureEnhancement : loaded 2 times (x 74B)
Class kotlin.reflect.jvm.internal.impl.load.java.NullabilityAnnotationStatesImpl      : loaded 2 times (x 77B)
Class kotlin.collections.ArraysKt__ArraysKt                                           : loaded 2 times (x 73B)
Class com.google.common.collect.FluentIterable$3                                      : loaded 2 times (x 83B)
Class kotlinx.coroutines.ExecutorCoroutineDispatcher                                  : loaded 2 times (x 110B)
Class org.jetbrains.kotlin.compilerRunner.CompilerExecutionSettings$Companion         : loaded 2 times (x 73B)
Class org.jetbrains.kotlin.gradle.tasks.UsesKotlinJavaToolchain$DefaultImpls          : loaded 2 times (x 73B)
Class org.jetbrains.kotlin.build.report.metrics.BuildAttributeKind$Companion          : loaded 2 times (x 73B)
Class org.jetbrains.kotlin.gradle.plugin.mpp.KotlinTargetSoftwareComponentImplKt$KotlinTargetSoftwareComponent$1$1$1: loaded 2 times (x 77B)
Class org.jetbrains.kotlin.gradle.tasks.configuration.KaptGenerateStubsConfig$Companion$configureLibraries$1: loaded 2 times (x 81B)
Class org.jetbrains.kotlin.gradle.plugin.mpp.compilationImpl.KotlinCompilationSourceSetInclusion$DefaultAddSourcesToCompileTask$addSources$2: loaded 2 times (x 81B)
Class org.jetbrains.kotlin.gradle.tasks.AbstractKotlinCompile                         : loaded 2 times (x 461B)
Class org.jetbrains.kotlin.gradle.plugin.KotlinCompilationOutput                      : loaded 2 times (x 72B)
Class com.google.common.collect.ObjectArrays                                          : loaded 2 times (x 73B)
Class org.jetbrains.kotlin.gradle.plugin.diagnostics.CheckKotlinGradlePluginConfigurationErrorsKt$addDependsOnFromTasksThatShouldFailWhenErrorsReported$1: loaded 2 times (x 77B)
Class org.jetbrains.kotlin.konan.target.KonanTarget$TVOS_X64                          : loaded 2 times (x 80B)
Class org.jetbrains.kotlin.gradle.plugin.diagnostics.KotlinToolingDiagnosticsSetupActionKt: loaded 2 times (x 73B)
Class org.jetbrains.kotlin.gradle.targets.native.KonanPropertiesBuildService$Parameters_Decorated: loaded 2 times (x 132B)
Class org.jetbrains.kotlin.gradle.plugin.KotlinGradleBuildServices$Parameters$Inject  : loaded 2 times (x 108B)
Class org.jetbrains.kotlin.gradle.fus.BuildUidService$Inject                          : loaded 2 times (x 102B)
Class org.jetbrains.kotlin.gradle.plugin.KotlinPluginWrapperKt$kotlinPluginVersionFromResources$1$1: loaded 2 times (x 73B)
Class com.google.common.math.MathPreconditions                                        : loaded 2 times (x 73B)
Class com.google.common.collect.Multiset                                              : loaded 2 times (x 72B)
Class com.google.common.collect.ArrayListMultimapGwtSerializationDependencies         : loaded 2 times (x 173B)
Class com.google.common.collect.AbstractIndexedListIterator                           : loaded 2 times (x 98B)
Class org.jetbrains.kotlin.protobuf.ByteString$ByteIterator                           : loaded 2 times (x 72B)
Class org.jetbrains.kotlin.build.report.metrics.LOAD_CLASSES_PATHS_ONLY               : loaded 2 times (x 74B)
Class org.jetbrains.kotlin.daemon.common.DaemonOptions$mappers$1                      : loaded 2 times (x 143B)
Class org.jetbrains.kotlin.daemon.common.Profiler                                     : loaded 2 times (x 72B)
Class org.jetbrains.kotlin.config.LanguageFeatureBehaviorAfterSinceVersion$CanStillBeDisabledForNow: loaded 2 times (x 74B)
Class kotlin.reflect.jvm.internal.impl.metadata.jvm.JvmProtoBuf$StringTableTypes$Record: loaded 2 times (x 98B)
Class kotlin.reflect.jvm.internal.impl.metadata.ProtoBuf$Annotation$Argument$Value$Type: loaded 2 times (x 84B)
Class kotlin.reflect.jvm.internal.impl.types.ClassTypeConstructorImpl                 : loaded 2 times (x 99B)
Class kotlin.collections.SetsKt__SetsJVMKt                                            : loaded 2 times (x 73B)
Class kotlin.reflect.jvm.internal.impl.builtins.jvm.JavaToKotlinClassMap              : loaded 2 times (x 73B)
Class kotlin.reflect.jvm.internal.KotlinReflectionInternalError                       : loaded 2 times (x 84B)
Class kotlin.Function                                                                 : loaded 2 times (x 72B)
Class org.apache.commons.io.output.NullOutputStream                                   : loaded 2 times (x 87B)
Class kotlinx.coroutines.Job                                                          : loaded 2 times (x 72B)
Class org.jetbrains.kotlin.gradle.plugin.attributes.KlibPackaging$Companion           : loaded 2 times (x 73B)
Class org.jetbrains.kotlin.tooling.core.Extras$Entry                                  : loaded 2 times (x 74B)
Class org.jetbrains.kotlin.gradle.plugin.sources.InternalKotlinSourceSetKt            : loaded 2 times (x 73B)
Class org.jetbrains.kotlin.gradle.utils.WhenEvaluatedKt$whenEvaluated$3               : loaded 2 times (x 81B)
Class org.jetbrains.kotlin.gradle.internal.Kapt3GradleSubplugin$Kapt3SubpluginContext : loaded 2 times (x 74B)
Class org.jetbrains.kotlin.gradle.artifacts.KotlinTargetArtifact                      : loaded 2 times (x 72B)
Class org.jetbrains.kotlin.gradle.dsl.KotlinJvmCompilerOptionsDefault_Decorated       : loaded 2 times (x 165B)
Class org.jetbrains.kotlin.gradle.plugin.HasKotlinDependencies                        : loaded 2 times (x 72B)
Class org.jetbrains.kotlin.gradle.internal.ClassLoadersCachingBuildService$Parameters_Decorated: loaded 2 times (x 132B)
Class org.jetbrains.kotlin.gradle.targets.native.toolchain.KotlinNativeBundleBuildService$Companion: loaded 2 times (x 73B)
Class org.jetbrains.kotlin.gradle.plugin.StatisticsBuildFlowManager$subscribeForBuildResultAndConfigurationTimeMetrics$1: loaded 2 times (x 77B)
Class org.jetbrains.kotlin.gradle.plugin.statistics.MetricContainer                   : loaded 2 times (x 74B)
Class org.jetbrains.kotlin.gradle.plugin.statistics.old.Pre232IdeaKotlinBuildStatsMXBean: loaded 2 times (x 72B)
Class org.jetbrains.kotlin.gradle.plugin.statistics.KotlinBuildStatsServicesRegistry  : loaded 2 times (x 80B)
Class org.jetbrains.kotlin.gradle.plugin.BuildEventsListenerRegistryHolder_Decorated  : loaded 2 times (x 117B)
Class org.jetbrains.kotlin.gradle.plugin.VariantImplementationFactoriesConfigurator   : loaded 2 times (x 78B)
Class com.google.common.collect.ImmutableMapEntrySet                                  : loaded 2 times (x 154B)
Class org.gradle.api.internal.classpath.Module                                        : loaded 2 times (x 72B)
Class org.jetbrains.kotlin.metadata.deserialization.Flags$FlagField                   : loaded 2 times (x 75B)
Class kotlin.io.FileAlreadyExistsException                                            : loaded 2 times (x 84B)
Class org.jetbrains.kotlin.daemon.common.DaemonOptions$mappers$2                      : loaded 2 times (x 131B)
Class kotlin.reflect.jvm.internal.impl.resolve.OverridingStrategy                     : loaded 2 times (x 77B)
Class kotlin.reflect.jvm.internal.impl.metadata.ProtoBuf$QualifiedNameTable$1         : loaded 2 times (x 89B)
Class kotlin.internal.ProgressionUtilKt                                               : loaded 2 times (x 73B)
Class kotlin.reflect.jvm.internal.impl.protobuf.RopeByteString                        : loaded 2 times (x 101B)
Class kotlin.reflect.jvm.internal.impl.incremental.UtilsKt                            : loaded 2 times (x 73B)
Class kotlin.reflect.jvm.internal.impl.metadata.jvm.JvmProtoBuf$JvmMethodSignatureOrBuilder: loaded 2 times (x 72B)
Class kotlin.reflect.jvm.internal.impl.resolve.sam.SamConversionResolver              : loaded 2 times (x 72B)
Class kotlin.KotlinVersion                                                            : loaded 2 times (x 76B)
Class kotlin.reflect.jvm.internal.impl.builtins.jvm.JvmBuiltIns                       : loaded 2 times (x 115B)
Class kotlin.reflect.jvm.internal.KClassifierImpl                                     : loaded 2 times (x 72B)
Class kotlin.reflect.KMutableProperty                                                 : loaded 2 times (x 72B)
Class kotlinx.coroutines.internal.DispatchedContinuationKt                            : loaded 2 times (x 73B)
Class org.jetbrains.kotlin.gradle.plugin.statistics.CompileKotlinTaskMetrics          : loaded 2 times (x 73B)
Class org.jetbrains.kotlin.gradle.tasks.DefaultKotlinJavaToolchain$getToolsJarFromJvm$1$1: loaded 2 times (x 81B)
Class org.jetbrains.kotlin.gradle.tasks.KotlinCompile$ClasspathSnapshotProperties_Decorated: loaded 2 times (x 131B)
Class org.jetbrains.kotlin.gradle.plugin.mpp.compilationImpl.KotlinCompilationSourceSetInclusion$Companion$includedSourceSets$2: loaded 2 times (x 80B)
Class org.jetbrains.kotlin.gradle.utils.WhenEvaluatedKt$whenEvaluated$4               : loaded 2 times (x 77B)
Class org.jetbrains.kotlin.gradle.plugin.diagnostics.KotlinToolingDiagnosticsSetupActionKt$KotlinToolingDiagnosticsSetupAction$1$1: loaded 2 times (x 77B)
Class org.jetbrains.kotlin.gradle.targets.js.npm.NpmDirectoryDependencyWithExternalsExtension: loaded 2 times (x 72B)
Class org.jetbrains.kotlin.gradle.plugin.KotlinProjectSetupAction                     : loaded 2 times (x 72B)
Class org.jetbrains.kotlin.gradle.plugin.KotlinGradleFinishBuildHandler$Companion     : loaded 2 times (x 73B)
Class org.jetbrains.kotlin.gradle.internal.IsInIdeaSyncValueSource                    : loaded 2 times (x 80B)
Class com.google.common.cache.Weigher                                                 : loaded 2 times (x 72B)
Class org.jetbrains.kotlin.cli.common.messages.CompilerMessageLocationWithRange$Companion: loaded 2 times (x 73B)
Class org.gradle.api.internal.classpath.UnknownModuleException                        : loaded 2 times (x 84B)
Class com.google.common.cache.LocalCache$ValueIterator                                : loaded 2 times (x 88B)
Class [Lorg.jetbrains.kotlin.metadata.ProtoBuf$Class$Kind;                            : loaded 2 times (x 71B)
Class org.jetbrains.kotlin.daemon.common.DaemonOptions$mappers$3                      : loaded 2 times (x 143B)
Class kotlin.reflect.jvm.internal.KPropertyImplKt                                     : loaded 2 times (x 73B)
Class org.jetbrains.kotlin.config.ApiVersion                                          : loaded 2 times (x 88B)
Class kotlin.reflect.jvm.internal.impl.protobuf.CodedOutputStream$OutOfSpaceException : loaded 2 times (x 84B)
Class kotlin.reflect.jvm.internal.impl.load.kotlin.KotlinJvmBinaryClass$AnnotationVisitor: loaded 2 times (x 72B)
Class kotlin.reflect.jvm.internal.impl.protobuf.SmallSortedMap$EmptySet$1             : loaded 2 times (x 80B)
Class kotlin.reflect.jvm.internal.impl.protobuf.FieldSet                              : loaded 2 times (x 74B)
Class kotlin.reflect.jvm.internal.impl.descriptors.ConstructorDescriptor              : loaded 2 times (x 72B)
Class kotlin.reflect.jvm.internal.impl.storage.LockBasedStorageManager$ExceptionHandlingStrategy$1: loaded 2 times (x 76B)
Class kotlin.jvm.internal.PropertyReference                                           : loaded 2 times (x 121B)
Class org.apache.commons.io.Charsets                                                  : loaded 2 times (x 73B)
Class kotlinx.coroutines.internal.LockFreeTaskQueueCore                               : loaded 2 times (x 74B)
Class org.jetbrains.kotlin.config.Services$Companion                                  : loaded 2 times (x 73B)
Class org.jetbrains.kotlin.gradle.tasks.KotlinCompile$createCompilerArguments$1$1     : loaded 2 times (x 81B)
Class org.jetbrains.kotlin.gradle.plugin.mpp.InternalKotlinTargetComponentKt          : loaded 2 times (x 73B)
Class org.jetbrains.kotlin.gradle.plugin.mpp.InternalKotlinTarget$DefaultImpls        : loaded 2 times (x 73B)
Class org.jetbrains.kotlin.gradle.plugin.statistics.KotlinBuildStatisticsUtilsKt$collectAppliedPluginsStatistics$1: loaded 2 times (x 77B)
Class org.jetbrains.kotlin.gradle.plugin.KotlinPluginLifecycleImpl$executeCurrentStageAndScheduleNext$3: loaded 2 times (x 77B)
Class org.jetbrains.kotlin.gradle.plugin.mpp.compilationImpl.KotlinCompilationRegisterInSourceSetsConfigurator$configure$1: loaded 2 times (x 81B)
Class org.jetbrains.kotlin.gradle.plugin.diagnostics.KotlinToolingDiagnosticsSetupActionKt$KotlinToolingDiagnosticsSetupAction$1$2: loaded 2 times (x 97B)
Class org.jetbrains.kotlin.gradle.targets.js.npm.NpmDependencyWithExternalsExtension  : loaded 2 times (x 72B)
Class org.jetbrains.kotlin.gradle.plugin.mpp.KotlinUsageContext                       : loaded 2 times (x 72B)
Class org.jetbrains.kotlin.gradle.plugin.KotlinTargetsContainer                       : loaded 2 times (x 72B)
Class org.jetbrains.kotlin.gradle.plugin.diagnostics.KotlinToolingDiagnosticsCollector$Parameter$Inject: loaded 2 times (x 108B)
Class org.jetbrains.kotlin.compilerRunner.GradleCliCommonizerKt                       : loaded 2 times (x 73B)
Class org.jetbrains.kotlin.gradle.utils.ConfigurationsKt                              : loaded 2 times (x 73B)
Class org.jetbrains.kotlin.gradle.plugin.StatisticsBuildFlowManager                   : loaded 2 times (x 74B)
Class org.jetbrains.kotlin.gradle.plugin.statistics.BuildFusService$Parameters        : loaded 2 times (x 72B)
Class org.jetbrains.kotlin.gradle.plugin.diagnostics.DefaultProblemsReporter$Factory  : loaded 2 times (x 78B)
Class org.jetbrains.kotlin.gradle.plugin.PluginWrappersKt                             : loaded 2 times (x 73B)
Class com.google.common.base.Stopwatch                                                : loaded 2 times (x 74B)
Class com.google.common.cache.LocalCache$Strength                                     : loaded 2 times (x 83B)
Class com.google.common.cache.Cache                                                   : loaded 2 times (x 72B)
Class org.jetbrains.kotlin.protobuf.LiteralByteString                                 : loaded 2 times (x 114B)
Class org.jetbrains.kotlin.protobuf.LazyFieldLite                                     : loaded 2 times (x 84B)
Class kotlin.collections.CollectionsKt__ReversedViewsKt                               : loaded 2 times (x 73B)
Class org.jetbrains.kotlin.daemon.common.DaemonOptions$mappers$4                      : loaded 2 times (x 131B)
Class kotlin.reflect.KProperty1$Getter                                                : loaded 2 times (x 72B)
Class kotlin.reflect.jvm.internal.impl.types.AbstractTypeChecker                      : loaded 2 times (x 73B)
Class [Lkotlin.reflect.jvm.internal.impl.descriptors.DeclarationDescriptorNonRoot;    : loaded 2 times (x 71B)
Class kotlin.reflect.jvm.internal.impl.serialization.deserialization.descriptors.NonEmptyDeserializedAnnotations: loaded 2 times (x 91B)
Class kotlin.reflect.jvm.internal.impl.storage.SingleThreadValue                      : loaded 2 times (x 76B)
Class kotlin.reflect.jvm.internal.impl.serialization.deserialization.ProtoEnumFlags$WhenMappings: loaded 2 times (x 73B)
Class kotlin.collections.IndexingIterator                                             : loaded 2 times (x 81B)
Class kotlin.reflect.jvm.internal.impl.metadata.ProtoBuf$PackageOrBuilder             : loaded 2 times (x 72B)
Class kotlin.reflect.jvm.internal.impl.protobuf.SmallSortedMap$EmptySet$2             : loaded 2 times (x 80B)
Class kotlin.reflect.jvm.internal.impl.descriptors.ClassifierDescriptorWithTypeParameters: loaded 2 times (x 72B)
Class org.apache.commons.io.filefilter.IOFileFilter                                   : loaded 2 times (x 72B)
Class [Lorg.jetbrains.kotlin.build.report.statistics.StatTag;                         : loaded 2 times (x 71B)
Class com.google.common.io.AppendableWriter                                           : loaded 2 times (x 101B)
Class org.jetbrains.kotlin.gradle.tasks.KotlinCompile$createCompilerArguments$1$2     : loaded 2 times (x 81B)
Class com.google.common.base.NullnessCasts                                            : loaded 2 times (x 73B)
Class org.jetbrains.kotlin.gradle.plugin.statistics.KotlinBuildStatisticsUtilsKt$collectAppliedPluginsStatistics$2: loaded 2 times (x 77B)
Class org.jetbrains.kotlin.gradle.plugin.mpp.InternalKotlinTargetKt                   : loaded 2 times (x 73B)
Class org.jetbrains.kotlin.gradle.plugin.diagnostics.KotlinToolingDiagnosticsSetupActionKt$KotlinToolingDiagnosticsSetupAction$1$3: loaded 2 times (x 77B)
Class org.jetbrains.kotlin.gradle.targets.js.dsl.KotlinTargetWithNodeJsDsl            : loaded 2 times (x 72B)
Class org.jetbrains.kotlin.gradle.plugin.sources.DefaultKotlinSourceSetKt$defaultSourceSetLanguageSettingsChecker$1: loaded 2 times (x 80B)
Class org.jetbrains.kotlin.gradle.plugin.sources.InternalKotlinSourceSet              : loaded 2 times (x 72B)
Class org.jetbrains.kotlin.gradle.plugin.KotlinJvmPlugin                              : loaded 2 times (x 81B)
Class org.jetbrains.kotlin.gradle.plugin.mpp.SyncLanguageSettingsWithKotlinExtensionSetupActionKt$SyncLanguageSettingsWithKotlinExtensionSetupAction$1: loaded 2 times (x 97B)
Class org.jetbrains.kotlin.gradle.dsl.KotlinGradlePluginPublicDsl                     : loaded 2 times (x 72B)
Class org.jetbrains.kotlin.gradle.internal.properties.NativeProperties                : loaded 2 times (x 72B)
Class org.jetbrains.kotlin.gradle.fus.internal.SynchronizedConfigurationMetrics       : loaded 2 times (x 74B)
Class org.jetbrains.kotlin.statistics.BuildSessionLogger                              : loaded 2 times (x 79B)
Class org.jetbrains.kotlin.gradle.plugin.internal.ConfigurationCacheStartParameterAccessor: loaded 2 times (x 72B)
Class org.jetbrains.kotlin.gradle.internal.diagnostics.GradleCompatibilityCheck$DefaultCurrentGradleVersionProvider: loaded 2 times (x 76B)
Class org.jetbrains.kotlin.gradle.dsl.KotlinBaseExtension                             : loaded 2 times (x 72B)
Class com.google.common.util.concurrent.AbstractFuture$Cancellation                   : loaded 2 times (x 74B)
Class com.google.common.collect.ImmutableMap$Builder                                  : loaded 2 times (x 84B)
Class org.jetbrains.org.objectweb.asm.FieldWriter                                     : loaded 2 times (x 79B)
Class org.jetbrains.org.objectweb.asm.tree.VarInsnNode                                : loaded 2 times (x 80B)
Class org.jetbrains.org.objectweb.asm.MethodVisitor                                   : loaded 2 times (x 107B)
Class kotlin.io.ByteStreamsKt                                                         : loaded 2 times (x 73B)
Class kotlin.jvm.internal.MutablePropertyReference0                                   : loaded 2 times (x 143B)
Class org.jetbrains.kotlin.daemon.common.DaemonJVMOptions                             : loaded 2 times (x 77B)
Class kotlin.reflect.jvm.internal.KFunctionImpl                                       : loaded 2 times (x 188B)
Class kotlin.reflect.jvm.internal.impl.load.java.typeEnhancement.JavaTypeQualifiers$Companion: loaded 2 times (x 73B)
Class kotlin.reflect.jvm.internal.impl.load.java.typeEnhancement.JavaTypeQualifiers   : loaded 2 times (x 74B)
Class [Lkotlin.reflect.jvm.internal.KDeclarationContainerImpl$MemberBelonginess;      : loaded 2 times (x 71B)
Class kotlin.reflect.jvm.internal.impl.metadata.deserialization.Flags                 : loaded 2 times (x 73B)
Class kotlin.reflect.jvm.internal.impl.metadata.ProtoBuf$TypeParameter                : loaded 2 times (x 103B)
Class kotlin.reflect.jvm.internal.impl.metadata.ProtoBuf$Annotation                   : loaded 2 times (x 98B)
Class [Lkotlin.reflect.jvm.internal.impl.descriptors.DescriptorVisibility;            : loaded 2 times (x 71B)
Class kotlin.reflect.jvm.internal.impl.descriptors.VariableDescriptor                 : loaded 2 times (x 72B)
Class kotlin.reflect.jvm.internal.impl.descriptors.PackageFragmentProvider            : loaded 2 times (x 72B)
Class kotlin.reflect.jvm.internal.impl.load.java.JavaNullabilityAnnotationsStatus     : loaded 2 times (x 74B)
Class [Lkotlin.reflect.jvm.internal.impl.builtins.PrimitiveType;                      : loaded 2 times (x 71B)
Class kotlin.reflect.jvm.internal.impl.builtins.StandardNames                         : loaded 2 times (x 73B)
Class kotlin.reflect.jvm.internal.ReflectProperties$LazySoftVal                       : loaded 2 times (x 80B)
Class [Lkotlin.reflect.KAnnotatedElement;                                             : loaded 2 times (x 71B)
Class com.google.common.base.Present                                                  : loaded 2 times (x 83B)
Class org.jetbrains.kotlin.gradle.tasks.KotlinCompile$createCompilerArguments$1$3     : loaded 2 times (x 81B)
Class com.google.common.collect.AbstractMapBasedMultimap$WrappedCollection$WrappedIterator: loaded 2 times (x 86B)
Class org.jetbrains.kotlin.gradle.utils.FutureKt$future$2$1                           : loaded 2 times (x 97B)
Class org.jetbrains.kotlin.gradle.plugin.diagnostics.DefaultProblemsReporter$logger$2 : loaded 2 times (x 81B)
Class org.jetbrains.kotlin.gradle.plugin.diagnostics.DefaultProblemsReporter          : loaded 2 times (x 78B)
Class [Lorg.jetbrains.kotlin.gradle.plugin.statistics.plugins.ObservablePlugins;      : loaded 2 times (x 71B)
Class org.jetbrains.kotlin.gradle.plugin.internal.BuildIdService$Companion$registerIfAbsent$1$1: loaded 2 times (x 77B)
Class org.jetbrains.kotlin.gradle.targets.js.dsl.KotlinWasmTargetDsl                  : loaded 2 times (x 72B)
Class org.jetbrains.kotlin.gradle.plugin.diagnostics.checkers.DisabledCinteropCommonizationInHmppProjectChecker$runChecks$1: loaded 2 times (x 89B)
Class org.jetbrains.kotlin.gradle.plugin.sources.ConsistencyCheck                     : loaded 2 times (x 74B)
Class org.jetbrains.kotlin.gradle.plugin.sources.DefaultKotlinSourceSetKt$defaultSourceSetLanguageSettingsChecker$2: loaded 2 times (x 80B)
Class org.jetbrains.kotlin.gradle.dsl.KotlinCommonToolOptions                         : loaded 2 times (x 72B)
Class org.jetbrains.kotlin.gradle.plugin.AbstractKotlinPlugin                         : loaded 2 times (x 80B)
Class org.jetbrains.kotlin.gradle.tasks.DefaultKotlinJavaToolchain$Companion$wireJvmTargetToJvm$1: loaded 2 times (x 77B)
Class org.jetbrains.kotlin.gradle.plugin.diagnostics.checkers.ComposePluginSuggestApplyChecker: loaded 2 times (x 76B)
Class org.jetbrains.kotlin.konan.target.KonanTarget$IOS_ARM64                         : loaded 2 times (x 80B)
Class org.jetbrains.kotlin.gradle.dsl.KotlinMultiplatformExtension                    : loaded 2 times (x 609B)
Class org.jetbrains.kotlin.gradle.plugin.diagnostics.KotlinToolingDiagnosticsCollectorKt$kotlinToolingDiagnosticsCollectorProvider$1$execute$$inlined$variantImplementationFactoryProvider$1: loaded 2 times (x 76B)
Class org.jetbrains.kotlin.gradle.plugin.BuildFinishAndConfigurationTimeMetricsFlowAction: loaded 2 times (x 76B)
Class org.jetbrains.kotlin.gradle.plugin.PropertiesProvider$booleanProvider$1         : loaded 2 times (x 76B)
Class com.google.common.cache.RemovalListener                                         : loaded 2 times (x 72B)
Class org.gradle.api.internal.DefaultClassPathRegistry                                : loaded 2 times (x 78B)
Class org.jetbrains.kotlin.metadata.ProtoBuf$Type$Argument$Projection$1               : loaded 2 times (x 76B)
Class org.jetbrains.kotlin.protobuf.SmallSortedMap$EmptySet$1                         : loaded 2 times (x 80B)
Class org.jetbrains.kotlin.protobuf.AbstractMessageLite$Builder$LimitedInputStream    : loaded 2 times (x 94B)
Class org.jetbrains.kotlin.daemon.common.DaemonOptions$mappers$6                      : loaded 2 times (x 143B)
Class kotlin.reflect.jvm.internal.impl.builtins.CompanionObjectMapping                : loaded 2 times (x 73B)
Class org.jetbrains.kotlin.load.java.JvmAbi                                           : loaded 2 times (x 73B)
Class kotlin.ranges.ClosedRange                                                       : loaded 2 times (x 72B)
Class kotlin.reflect.jvm.internal.impl.metadata.deserialization.TypeTable             : loaded 2 times (x 74B)
Class kotlin.reflect.jvm.internal.impl.descriptors.runtime.components.ReflectKotlinClass: loaded 2 times (x 81B)
Class [Lkotlin.reflect.jvm.internal.impl.descriptors.PackageFragmentProviderOptimized;: loaded 2 times (x 71B)
Class kotlin.reflect.jvm.internal.impl.metadata.ProtoBuf$ValueParameterOrBuilder      : loaded 2 times (x 72B)
Class kotlin.reflect.jvm.internal.impl.metadata.ProtoBuf$Function                     : loaded 2 times (x 103B)
Class kotlin.reflect.jvm.internal.impl.renderer.RenderingFormat$PLAIN                 : loaded 2 times (x 82B)
Class kotlin.jvm.JvmClassMappingKt                                                    : loaded 2 times (x 73B)
Class kotlin.reflect.jvm.internal.KPropertyImpl                                       : loaded 2 times (x 117B)
Class kotlin.reflect.KProperty                                                        : loaded 2 times (x 72B)
Class kotlin.jvm.internal.Reflection                                                  : loaded 2 times (x 73B)
Class org.apache.commons.io.file.DeleteOption                                         : loaded 2 times (x 72B)
Class com.google.common.reflect.Invokable$ConstructorInvokable                        : loaded 2 times (x 109B)
Class com.google.common.collect.ImmutableMultimap$Keys                                : loaded 2 times (x 168B)
Class org.jetbrains.kotlin.gradle.tasks.KotlinCompile$createCompilerArguments$1$4     : loaded 2 times (x 81B)
Class org.jetbrains.kotlin.gradle.plugin.mpp.KotlinTargetSoftwareComponentImplKt$KotlinTargetSoftwareComponent$1$1$configuration$1: loaded 2 times (x 81B)
Class org.jetbrains.kotlin.gradle.targets.js.npm.DefaultPeerNpmDependencyExtension$delegate$1: loaded 2 times (x 168B)
Class org.jetbrains.kotlin.gradle.targets.js.npm.NpmDependency                        : loaded 2 times (x 88B)
Class org.jetbrains.kotlin.gradle.targets.js.npm.DefaultNpmDependencyExtension        : loaded 2 times (x 153B)
Class org.jetbrains.kotlin.gradle.targets.js.npm.NpmDependency$Scope                  : loaded 2 times (x 81B)
Class org.jetbrains.kotlin.gradle.plugin.sources.FragmentConsistencyChecks$unstableFeaturesCheck$1: loaded 2 times (x 81B)
Class org.jetbrains.kotlin.gradle.plugin.sources.DefaultKotlinSourceSet               : loaded 2 times (x 141B)
Class org.jetbrains.kotlin.gradle.plugin.diagnostics.checkers.AndroidSourceSetLayoutV1SourceSetsNotFoundChecker: loaded 2 times (x 76B)
Class org.jetbrains.kotlin.gradle.plugin.diagnostics.KotlinToolingDiagnosticsCollector$Parameter_Decorated: loaded 2 times (x 132B)
Class org.jetbrains.kotlin.gradle.utils.ConfigurationsKt$sam$org_gradle_api_Action$0  : loaded 2 times (x 77B)
Class org.jetbrains.kotlin.gradle.plugin.diagnostics.ProblemsReporter                 : loaded 2 times (x 72B)
Class org.jetbrains.kotlin.gradle.plugin.VariantImplementationFactories$Parameters    : loaded 2 times (x 72B)
Class org.jetbrains.kotlin.gradle.plugin.internal.JavaExecTaskParametersCompatibility$Factory: loaded 2 times (x 72B)
Class com.google.common.primitives.IntsMethodsForWeb                                  : loaded 2 times (x 73B)
Class com.google.common.collect.Multimap                                              : loaded 2 times (x 72B)
Class org.gradle.api.internal.ClassPathRegistry                                       : loaded 2 times (x 72B)
Class org.gradle.internal.classpath.DefaultClassPath$ImmutableUniqueList              : loaded 2 times (x 201B)
Class org.jetbrains.kotlin.metadata.ProtoBuf$PackageOrBuilder                         : loaded 2 times (x 72B)
Class org.jetbrains.kotlin.metadata.jvm.JvmProtoBuf$JvmPropertySignature              : loaded 2 times (x 116B)
Class org.jetbrains.kotlin.metadata.ProtoBuf$ValueParameterOrBuilder                  : loaded 2 times (x 72B)
Class org.jetbrains.kotlin.protobuf.SmallSortedMap$EmptySet$2                         : loaded 2 times (x 80B)
Class org.jetbrains.org.objectweb.asm.ByteVector                                      : loaded 2 times (x 80B)
Class org.jetbrains.kotlin.build.report.metrics.INCREMENTAL_COMPILATION_DAEMON        : loaded 2 times (x 74B)
Class org.jetbrains.kotlin.daemon.common.DaemonOptions$mappers$7                      : loaded 2 times (x 131B)
Class org.jetbrains.kotlin.daemon.common.LoopbackNetworkInterface$ClientLoopbackSocketFactory: loaded 2 times (x 77B)
Class org.jetbrains.kotlin.daemon.client.DaemonReportMessage                          : loaded 2 times (x 74B)
Class org.jetbrains.kotlin.daemon.common.FileSystemUtilsKt                            : loaded 2 times (x 73B)
Class kotlin.reflect.jvm.internal.impl.load.java.JvmAbi                               : loaded 2 times (x 73B)
Class kotlin.reflect.jvm.internal.impl.resolve.DescriptorFactory$DefaultClassConstructorDescriptor: loaded 2 times (x 217B)
Class kotlin.reflect.jvm.internal.impl.metadata.ProtoBuf$QualifiedNameTableOrBuilder  : loaded 2 times (x 72B)
Class kotlin.collections.IntIterator                                                  : loaded 2 times (x 84B)
Class kotlin.reflect.jvm.internal.impl.resolve.scopes.ChainedMemberScope$Companion    : loaded 2 times (x 73B)
Class kotlin.reflect.jvm.internal.impl.descriptors.impl.SubpackagesScope              : loaded 2 times (x 95B)
Class kotlin.reflect.jvm.internal.impl.protobuf.GeneratedMessageLite$ExtensionDescriptor: loaded 2 times (x 85B)
Class kotlin.reflect.jvm.internal.impl.load.java.lazy.LazyJavaPackageFragmentProvider : loaded 2 times (x 82B)
Class kotlin.reflect.jvm.internal.impl.resolve.jvm.JvmPrimitiveType                   : loaded 2 times (x 81B)
Class kotlin.text.StringsKt__StringsJVMKt                                             : loaded 2 times (x 73B)
Class jdk.internal.jimage.decompressor.ResourceDecompressor                           : loaded 2 times (x 72B)
Class org.apache.commons.io.IOUtils                                                   : loaded 2 times (x 73B)
Class com.google.common.reflect.TypeToken                                             : loaded 2 times (x 75B)
Class com.google.common.collect.NullnessCasts                                         : loaded 2 times (x 73B)
Class kotlinx.coroutines.DispatchedTaskKt                                             : loaded 2 times (x 73B)
Class kotlinx.coroutines.internal.SystemPropsKt__SystemProps_commonKt                 : loaded 2 times (x 73B)
Class kotlinx.coroutines.ThreadContextElement                                         : loaded 2 times (x 72B)
Class org.jetbrains.kotlin.gradle.plugin.internal.state.TaskLoggers                   : loaded 2 times (x 73B)
Class com.google.common.collect.MapMakerInternalMap$Segment                           : loaded 2 times (x 143B)
Class com.google.common.base.ExtraObjectsMethodsForWeb                                : loaded 2 times (x 73B)
Class org.jetbrains.kotlin.gradle.plugin.KotlinCompilation$DefaultImpls               : loaded 2 times (x 73B)
Class org.jetbrains.kotlin.gradle.utils.ProviderApiUtilsKt$providerWithLazyConvention$1: loaded 2 times (x 76B)
Class org.jetbrains.kotlin.gradle.plugin.sources.FragmentConsistencyChecks$unstableFeaturesCheck$2: loaded 2 times (x 80B)
Class org.jetbrains.kotlin.gradle.plugin.KotlinPluginLifecycleImpl                    : loaded 2 times (x 82B)
Class org.jetbrains.kotlin.gradle.plugin.diagnostics.KotlinToolingDiagnostics$WasmWasiEnvironmentNotChosenExplicitly: loaded 2 times (x 75B)
Class org.jetbrains.kotlin.gradle.artifacts.KotlinNativeKlibArtifactKt$KotlinNativeKlibArtifact$1: loaded 2 times (x 76B)
Class org.jetbrains.kotlin.gradle.dsl.KotlinCommonCompilerOptionsDefault              : loaded 2 times (x 96B)
Class org.jetbrains.kotlin.gradle.dsl.KotlinCommonCompilerToolOptionsDefault          : loaded 2 times (x 86B)
Class org.jetbrains.kotlin.konan.target.KonanTarget$Companion$predefinedTargets$2     : loaded 2 times (x 80B)
Class org.jetbrains.kotlin.gradle.plugin.diagnostics.DiagnosticGroup$Kgp              : loaded 2 times (x 84B)
Class org.jetbrains.kotlin.gradle.tasks.publishing.HelpersKt$addPomValidationHelpers$1: loaded 2 times (x 77B)
Class org.jetbrains.kotlin.gradle.internal.properties.NativePropertiesLoader$isUseXcodeMessageStyleEnabled$1: loaded 2 times (x 77B)
Class org.jetbrains.kotlin.gradle.internal.ClassLoadersCachingBuildService$Companion$registerIfAbsent$2$1: loaded 2 times (x 81B)
Class org.jetbrains.kotlin.gradle.plugin.statistics.KotlinBuildStatisticsUtilsKt$collectGeneralConfigurationTimeMetrics$statisticOverhead$1$2: loaded 2 times (x 77B)
Class org.jetbrains.kotlin.gradle.plugin.StatisticsBuildFlowManager_Decorated         : loaded 2 times (x 117B)
Class org.jetbrains.kotlin.gradle.report.BuildReportMode$Companion                    : loaded 2 times (x 73B)
Class org.jetbrains.kotlin.gradle.plugin.VariantImplementationFactories$VariantImplementationFactory: loaded 2 times (x 72B)
Class org.jetbrains.org.objectweb.asm.tree.LookupSwitchInsnNode                       : loaded 2 times (x 80B)
Class org.jetbrains.kotlin.load.kotlin.KotlinJvmBinaryClass$AnnotationArrayArgumentVisitor: loaded 2 times (x 72B)
Class [Lorg.jetbrains.kotlin.daemon.common.CompilationResultCategory;                 : loaded 2 times (x 71B)
Class org.jetbrains.kotlin.daemon.client.DaemonProblemReportingOutputListener         : loaded 2 times (x 72B)
Class org.jetbrains.kotlin.daemon.client.DaemonReportingTargets                       : loaded 2 times (x 74B)
Class org.jetbrains.kotlin.name.FqNameUnsafe$Companion                                : loaded 2 times (x 73B)
Class kotlin.reflect.jvm.internal.impl.builtins.jvm.CloneableClassScope               : loaded 2 times (x 96B)
Class [Lkotlin.reflect.jvm.internal.impl.resolve.ExternalOverridabilityCondition$Result;: loaded 2 times (x 71B)
Class kotlin.reflect.jvm.internal.impl.load.java.AnnotationQualifierApplicabilityType : loaded 2 times (x 81B)
Class kotlin.reflect.jvm.internal.impl.serialization.deserialization.descriptors.DeserializedPackageMemberScope: loaded 2 times (x 105B)
Class kotlin.reflect.jvm.internal.impl.serialization.deserialization.descriptors.DeserializedAnnotations: loaded 2 times (x 91B)
Class kotlin.reflect.jvm.internal.impl.serialization.deserialization.descriptors.DeserializedMemberScope$Implementation: loaded 2 times (x 72B)
Class kotlin.reflect.jvm.internal.impl.load.kotlin.KotlinClassFinder$Result$KotlinClass: loaded 2 times (x 74B)
Class kotlin.reflect.jvm.internal.impl.load.kotlin.header.KotlinClassHeader           : loaded 2 times (x 74B)
Class kotlin.reflect.jvm.internal.impl.protobuf.WireFormat$FieldType$1                : loaded 2 times (x 84B)
Class kotlin.reflect.jvm.internal.impl.descriptors.Visibilities$Protected             : loaded 2 times (x 77B)
Class kotlin.reflect.jvm.internal.impl.renderer.RenderingFormat                       : loaded 2 times (x 82B)
Class kotlin.reflect.jvm.internal.impl.load.kotlin.DeserializationComponentsForJavaKt : loaded 2 times (x 73B)
Class kotlin.reflect.jvm.internal.impl.builtins.KotlinBuiltIns$1                      : loaded 2 times (x 79B)
Class kotlin.text.StringsKt__IndentKt                                                 : loaded 2 times (x 73B)
Class kotlin.collections.SetsKt                                                       : loaded 2 times (x 73B)
Class [Lkotlin.reflect.jvm.internal.impl.protobuf.Internal$EnumLite;                  : loaded 2 times (x 71B)
Class kotlin.reflect.jvm.internal.impl.load.kotlin.header.ReadKotlinClassHeaderAnnotationVisitor: loaded 2 times (x 81B)
Class org.jetbrains.kotlin.incremental.ClasspathChanges$ClasspathSnapshotEnabled$NotAvailableForNonIncrementalRun: loaded 2 times (x 75B)
Class com.google.common.io.ByteSink                                                   : loaded 2 times (x 78B)
Class org.jetbrains.kotlin.gradle.tasks.configuration.BaseKotlinCompileConfig$1$1$classpathEntrySnapshotFiles$1: loaded 2 times (x 76B)
Class org.jetbrains.kotlin.gradle.utils.GradleAttributesContainerUtilsKt              : loaded 2 times (x 73B)
Class org.jetbrains.kotlin.gradle.plugin.mpp.ApplyUserDefinedAttributesKt$UserDefinedAttributesSetupAction$1$1: loaded 2 times (x 81B)
Class org.jetbrains.kotlin.compilerRunner.CompilerSystemPropertiesService             : loaded 2 times (x 82B)
Class org.jetbrains.kotlin.gradle.plugin.mpp.compilationImpl.KotlinCompilationImpl$1  : loaded 2 times (x 81B)
Class org.jetbrains.kotlin.gradle.targets.js.npm.SemVer$Companion                     : loaded 2 times (x 73B)
Class org.jetbrains.kotlin.konan.target.KonanTarget$LINUX_ARM64                       : loaded 2 times (x 80B)
Class org.jetbrains.kotlin.gradle.targets.native.SetupEmbedAndSignAppleFrameworkTaskSideEffectKt$special$$inlined$KotlinTargetSideEffect$1: loaded 2 times (x 76B)
Class org.jetbrains.kotlin.gradle.plugin.mpp.KotlinUsages$KotlinCinteropCompatibility : loaded 2 times (x 79B)
Class org.jetbrains.kotlin.gradle.plugin.mpp.KotlinUsages$KotlinUsagesCompatibility   : loaded 2 times (x 78B)
Class org.jetbrains.kotlin.gradle.dsl.ExplicitApiMode                                 : loaded 2 times (x 81B)
Class org.jetbrains.kotlin.konan.target.KonanTarget$LINUX_X64                         : loaded 2 times (x 80B)
Class [Lorg.jetbrains.kotlin.konan.target.Architecture;                               : loaded 2 times (x 71B)
Class org.jetbrains.kotlin.gradle.tasks.publishing.HelpersKt$addSigningValidationHelpers$1: loaded 2 times (x 77B)
Class org.jetbrains.kotlin.gradle.plugin.VariantImplementationFactories$Companion     : loaded 2 times (x 73B)
Class org.jetbrains.kotlin.gradle.plugin.internal.CustomPropertiesFileValueSource$Parameters_Decorated: loaded 2 times (x 132B)
Class org.jetbrains.kotlin.gradle.dsl.KotlinTopLevelExtensionConfig                   : loaded 2 times (x 72B)
Class com.google.common.cache.CacheBuilder                                            : loaded 2 times (x 74B)
Class com.google.common.collect.SingletonImmutableList                                : loaded 2 times (x 209B)
Class org.jetbrains.kotlin.cli.common.messages.CompilerMessageSourceLocation          : loaded 2 times (x 72B)
Class Settings_gradle$1                                                               : loaded 2 times (x 76B)
Class org.gradle.internal.classpath.ClassPath                                         : loaded 2 times (x 72B)
Class org.jetbrains.kotlin.metadata.deserialization.TypeTable                         : loaded 2 times (x 74B)
Class org.jetbrains.kotlin.load.kotlin.FileBasedKotlinClass$1                         : loaded 2 times (x 90B)
Class kotlin.sequences.SequencesKt__SequencesKt$asSequence$$inlined$Sequence$1        : loaded 2 times (x 77B)
Class org.jetbrains.kotlin.daemon.common.ReportSeverity                               : loaded 2 times (x 81B)
Class org.jetbrains.kotlin.daemon.common.DaemonOptions$mappers$9                      : loaded 2 times (x 143B)
Class kotlin.reflect.jvm.internal.impl.types.DisjointKeysUnionTypeSubstitution        : loaded 2 times (x 80B)
Class kotlin.reflect.jvm.internal.impl.util.collectionUtils.ScopeUtilsKt              : loaded 2 times (x 73B)
Class kotlin.reflect.jvm.internal.impl.protobuf.WireFormat$FieldType$2                : loaded 2 times (x 84B)
Class kotlin.reflect.jvm.internal.impl.descriptors.DescriptorVisibilities             : loaded 2 times (x 73B)
Class kotlin.reflect.jvm.internal.impl.descriptors.ModuleDescriptor$DefaultImpls      : loaded 2 times (x 73B)
Class kotlin.reflect.jvm.internal.impl.renderer.ClassifierNamePolicy$SHORT            : loaded 2 times (x 76B)
Class kotlin.reflect.jvm.internal.impl.builtins.KotlinBuiltIns$2                      : loaded 2 times (x 79B)
Class kotlin.reflect.jvm.internal.impl.storage.StorageManager                         : loaded 2 times (x 72B)
Class kotlin.reflect.jvm.internal.impl.descriptors.runtime.components.RuntimeErrorReporter: loaded 2 times (x 77B)
Class [Lkotlin.reflect.jvm.internal.impl.name.FqName;                                 : loaded 2 times (x 71B)
Class kotlin.reflect.KFunction                                                        : loaded 2 times (x 72B)
Class [Lcom.google.common.reflect.Types$JavaVersion;                                  : loaded 2 times (x 71B)
Class org.jetbrains.kotlin.compilerRunner.CompilerSystemPropertiesService$properties$2: loaded 2 times (x 81B)
Class com.google.common.collect.Interners$InternerBuilder                             : loaded 2 times (x 78B)
Class com.google.common.io.Files$FileByteSource                                       : loaded 2 times (x 87B)
Class org.jetbrains.kotlin.gradle.incremental.IncrementalModuleInfoProvider           : loaded 2 times (x 72B)
Class org.jetbrains.kotlin.gradle.plugin.mpp.compilationImpl.KotlinCompilationImpl$2  : loaded 2 times (x 81B)
Class com.google.common.base.JdkPattern                                               : loaded 2 times (x 77B)
Class org.jetbrains.kotlin.gradle.dsl.PlatformSourceSetConventionsChecker$runChecks$1 : loaded 2 times (x 89B)
Class org.jetbrains.kotlin.gradle.plugin.mpp.compilationImpl.KotlinCompilationProcessorSideEffectKt$KotlinCompilationProcessorSideEffect$1: loaded 2 times (x 76B)
Class org.jetbrains.kotlin.gradle.dsl.KotlinJvmCompilerOptionsDefault                 : loaded 2 times (x 108B)
Class org.jetbrains.kotlin.gradle.internal.UsesClassLoadersCachingBuildService        : loaded 2 times (x 72B)
Class com.google.common.collect.ImmutableList$ReverseImmutableList                    : loaded 2 times (x 211B)
Class org.jetbrains.kotlin.metadata.ProtoBuf$Type$ArgumentOrBuilder                   : loaded 2 times (x 72B)
Class org.jetbrains.kotlin.protobuf.GeneratedMessageLite$GeneratedExtension           : loaded 2 times (x 81B)
Class org.jetbrains.kotlin.com.intellij.openapi.diagnostic.Logger                     : loaded 2 times (x 101B)
Class org.jetbrains.kotlin.load.kotlin.FileBasedKotlinClass$2                         : loaded 2 times (x 90B)
Class org.jetbrains.kotlin.build.report.metrics.CLASSPATH_ENTRY_SNAPSHOT_TRANSFORM    : loaded 2 times (x 74B)
Class kotlin.reflect.jvm.internal.impl.metadata.ProtoBuf$Visibility$1                 : loaded 2 times (x 76B)
Class org.jetbrains.kotlin.daemon.common.CompilationResultCategory                    : loaded 2 times (x 81B)
Class kotlin.reflect.jvm.internal.impl.utils.SmartSet$Companion                       : loaded 2 times (x 73B)
Class kotlin.reflect.jvm.internal.impl.protobuf.CodedInputStream                      : loaded 2 times (x 74B)
Class kotlin.reflect.jvm.internal.impl.load.java.lazy.descriptors.LazyJavaScope       : loaded 2 times (x 106B)
Class kotlin.reflect.jvm.internal.impl.protobuf.WireFormat$FieldType$3                : loaded 2 times (x 84B)
Class kotlin.reflect.jvm.internal.impl.incremental.components.LookupTracker           : loaded 2 times (x 72B)
Class kotlin.reflect.jvm.internal.impl.storage.LockBasedStorageManager$CacheWithNullableValuesBasedOnMemoizedFunction: loaded 2 times (x 85B)
Class kotlin.reflect.jvm.internal.impl.builtins.KotlinBuiltIns$3                      : loaded 2 times (x 79B)
Class kotlin.collections.MapsKt__MapsKt                                               : loaded 2 times (x 73B)
Class kotlin.jvm.internal.Lambda                                                      : loaded 2 times (x 77B)
Class [Lkotlin.reflect.KDeclarationContainer;                                         : loaded 2 times (x 71B)
Class kotlin.reflect.jvm.internal.impl.descriptors.TypeParameterUtilsKt               : loaded 2 times (x 73B)
Class com.google.common.io.CharSource$CharSequenceCharSource                          : loaded 2 times (x 88B)
Class [Lkotlinx.coroutines.CoroutineStart;                                            : loaded 2 times (x 71B)
Class kotlinx.coroutines.CoroutineDispatcher$Key                                      : loaded 2 times (x 74B)
Class com.google.common.io.CharStreams$NullWriter                                     : loaded 2 times (x 101B)
Class org.jetbrains.kotlin.compilerRunner.KotlinCompilerArgumentsLogLevel$Companion   : loaded 2 times (x 73B)
Class org.jetbrains.kotlin.gradle.plugin.DefaultKotlinBasePlugin$addKotlinCompilerConfiguration$3$1: loaded 2 times (x 81B)
Class org.jetbrains.kotlin.gradle.tasks.AbstractKotlinCompile$defaultKotlinJavaToolchain$1: loaded 2 times (x 80B)
Class org.jetbrains.kotlin.gradle.plugin.KotlinCompilationInfoKt                      : loaded 2 times (x 73B)
Class org.jetbrains.kotlin.gradle.tasks.KotlinCompile                                 : loaded 2 times (x 505B)
Class org.jetbrains.kotlin.gradle.internal.StdlibDependencyManagementKt               : loaded 2 times (x 73B)
Class org.jetbrains.kotlin.gradle.dsl.PlatformSourceSetConventionsChecker$runChecks$2 : loaded 2 times (x 80B)
Class org.jetbrains.kotlin.gradle.utils.ObservableSet                                 : loaded 2 times (x 72B)
Class org.jetbrains.kotlin.gradle.plugin.mpp.HierarchyAttributeContainer              : loaded 2 times (x 86B)
Class org.jetbrains.kotlin.gradle.tasks.UsesKotlinJavaToolchain                       : loaded 2 times (x 72B)
Class org.jetbrains.kotlin.konan.target.KonanTarget$MINGW_X64                         : loaded 2 times (x 80B)
Class org.jetbrains.kotlin.gradle.plugin.diagnostics.KotlinToolingDiagnosticsCollectorKt: loaded 2 times (x 73B)
Class org.jetbrains.kotlin.gradle.plugin.DefaultKotlinBasePlugin$apply$1              : loaded 2 times (x 77B)
Class org.jetbrains.kotlin.statistics.metrics.StringOverridePolicy$OVERRIDE           : loaded 2 times (x 87B)
Class org.jetbrains.kotlin.gradle.internal.properties.PropertiesBuildService$Params_Decorated: loaded 2 times (x 132B)
Class org.objectweb.asm.SymbolTable$Entry                                             : loaded 2 times (x 75B)
Class kotlin.reflect.jvm.internal.impl.resolve.scopes.MemberScope$Companion           : loaded 2 times (x 73B)
Class org.jetbrains.kotlin.metadata.ProtoBuf$Class                                    : loaded 2 times (x 178B)
Class org.jetbrains.kotlin.metadata.ProtoBuf$Property$1                               : loaded 2 times (x 146B)
Class org.jetbrains.kotlin.metadata.ProtoBuf$Type                                     : loaded 2 times (x 149B)
Class org.jetbrains.org.objectweb.asm.ClassWriter                                     : loaded 2 times (x 107B)
Class org.jetbrains.kotlin.load.kotlin.FileBasedKotlinClass$3                         : loaded 2 times (x 80B)
Class kotlin.jvm.internal.markers.KMutableMap$Entry                                   : loaded 2 times (x 72B)
Class kotlin.reflect.jvm.internal.impl.resolve.OverridingUtil$OverrideCompatibilityInfo: loaded 2 times (x 75B)
Class kotlin.reflect.jvm.internal.impl.types.checker.ClassicTypeCheckerStateKt        : loaded 2 times (x 73B)
Class [Lkotlin.reflect.jvm.internal.impl.resolve.scopes.MemberScope;                  : loaded 2 times (x 71B)
Class kotlin.reflect.jvm.internal.impl.protobuf.WireFormat$FieldType$4                : loaded 2 times (x 84B)
Class kotlin.reflect.jvm.internal.impl.descriptors.impl.FunctionDescriptorImpl        : loaded 2 times (x 193B)
Class kotlin.reflect.jvm.internal.impl.types.ClassifierBasedTypeConstructor           : loaded 2 times (x 88B)
Class kotlin.reflect.jvm.internal.impl.renderer.PropertyAccessorRenderingPolicy       : loaded 2 times (x 81B)
Class kotlin.reflect.jvm.internal.impl.load.kotlin.AbstractBinaryClassAnnotationAndConstantLoader: loaded 2 times (x 101B)
Class kotlin.reflect.jvm.internal.impl.incremental.components.LookupTracker$DO_NOTHING: loaded 2 times (x 77B)
Class kotlin.reflect.jvm.internal.impl.builtins.KotlinBuiltIns$4                      : loaded 2 times (x 79B)
Class Native_plugin_loader_gradle                                                     : loaded 2 times (x 128B)
Class org.jetbrains.kotlin.statistics.metrics.IMetricContainer                        : loaded 2 times (x 72B)
Class org.jetbrains.kotlin.gradle.plugin.mpp.KotlinTargetComponentWithCoordinatesAndPublication: loaded 2 times (x 72B)
Class org.jetbrains.kotlin.gradle.incremental.UsesIncrementalModuleInfoBuildService   : loaded 2 times (x 72B)
Class org.jetbrains.kotlin.gradle.dsl.PlatformSourceSetConventionsChecker$runChecks$3 : loaded 2 times (x 80B)
Class org.jetbrains.kotlin.konan.target.KonanTarget$ANDROID_X86                       : loaded 2 times (x 80B)
Class org.jetbrains.kotlin.gradle.plugin.RegisterKotlinPluginExtensionsKt             : loaded 2 times (x 73B)
Class org.jetbrains.kotlin.gradle.utils.CompilerOptionsKt$configureExperimentalTryNext$1$1: loaded 2 times (x 80B)
Class org.jetbrains.kotlin.gradle.utils.CompilerOptionsKt                             : loaded 2 times (x 73B)
Class org.jetbrains.kotlin.gradle.plugin.PropertiesProvider$Companion                 : loaded 2 times (x 73B)
Class org.jetbrains.kotlin.gradle.utils.SingleAction                                  : loaded 2 times (x 75B)
Class org.objectweb.asm.Edge                                                          : loaded 2 times (x 74B)
Class com.google.common.base.Suppliers$SupplierOfInstance                             : loaded 2 times (x 81B)
Class com.google.common.collect.Iterators$1                                           : loaded 2 times (x 83B)
Class org.jetbrains.kotlin.load.kotlin.FileBasedKotlinClass$4                         : loaded 2 times (x 90B)
Class org.jetbrains.kotlin.daemon.common.DaemonJVMOptionsMemoryComparator             : loaded 2 times (x 91B)
Class kotlin.collections.AbstractMutableSet                                           : loaded 2 times (x 144B)
Class kotlin.reflect.jvm.internal.impl.serialization.deserialization.SuspendFunctionTypeUtilKt: loaded 2 times (x 73B)
Class kotlin.reflect.jvm.internal.impl.types.model.TypeSystemContext                  : loaded 2 times (x 72B)
Class kotlin.reflect.jvm.internal.impl.load.java.structure.ListBasedJavaAnnotationOwner: loaded 2 times (x 72B)
Class kotlin.reflect.jvm.internal.impl.metadata.ProtoBuf$QualifiedNameTable$QualifiedName$Kind: loaded 2 times (x 84B)
Class kotlin.reflect.jvm.internal.impl.metadata.ProtoBuf$StringTable$1                : loaded 2 times (x 89B)
Class kotlin.reflect.jvm.internal.impl.descriptors.runtime.components.RuntimeSourceElementFactory$RuntimeSourceElement: loaded 2 times (x 80B)
Class kotlin.reflect.jvm.internal.impl.descriptors.runtime.structure.ReflectJavaClass : loaded 2 times (x 117B)
Class kotlin.reflect.jvm.internal.impl.metadata.deserialization.Flags$EnumLiteFlagField: loaded 2 times (x 78B)
Class kotlin.Metadata                                                                 : loaded 2 times (x 72B)
Class kotlin.reflect.jvm.internal.impl.serialization.deserialization.FlexibleTypeDeserializer$ThrowException: loaded 2 times (x 76B)
Class kotlin.reflect.jvm.internal.impl.metadata.jvm.JvmProtoBuf                       : loaded 2 times (x 73B)
Class kotlin.reflect.jvm.internal.impl.descriptors.impl.ClassDescriptorBase           : loaded 2 times (x 176B)
Class kotlin.properties.Delegates                                                     : loaded 2 times (x 73B)
Class kotlin.reflect.jvm.internal.impl.resolve.constants.IntegerValueConstant         : loaded 2 times (x 76B)
Class kotlin.reflect.jvm.internal.impl.types.checker.NewKotlinTypeChecker$Companion   : loaded 2 times (x 73B)
Class kotlin.reflect.jvm.internal.impl.load.java.JavaClassesTracker                   : loaded 2 times (x 72B)
Class kotlin.reflect.jvm.internal.impl.builtins.ReflectionTypes$Companion             : loaded 2 times (x 73B)
Class kotlin.reflect.jvm.internal.impl.descriptors.DeclarationDescriptorNonRoot       : loaded 2 times (x 72B)
Class kotlin.UninitializedPropertyAccessException                                     : loaded 2 times (x 84B)
Class com.google.common.reflect.TypeToken$1                                           : loaded 2 times (x 112B)
Class org.jetbrains.kotlin.gradle.tasks.KotlinCompile$defaultKotlinJavaToolchain$1    : loaded 2 times (x 81B)
Class org.jetbrains.kotlin.gradle.tasks.KotlinJavaToolchain$JavaToolchainSetter       : loaded 2 times (x 72B)
Class org.jetbrains.kotlin.gradle.internal.utils.CollectionsKt                        : loaded 2 times (x 73B)
Class org.jetbrains.kotlin.gradle.plugin.diagnostics.KotlinToolingDiagnosticsSetupActionKt$KotlinToolingDiagnosticsSetupAction$1$2$diagnostics$1: loaded 2 times (x 77B)
Class org.jetbrains.kotlin.tooling.core.ExtrasPropertyKt$extrasLazyProperty$1         : loaded 2 times (x 96B)
Class org.jetbrains.kotlin.gradle.dsl.abi.AbiFilterSetSpec                            : loaded 2 times (x 72B)
Class org.jetbrains.kotlin.gradle.dsl.PlatformSourceSetConventionsChecker$runChecks$4 : loaded 2 times (x 80B)
Class org.jetbrains.kotlin.gradle.plugin.diagnostics.checkers.JsLikeEnvironmentChecker$runChecks$1: loaded 2 times (x 89B)
Class org.jetbrains.kotlin.gradle.plugin.diagnostics.UsesKotlinToolingDiagnostics     : loaded 2 times (x 72B)
Class org.jetbrains.kotlin.gradle.plugin.diagnostics.checkers.KonanHomeConflictDeclarationChecker: loaded 2 times (x 76B)
Class org.jetbrains.kotlin.gradle.plugin.diagnostics.KotlinToolingDiagnostics$WasmJsEnvironmentNotChosenExplicitly: loaded 2 times (x 75B)
Class org.jetbrains.kotlin.statistics.metrics.BooleanAnonymizationPolicy$SAFE         : loaded 2 times (x 87B)
Class com.google.common.cache.LocalCache$ComputingValueReference                      : loaded 2 times (x 98B)
Class com.google.common.collect.SingletonImmutableSet                                 : loaded 2 times (x 148B)
Class com.google.common.collect.ImmutableMap$IteratorBasedImmutableMap                : loaded 2 times (x 128B)
Class kotlin.jvm.internal.CollectionToArray                                           : loaded 2 times (x 73B)
Class org.jetbrains.kotlin.metadata.ProtoBuf$Class$Kind                               : loaded 2 times (x 84B)
Class org.jetbrains.kotlin.protobuf.GeneratedMessageLite$Builder                      : loaded 2 times (x 130B)
Class org.jetbrains.kotlin.protobuf.WireFormat$FieldType$1                            : loaded 2 times (x 84B)
Class org.jetbrains.kotlin.metadata.jvm.JvmProtoBuf$JvmMethodSignatureOrBuilder       : loaded 2 times (x 72B)
Class org.jetbrains.kotlin.protobuf.ByteString                                        : loaded 2 times (x 110B)
Class kotlin.reflect.jvm.internal.impl.types.AbstractTypeConstructor$Supertypes       : loaded 2 times (x 74B)
Class org.jetbrains.kotlin.daemon.common.CompileService$CallResult                    : loaded 2 times (x 74B)
Class org.jetbrains.kotlin.daemon.client.KotlinCompilerClient$tryFindSuitableDaemonOrNewOpts$$inlined$thenBy$1: loaded 2 times (x 92B)
Class kotlin.reflect.jvm.internal.impl.load.java.components.DescriptorResolverUtils$1 : loaded 2 times (x 79B)
Class kotlin.reflect.jvm.internal.impl.load.kotlin.KotlinJvmBinarySourceElement       : loaded 2 times (x 80B)
Class kotlin.reflect.jvm.internal.impl.descriptors.impl.ModuleDependencies            : loaded 2 times (x 72B)
Class kotlin.reflect.jvm.internal.impl.renderer.DescriptorRendererOptions             : loaded 2 times (x 72B)
Class kotlin.reflect.jvm.internal.impl.metadata.deserialization.BinaryVersion         : loaded 2 times (x 74B)
Class kotlin.reflect.KProperty$Getter                                                 : loaded 2 times (x 72B)
Class com.google.common.reflect.TypeToken$2                                           : loaded 2 times (x 112B)
Class com.google.common.collect.AbstractMapBasedMultimap$AsMap$AsMapEntries           : loaded 2 times (x 140B)
Class org.jetbrains.kotlin.gradle.tasks.AbstractKotlinCompile$compilerRunner$1$1      : loaded 2 times (x 78B)
Class org.jetbrains.kotlin.gradle.plugin.mpp.compilationImpl.DefaultKotlinCompilationSourceSetsContainer$allKotlinSourceSetsImpl$1$1: loaded 2 times (x 82B)
Class org.jetbrains.kotlin.gradle.plugin.mpp.compilationImpl.DefaultKotlinCompilationSourceSetsContainer: loaded 2 times (x 80B)
Class org.jetbrains.kotlin.konan.target.KonanTarget$TVOS_SIMULATOR_ARM64              : loaded 2 times (x 80B)
Class org.jetbrains.kotlin.gradle.plugin.KotlinPluginLifecycle$Stage$Companion        : loaded 2 times (x 73B)
Class org.jetbrains.kotlin.gradle.plugin.diagnostics.checkers.DeprecatedKotlinNativeTargetsChecker: loaded 2 times (x 76B)
Class org.jetbrains.kotlin.gradle.targets.jvm.KotlinJvmCompilationWireJavaSourcesSideEffectKt$KotlinJvmCompilationWireJavaSourcesSideEffect$1: loaded 2 times (x 76B)
Class org.jetbrains.kotlin.gradle.targets.native.ConfigureFrameworkExportSideEffectKt$special$$inlined$KotlinTargetSideEffect$1: loaded 2 times (x 76B)
Class org.jetbrains.kotlin.tooling.core.AbstractExtras                                : loaded 2 times (x 143B)
Class org.jetbrains.kotlin.konan.target.KonanTarget$Companion                         : loaded 2 times (x 73B)
Class org.jetbrains.kotlin.gradle.fus.BuildUidService$Companion$registerIfAbsent$1    : loaded 2 times (x 76B)
Class org.jetbrains.kotlin.gradle.internal.diagnostics.AgpCompatibilityCheck$AndroidGradlePluginVersionProvider: loaded 2 times (x 72B)
Class com.google.common.cache.LocalCache$Segment                                      : loaded 2 times (x 155B)
Class kotlin.sequences.SequencesKt__SequenceBuilderKt                                 : loaded 2 times (x 73B)
Class org.jetbrains.kotlin.metadata.ProtoBuf$ValueParameter$1                         : loaded 2 times (x 146B)
Class [Lorg.jetbrains.kotlin.protobuf.WireFormat$FieldType;                           : loaded 2 times (x 71B)
Class org.jetbrains.kotlin.protobuf.WireFormat$FieldType$2                            : loaded 2 times (x 84B)
Class org.jetbrains.kotlin.daemon.common.CompilerId                                   : loaded 2 times (x 77B)
Class org.jetbrains.kotlin.utils.DescriptionAware                                     : loaded 2 times (x 72B)
Class kotlin.reflect.jvm.internal.impl.types.FlexibleTypesKt                          : loaded 2 times (x 73B)
Class kotlin.reflect.jvm.internal.impl.metadata.jvm.JvmProtoBuf$StringTableTypes$Record$1: loaded 2 times (x 89B)
Class kotlin.reflect.jvm.internal.impl.types.WrappedType                              : loaded 2 times (x 85B)
Class kotlin.SafePublicationLazyImpl                                                  : loaded 2 times (x 78B)
Class kotlin.reflect.jvm.internal.ReflectProperties                                   : loaded 2 times (x 73B)
Class Native_plugin_loader_gradle$NativePluginLoader$Companion                        : loaded 2 times (x 73B)
Class org.jetbrains.kotlin.build.report.FileReportSettings                            : loaded 2 times (x 74B)
Class org.jetbrains.kotlin.gradle.tasks.AbstractKotlinCompile$compilerRunner$1$2      : loaded 2 times (x 77B)
Class org.jetbrains.kotlin.gradle.plugin.KotlinCompilerArgumentsProducer$ArgumentType$Companion: loaded 2 times (x 73B)
Class org.jetbrains.kotlin.build.report.metrics.BuildTimes                            : loaded 2 times (x 74B)
Class org.jetbrains.kotlin.gradle.tasks.KotlinCompile$ClasspathSnapshotProperties     : loaded 2 times (x 75B)
Class org.jetbrains.kotlin.gradle.internal.StdlibDependencyManagementKt$addStdlibDependency$1$1: loaded 2 times (x 81B)
Class org.jetbrains.kotlin.gradle.tasks.configuration.BaseKotlinCompileConfig$2$1     : loaded 2 times (x 77B)
Class org.jetbrains.kotlin.gradle.plugin.diagnostics.TransformActionUsingKotlinToolingDiagnostics: loaded 2 times (x 72B)
Class com.google.common.collect.SortedIterable                                        : loaded 2 times (x 72B)
Class org.jetbrains.kotlin.gradle.dsl.abi.AbiValidationVariantSpec$Companion          : loaded 2 times (x 73B)
Class org.jetbrains.kotlin.gradle.dsl.abi.AbiValidationVariantSpec                    : loaded 2 times (x 72B)
Class org.jetbrains.kotlin.gradle.dsl.PlatformSourceSetConventionsChecker$runChecks$6 : loaded 2 times (x 89B)
Class org.jetbrains.kotlin.gradle.plugin.sources.DefaultKotlinSourceSet_Decorated     : loaded 2 times (x 187B)
Class org.jetbrains.kotlin.gradle.plugin.mpp.KotlinCompilationsKt                     : loaded 2 times (x 73B)
Class org.jetbrains.kotlin.gradle.targets.native.KonanPropertiesBuildService$Companion: loaded 2 times (x 73B)
Class org.jetbrains.kotlin.statistics.metrics.StringOverridePolicy                    : loaded 2 times (x 87B)
Class org.jetbrains.kotlin.gradle.plugin.statistics.DefaultKotlinBuildStatsBeanService: loaded 2 times (x 94B)
Class org.jetbrains.kotlin.gradle.utils.GradleUtilsKt$registerClassLoaderScopedBuildService$1: loaded 2 times (x 76B)
Class org.jetbrains.kotlin.gradle.internal.diagnostics.AgpCompatibilityCheck$AndroidGradlePluginVersionProvider$Default: loaded 2 times (x 76B)
Class com.google.common.collect.AbstractListMultimap                                  : loaded 2 times (x 173B)
Class [Lorg.objectweb.asm.SymbolTable$Entry;                                          : loaded 2 times (x 71B)
Class com.google.common.cache.CacheLoader                                             : loaded 2 times (x 76B)
Class com.google.common.collect.Iterators$4                                           : loaded 2 times (x 84B)
Class com.google.common.collect.ImmutableBiMap                                        : loaded 2 times (x 145B)
Class org.gradle.internal.installation.GradleInstallation$1                           : loaded 2 times (x 77B)
Class org.gradle.api.internal.classpath.ModuleRegistry                                : loaded 2 times (x 72B)
Class org.jetbrains.kotlin.protobuf.WireFormat$FieldType$3                            : loaded 2 times (x 84B)
Class org.jetbrains.org.objectweb.asm.AnnotationVisitor                               : loaded 2 times (x 80B)
Class kotlin.reflect.jvm.internal.impl.types.AbstractStubType                         : loaded 2 times (x 93B)
Class kotlin.reflect.jvm.internal.impl.metadata.deserialization.NameResolver          : loaded 2 times (x 72B)
Class kotlin.reflect.jvm.internal.impl.descriptors.FindClassInModuleKt                : loaded 2 times (x 73B)
Class [Lkotlin.reflect.jvm.internal.impl.descriptors.DeclarationDescriptor;           : loaded 2 times (x 71B)
Class kotlin.reflect.jvm.internal.impl.metadata.ProtoBuf$VersionRequirementTableOrBuilder: loaded 2 times (x 72B)
Class kotlin.reflect.jvm.internal.impl.metadata.ProtoBuf$ValueParameter$1             : loaded 2 times (x 89B)
Class kotlin.reflect.jvm.internal.impl.descriptors.FieldDescriptor                    : loaded 2 times (x 72B)
Class jdk.internal.jimage.decompressor.ResourceDecompressorFactory                    : loaded 2 times (x 76B)
Class org.apache.commons.io.output.NullWriter                                         : loaded 2 times (x 101B)
Class org.jetbrains.kotlin.gradle.plugin.KotlinCompilerArgumentsProducer$CreateCompilerArgumentsContext$Companion: loaded 2 times (x 73B)
Class org.jetbrains.kotlin.gradle.logging.GradleKotlinLogger                          : loaded 2 times (x 84B)
Class com.google.common.base.Splitter$SplittingIterator                               : loaded 2 times (x 85B)
Class org.jetbrains.kotlin.gradle.plugin.KotlinPluginLifecycle$ProjectConfigurationResult: loaded 2 times (x 73B)
Class org.jetbrains.kotlin.gradle.internal.KotlinDependenciesManagementKt$configureDefaultVersionsResolutionStrategy$1: loaded 2 times (x 77B)
Class org.jetbrains.kotlin.gradle.internal.StdlibDependencyManagementKt$configureStdlibDefaultDependency$1: loaded 2 times (x 81B)
Class org.jetbrains.kotlin.gradle.plugin.mpp.compilationImpl.KotlinCreateResourcesTaskSideEffectKt: loaded 2 times (x 73B)
Class org.jetbrains.kotlin.gradle.plugin.mpp.KotlinUsages                             : loaded 2 times (x 73B)
Class org.jetbrains.kotlin.gradle.utils.ConfigurationCacheOpaqueValue                 : loaded 2 times (x 74B)
Class org.jetbrains.kotlin.gradle.internal.properties.NativePropertiesLoader$Companion: loaded 2 times (x 73B)
Class org.jetbrains.kotlin.gradle.plugin.statistics.KotlinBuildStatsBeanService$Companion: loaded 2 times (x 73B)
Class org.jetbrains.kotlin.gradle.plugin.statistics.BuildFusService$Companion         : loaded 2 times (x 73B)
Class com.google.common.collect.ImmutableSet$JdkBackedSetBuilderImpl                  : loaded 2 times (x 78B)
Class com.google.common.util.concurrent.internal.InternalFutureFailureAccess          : loaded 2 times (x 74B)
Class com.google.common.collect.Iterators$5                                           : loaded 2 times (x 84B)
Class [Lorg.jetbrains.kotlin.metadata.ProtoBuf$Annotation$Argument$Value$Type;        : loaded 2 times (x 71B)
Class org.jetbrains.kotlin.metadata.ProtoBuf$Contract$1                               : loaded 2 times (x 146B)
Class org.jetbrains.kotlin.metadata.ProtoBuf$Type$1                                   : loaded 2 times (x 146B)
Class org.jetbrains.kotlin.protobuf.WireFormat$FieldType$4                            : loaded 2 times (x 84B)
Class org.jetbrains.kotlin.metadata.jvm.JvmProtoBuf$JvmMethodSignature$1              : loaded 2 times (x 146B)
Class org.jetbrains.kotlin.load.kotlin.FileBasedKotlinClass$3$1                       : loaded 2 times (x 80B)
Class kotlin.text.RegexKt                                                             : loaded 2 times (x 73B)
Class org.jetbrains.kotlin.name.FqNameUnsafe                                          : loaded 2 times (x 74B)
Class kotlin.reflect.jvm.internal.impl.serialization.deserialization.descriptors.DeserializedPropertyDescriptor: loaded 2 times (x 212B)
Class kotlin.reflect.jvm.internal.impl.descriptors.runtime.structure.ReflectJavaType$Factory: loaded 2 times (x 73B)
Class kotlin.reflect.jvm.internal.impl.metadata.ProtoBuf$Modality$1                   : loaded 2 times (x 76B)
Class kotlin.reflect.jvm.internal.impl.protobuf.ByteString                            : loaded 2 times (x 99B)
Class kotlin.reflect.jvm.internal.impl.serialization.deserialization.LocalClassifierTypeSettings: loaded 2 times (x 72B)
Class kotlin.reflect.jvm.internal.impl.load.java.ReportLevel$Companion                : loaded 2 times (x 73B)
Class kotlin.reflect.jvm.internal.impl.load.java.ReportLevel                          : loaded 2 times (x 81B)
Class kotlin.reflect.jvm.internal.impl.load.java.JavaClassFinder                      : loaded 2 times (x 72B)
Class kotlin.reflect.jvm.internal.KDeclarationContainerImpl                           : loaded 2 times (x 86B)
Class kotlinx.coroutines.Job$Key                                                      : loaded 2 times (x 73B)
Class com.google.common.collect.ImmutableMultimap$Values                              : loaded 2 times (x 128B)
Class org.jetbrains.kotlin.compilerRunner.ArgumentUtils                               : loaded 2 times (x 73B)
Class org.jetbrains.kotlin.compilerRunner.CompilerExecutionSettings                   : loaded 2 times (x 74B)
Class com.google.common.collect.ImmutableSortedAsList                                 : loaded 2 times (x 223B)
Class com.google.common.collect.HashBiMap$Inverse                                     : loaded 2 times (x 144B)
Class org.jetbrains.kotlin.gradle.plugin.HasCompilerOptions                           : loaded 2 times (x 72B)
Class org.jetbrains.kotlin.gradle.plugin.mpp.compilationImpl.DefaultKotlinCompilationFriendPathsResolver$FriendArtifactResolver: loaded 2 times (x 72B)
Class org.jetbrains.kotlin.gradle.dsl.abi.AbiFilterSetSpec_Decorated                  : loaded 2 times (x 135B)
Class org.jetbrains.kotlin.konan.target.KonanTarget$WATCHOS_SIMULATOR_ARM64           : loaded 2 times (x 80B)
Class org.jetbrains.kotlin.gradle.targets.js.ir.KotlinJsIrTarget                      : loaded 2 times (x 256B)
Class org.jetbrains.kotlin.gradle.plugin.mpp.DefaultKotlinUsageContext                : loaded 2 times (x 95B)
Class org.jetbrains.kotlin.gradle.plugin.KotlinPluginLifecycleImpl$start$3            : loaded 2 times (x 81B)
Class org.jetbrains.kotlin.gradle.dsl.KotlinJvmExtension                              : loaded 2 times (x 72B)
Class org.jetbrains.kotlin.gradle.plugin.KotlinMultiplatformPluginWrapper             : loaded 2 times (x 88B)
Class [Lorg.jetbrains.kotlin.statistics.metrics.BooleanMetrics;                       : loaded 2 times (x 71B)
Class org.jetbrains.kotlin.gradle.fus.internal.CiUtilKt                               : loaded 2 times (x 73B)
Class org.jetbrains.kotlin.gradle.internal.properties.PropertiesBuildService$Companion: loaded 2 times (x 73B)
Class com.google.common.base.CharMatcher$ForPredicate                                 : loaded 2 times (x 114B)
Class com.google.common.cache.LocalCache$LocalManualCache$1                           : loaded 2 times (x 77B)
Class kotlin.sequences.FilteringSequence$iterator$1                                   : loaded 2 times (x 81B)
Class kotlin.io.FilesKt__UtilsKt                                                      : loaded 2 times (x 73B)
Class kotlin.reflect.jvm.internal.impl.metadata.ProtoBuf$PackageFragment$1            : loaded 2 times (x 89B)
Class kotlin.reflect.jvm.internal.impl.protobuf.SmallSortedMap$EntrySet               : loaded 2 times (x 139B)
Class kotlin.reflect.jvm.internal.impl.protobuf.CodedOutputStream                     : loaded 2 times (x 74B)
Class kotlin.reflect.jvm.internal.impl.load.java.structure.JavaPackage                : loaded 2 times (x 72B)
Class kotlin.reflect.jvm.internal.impl.util.ModuleVisibilityHelper$EMPTY              : loaded 2 times (x 76B)
Class kotlin.reflect.jvm.internal.impl.descriptors.impl.ModuleAwareClassDescriptor    : loaded 2 times (x 174B)
Class kotlin.collections.CollectionsKt__CollectionsJVMKt                              : loaded 2 times (x 73B)
Class org.jetbrains.kotlin.compilerRunner.CompilerSystemPropertiesService$Inject      : loaded 2 times (x 102B)
Class com.google.common.collect.ImmutableSortedMap$1EntrySet                          : loaded 2 times (x 157B)
Class org.jetbrains.kotlin.gradle.plugin.mpp.compilationImpl.KotlinCompilationConfigurationsContainer: loaded 2 times (x 72B)
Class org.jetbrains.kotlin.gradle.internal.StdlibDependencyManagementKt$addStdlibDependency$1: loaded 2 times (x 77B)
Class [Lorg.jetbrains.kotlin.gradle.plugin.KotlinPluginLifecycle$CoroutineStart;      : loaded 2 times (x 71B)
Class org.jetbrains.kotlin.gradle.dsl.IosSourceSetConventionChecker                   : loaded 2 times (x 76B)
Class org.jetbrains.kotlin.gradle.plugin.diagnostics.KotlinGradleProjectChecker       : loaded 2 times (x 72B)
Class org.jetbrains.kotlin.gradle.plugin.sources.KotlinSourceSetFactory$Companion     : loaded 2 times (x 73B)
Class org.jetbrains.kotlin.gradle.dsl.KotlinMultiplatformSourceSetConventions         : loaded 2 times (x 72B)
Class org.jetbrains.kotlin.statistics.metrics.NumberOverridePolicy$SUM                : loaded 2 times (x 87B)
Class com.google.common.base.CharMatcher$AnyOf                                        : loaded 2 times (x 114B)
Class com.google.common.collect.ImmutableCollection                                   : loaded 2 times (x 127B)
Class org.gradle.api.internal.classpath.DefaultModuleRegistry                         : loaded 2 times (x 88B)
Class kotlin.reflect.jvm.internal.impl.descriptors.ValueParameterDescriptor           : loaded 2 times (x 72B)
Class org.jetbrains.kotlin.metadata.deserialization.Flags$BooleanFlagField            : loaded 2 times (x 78B)
Class org.jetbrains.kotlin.metadata.ProtoBuf$Function$1                               : loaded 2 times (x 146B)
Class org.jetbrains.org.objectweb.asm.AnnotationWriter                                : loaded 2 times (x 80B)
Class org.jetbrains.kotlin.metadata.jvm.deserialization.JvmProtoBufUtil               : loaded 2 times (x 73B)
Class org.jetbrains.kotlin.load.kotlin.KotlinJvmBinaryClass$AnnotationVisitor         : loaded 2 times (x 72B)
Class org.jetbrains.kotlin.compilerRunner.KotlinCompilerRunnerUtils$WhenMappings      : loaded 2 times (x 73B)
Class kotlin.collections.builders.MapBuilder$Itr                                      : loaded 2 times (x 74B)
Class kotlin.reflect.jvm.internal.impl.name.CallableId$Companion                      : loaded 2 times (x 73B)
Class kotlin.sequences.SequencesKt                                                    : loaded 2 times (x 73B)
Class kotlin.reflect.jvm.internal.impl.load.java.lazy.descriptors.DeclaredMemberIndex : loaded 2 times (x 72B)
Class kotlin.reflect.jvm.internal.impl.resolve.scopes.DescriptorKindFilter$Companion$MaskToName: loaded 2 times (x 74B)
Class kotlin.reflect.jvm.internal.impl.metadata.ProtoBuf$Type$Argument$1              : loaded 2 times (x 89B)
Class kotlin.collections.IndexedValue                                                 : loaded 2 times (x 74B)
Class kotlin.reflect.jvm.internal.impl.descriptors.impl.AbstractClassDescriptor$1     : loaded 2 times (x 79B)
Class kotlin.reflect.jvm.internal.impl.types.LazyWrappedType                          : loaded 2 times (x 86B)
Class kotlin.reflect.jvm.internal.impl.load.java.lazy.types.JavaTypeFlexibility       : loaded 2 times (x 81B)
Class kotlin.KotlinVersionCurrentValue                                                : loaded 2 times (x 73B)
Class kotlin.reflect.jvm.internal.impl.storage.MemoizedFunctionToNotNull              : loaded 2 times (x 72B)
Class kotlin.reflect.jvm.internal.impl.descriptors.runtime.components.RuntimeModuleData$Companion: loaded 2 times (x 73B)
Class kotlin.reflect.jvm.internal.impl.name.SpecialNames                              : loaded 2 times (x 73B)
Class kotlin.collections.CollectionsKt__IteratorsKt                                   : loaded 2 times (x 73B)
Class kotlinx.coroutines.EventLoop                                                    : loaded 2 times (x 107B)
Class org.jetbrains.kotlin.gradle.internal.name.FqNameUnsafe$Companion                : loaded 2 times (x 73B)
Class org.jetbrains.kotlin.gradle.plugin.internal.state.TaskExecutionResults          : loaded 2 times (x 73B)
Class org.jetbrains.kotlin.compilerRunner.KotlinCompilerArgumentsLogLevel             : loaded 2 times (x 81B)
Class org.jetbrains.kotlin.gradle.plugin.mpp.compilationImpl.factory.CompositePostConfigure: loaded 2 times (x 77B)
Class org.jetbrains.kotlin.gradle.plugin.diagnostics.KotlinToolingDiagnosticsSetupActionKt$KotlinToolingDiagnosticsSetupAction$1$reporterProvider$1: loaded 2 times (x 76B)
Class org.jetbrains.kotlin.gradle.targets.native.internal.CInteropConfigurationsKt    : loaded 2 times (x 73B)
Class org.jetbrains.kotlin.gradle.plugin.statistics.BuildFusService$Parameters$Inject : loaded 2 times (x 114B)
Class org.jetbrains.kotlin.statistics.metrics.StatisticsValuesConsumer                : loaded 2 times (x 72B)
Class org.jetbrains.kotlin.gradle.plugin.AndroidGradlePluginVersion$Companion         : loaded 2 times (x 73B)
Class com.google.common.collect.Lists                                                 : loaded 2 times (x 73B)
Class com.google.common.util.concurrent.ListenableFuture                              : loaded 2 times (x 72B)
Class com.google.common.cache.ReferenceEntry                                          : loaded 2 times (x 72B)
Class com.google.common.base.Converter                                                : loaded 2 times (x 92B)
Class com.google.common.collect.ImmutableSet$CachingAsList                            : loaded 2 times (x 150B)
Class [Lkotlin.reflect.jvm.internal.impl.types.model.TypeArgumentMarker;              : loaded 2 times (x 71B)
Class org.jetbrains.kotlin.com.intellij.openapi.diagnostic.Logger$DefaultFactory      : loaded 2 times (x 76B)
Class kotlin.jvm.internal.markers.KMutableSet                                         : loaded 2 times (x 72B)
Class kotlin.reflect.jvm.internal.impl.descriptors.TypeAliasDescriptor                : loaded 2 times (x 72B)
Class kotlin.reflect.jvm.internal.impl.resolve.OverridingUtil$4                       : loaded 2 times (x 76B)
Class kotlin.reflect.jvm.internal.impl.descriptors.Visibilities$Public                : loaded 2 times (x 77B)
Class kotlin.reflect.jvm.internal.impl.descriptors.SimpleFunctionDescriptor           : loaded 2 times (x 72B)
Class kotlin.reflect.jvm.internal.impl.descriptors.ReceiverParameterDescriptor        : loaded 2 times (x 72B)
Class kotlin.reflect.jvm.internal.impl.descriptors.impl.AbstractClassDescriptor$2     : loaded 2 times (x 79B)
Class kotlin.reflect.jvm.internal.impl.descriptors.SourceElement                      : loaded 2 times (x 72B)
Class kotlin.text.StringsKt                                                           : loaded 2 times (x 73B)
Class kotlin.reflect.jvm.internal.impl.load.java.SpecialGenericSignatures             : loaded 2 times (x 73B)
Class org.jetbrains.kotlin.gradle.plugin.DefaultKotlinBasePlugin$addKotlinCompilerConfiguration$2$1$1$1: loaded 2 times (x 77B)
Class org.jetbrains.kotlin.gradle.plugin.CompilerPluginConfig                         : loaded 2 times (x 74B)
Class org.jetbrains.kotlin.gradle.tasks.KotlinCompilerExecutionStrategy$Companion     : loaded 2 times (x 73B)
Class org.jetbrains.kotlin.gradle.plugin.diagnostics.KotlinToolingDiagnosticsSetupActionKt$KotlinToolingDiagnosticsSetupAction$1$reporterProvider$2: loaded 2 times (x 77B)
Class [Lorg.jetbrains.kotlin.tooling.core.HasMutableExtras;                           : loaded 2 times (x 71B)
Class org.jetbrains.kotlin.gradle.plugin.diagnostics.checkers.GradleDeprecatedPropertyChecker: loaded 2 times (x 76B)
Class org.jetbrains.kotlin.gradle.artifacts.KotlinJsKlibArtifactKt$KotlinJsKlibArtifact$1: loaded 2 times (x 76B)
Class org.jetbrains.kotlin.gradle.targets.CreateTargetConfigurationsSideEffectKt      : loaded 2 times (x 73B)
Class org.jetbrains.kotlin.gradle.plugin.mpp.ApplyUserDefinedAttributesKt$UserDefinedAttributesSetupAction$1: loaded 2 times (x 97B)
Class org.jetbrains.kotlin.gradle.plugin.mpp.KotlinAndroidTarget                      : loaded 2 times (x 161B)
Class org.jetbrains.kotlin.gradle.plugin.DefaultKotlinBasePlugin$addKotlinCompilerConfiguration$1: loaded 2 times (x 77B)
Class org.jetbrains.kotlin.gradle.plugin.statistics.NonSynchronizedMetricsContainer   : loaded 2 times (x 84B)
Class org.jetbrains.kotlin.gradle.plugin.internal.DefaultCompatibilityConventionRegistrar: loaded 2 times (x 76B)
Class org.jetbrains.kotlin.gradle.plugin.PropertiesProvider                           : loaded 2 times (x 75B)
Class com.google.common.collect.AbstractMapBasedMultimap                              : loaded 2 times (x 140B)
Class com.google.common.util.concurrent.AbstractFuture                                : loaded 2 times (x 108B)
Class com.google.common.base.FunctionalEquivalence                                    : loaded 2 times (x 85B)
Class com.google.common.collect.Iterators$9                                           : loaded 2 times (x 83B)
Class com.google.common.collect.ImmutableAsList                                       : loaded 2 times (x 211B)
Class kotlin.reflect.jvm.internal.impl.metadata.ProtoBuf$QualifiedNameTable$QualifiedNameOrBuilder: loaded 2 times (x 72B)
Class kotlin.reflect.jvm.internal.impl.builtins.BuiltInsPackageFragment               : loaded 2 times (x 72B)
Class kotlin.reflect.jvm.internal.impl.serialization.deserialization.descriptors.DeserializedContainerSource: loaded 2 times (x 72B)
Class kotlin.reflect.jvm.internal.impl.metadata.ProtoBuf$Package                      : loaded 2 times (x 103B)
Class kotlin.reflect.jvm.internal.impl.metadata.ProtoBuf$Constructor                  : loaded 2 times (x 103B)
Class kotlin.reflect.jvm.internal.impl.descriptors.impl.AbstractClassDescriptor$3     : loaded 2 times (x 79B)
Class kotlin.reflect.jvm.internal.impl.types.model.TypeConstructorMarker              : loaded 2 times (x 72B)
Class kotlin.reflect.jvm.internal.impl.load.java.ErasedOverridabilityCondition        : loaded 2 times (x 77B)
Class kotlin.LazyKt__LazyJVMKt                                                        : loaded 2 times (x 73B)
Class com.google.common.reflect.TypeResolver$TypeTable                                : loaded 2 times (x 75B)
Class com.google.common.io.CharStreams                                                : loaded 2 times (x 73B)
Class com.google.common.collect.ImmutableMultiset                                     : loaded 2 times (x 165B)
Class [Lorg.jetbrains.kotlin.gradle.dsl.jvm.JvmTargetValidationMode;                  : loaded 2 times (x 71B)
Class org.jetbrains.kotlin.gradle.tasks.DefaultKotlinJavaToolchain$javaVersion$1      : loaded 2 times (x 76B)
Class org.jetbrains.kotlin.gradle.plugin.mpp.MppSourcesJarKt$sourcesJarTask$1         : loaded 2 times (x 97B)
Class org.jetbrains.kotlin.gradle.plugin.mpp.compilationImpl.factory.KotlinCompilationImplFactory$KotlinCompilationOutputFactory: loaded 2 times (x 72B)
Class org.jetbrains.kotlin.gradle.plugin.KotlinCompilationToRunnableFiles             : loaded 2 times (x 72B)
Class org.jetbrains.kotlin.gradle.tooling.BuildKotlinToolingMetadataTaskKt            : loaded 2 times (x 73B)
Class org.jetbrains.kotlin.gradle.plugin.ProjectLocalConfigurations$setupAttributesMatchingStrategy$1$1: loaded 2 times (x 76B)
Class org.jetbrains.kotlin.konan.target.TargetSupportException                        : loaded 2 times (x 84B)
Class org.jetbrains.kotlin.gradle.internal.IsInIdeaEnvironmentValueSource             : loaded 2 times (x 82B)
Class org.jetbrains.kotlin.gradle.targets.native.toolchain.KotlinNativeBundleBuildService$Companion$registerIfAbsent$2$1$1: loaded 2 times (x 77B)
Class org.jetbrains.kotlin.statistics.BuildSessionLogger$Companion                    : loaded 2 times (x 73B)
Class org.jetbrains.kotlin.gradle.plugin.diagnostics.ProblemsReporter$Factory         : loaded 2 times (x 72B)
Class org.objectweb.asm.RecordComponentVisitor                                        : loaded 2 times (x 79B)
Class com.google.common.cache.CacheLoader$SupplierToCacheLoader                       : loaded 2 times (x 77B)
Class kotlin.reflect.jvm.internal.impl.load.java.DescriptorsJvmAbiUtil                : loaded 2 times (x 73B)
Class kotlin.reflect.jvm.internal.KPropertyImpl$Accessor                              : loaded 2 times (x 124B)
Class org.jetbrains.kotlin.metadata.ProtoBuf$Annotation$1                             : loaded 2 times (x 146B)
Class org.jetbrains.kotlin.protobuf.AbstractParser                                    : loaded 2 times (x 146B)
Class kotlin.io.FilesKt__FileTreeWalkKt                                               : loaded 2 times (x 73B)
Class kotlin.jvm.internal.markers.KMutableList                                        : loaded 2 times (x 72B)
Class org.jetbrains.kotlin.daemon.client.KotlinCompilerClient$DaemonSearchResult$NotFound: loaded 2 times (x 74B)
Class kotlin.text.MatchNamedGroupCollection                                           : loaded 2 times (x 72B)
Class kotlin.io.FilesKt__FileReadWriteKt                                              : loaded 2 times (x 73B)
Class org.jetbrains.kotlin.load.kotlin.FileBasedKotlinClass$OuterAndInnerName         : loaded 2 times (x 74B)
Class [Lorg.jetbrains.kotlin.config.LanguageVersion;                                  : loaded 2 times (x 71B)
Class kotlin.reflect.jvm.internal.impl.descriptors.java.JavaVisibilities$ProtectedAndPackage: loaded 2 times (x 77B)
Class kotlin.reflect.jvm.internal.impl.descriptors.impl.FieldDescriptorImpl           : loaded 2 times (x 80B)
Class kotlin.reflect.jvm.internal.impl.types.model.FlexibleTypeMarker                 : loaded 2 times (x 72B)
Class kotlin.reflect.jvm.internal.impl.load.java.FakePureImplementationsProvider      : loaded 2 times (x 73B)
Class kotlin.reflect.jvm.internal.impl.builtins.jvm.JvmBuiltInsSignatures             : loaded 2 times (x 73B)
Class [Lkotlin.reflect.jvm.internal.impl.metadata.ProtoBuf$Modality;                  : loaded 2 times (x 71B)
Class kotlin.reflect.jvm.internal.impl.metadata.deserialization.Flags$BooleanFlagField: loaded 2 times (x 77B)
Class kotlin.reflect.jvm.internal.impl.metadata.ProtoBuf$Annotation$Argument$Value    : loaded 2 times (x 98B)
Class kotlin.reflect.jvm.internal.impl.protobuf.LazyFieldLite                         : loaded 2 times (x 78B)
Class kotlin.reflect.jvm.internal.impl.descriptors.PropertyGetterDescriptor           : loaded 2 times (x 72B)
Class kotlin.reflect.jvm.internal.impl.descriptors.impl.PackageFragmentDescriptorImpl : loaded 2 times (x 107B)
Class kotlin.reflect.jvm.internal.impl.builtins.jvm.JvmBuiltInsCustomizer             : loaded 2 times (x 83B)
Class [Lkotlin.Pair;                                                                  : loaded 2 times (x 71B)
Class kotlin.text.StringsKt__StringNumberConversionsKt                                : loaded 2 times (x 73B)
Class com.google.common.reflect.TypeResolver$TypeTable$1                              : loaded 2 times (x 75B)
Class kotlinx.coroutines.scheduling.TasksKt                                           : loaded 2 times (x 73B)
Class kotlinx.coroutines.internal.SystemPropsKt__SystemPropsKt                        : loaded 2 times (x 73B)
Class kotlinx.coroutines.ChildJob                                                     : loaded 2 times (x 72B)
Class com.google.common.collect.UsingToStringOrdering                                 : loaded 2 times (x 116B)
Class org.jetbrains.kotlin.gradle.targets.js.npm.SemverKt                             : loaded 2 times (x 73B)
Class org.jetbrains.kotlin.gradle.internal.StdlibDependencyManagementKt$isStdlibAddedByUser$1: loaded 2 times (x 81B)
Class org.jetbrains.kotlin.gradle.plugin.mpp.KotlinCompilationsKt$sam$java_util_concurrent_Callable$0: loaded 2 times (x 77B)
Class org.jetbrains.kotlin.gradle.tasks.KotlinCompilerPluginData                      : loaded 2 times (x 74B)
Class org.jetbrains.kotlin.gradle.plugin.mpp.MppSourcesJarKt                          : loaded 2 times (x 73B)
Class org.jetbrains.kotlin.compilerRunner.CompilerSystemPropertiesService$Companion$registerIfAbsent$2$1$1: loaded 2 times (x 77B)
Class org.jetbrains.kotlin.gradle.plugin.KotlinCompilationInfo                        : loaded 2 times (x 90B)
Class org.jetbrains.kotlin.tooling.core.ExtrasPropertyKt                              : loaded 2 times (x 73B)
Class org.jetbrains.kotlin.gradle.tasks.BaseKotlinCompile                             : loaded 2 times (x 72B)
Class org.jetbrains.kotlin.gradle.plugin.internal.UsesBuildIdProviderService          : loaded 2 times (x 72B)
Class org.jetbrains.kotlin.gradle.plugin.mpp.compilationImpl.KotlinCompilationSourceSetInclusion$include$1: loaded 2 times (x 81B)
Class org.jetbrains.kotlin.gradle.plugin.mpp.compilationImpl.factory.KotlinCompilationImplFactory$KotlinCompilationDependencyConfigurationsFactory: loaded 2 times (x 72B)
Class org.jetbrains.kotlin.gradle.tasks.abi.KotlinLegacyAbiCheckTask                  : loaded 2 times (x 72B)
Class org.jetbrains.kotlin.gradle.plugin.KotlinPluginLifecycleCoroutineContextElement$Key: loaded 2 times (x 73B)
Class org.jetbrains.kotlin.gradle.plugin.diagnostics.KotlinToolingDiagnosticsSetupActionKt$KotlinToolingDiagnosticsSetupAction$1: loaded 2 times (x 76B)
Class org.jetbrains.kotlin.gradle.dsl.KotlinProjectExtensionKt                        : loaded 2 times (x 73B)
Class org.jetbrains.kotlin.gradle.internal.ClassLoadersCachingBuildService$Companion$registerIfAbsent$1: loaded 2 times (x 77B)
Class org.jetbrains.kotlin.gradle.plugin.UsesKotlinGradleBuildServices                : loaded 2 times (x 72B)
Class org.jetbrains.kotlin.gradle.plugin.KotlinGradleBuildServices$Parameters_Decorated: loaded 2 times (x 132B)
Class org.jetbrains.kotlin.gradle.plugin.DefaultKotlinBasePlugin$addKotlinCompilerConfiguration$3: loaded 2 times (x 77B)
Class [Lorg.jetbrains.kotlin.statistics.metrics.IMetricContainerFactory;              : loaded 2 times (x 71B)
Class org.jetbrains.kotlin.gradle.internal.IdeaKt                                     : loaded 2 times (x 73B)
Class com.google.common.collect.Maps$EntryTransformer                                 : loaded 2 times (x 72B)
Class org.gradle.internal.service.ServiceLookupException                              : loaded 2 times (x 84B)
Class org.jetbrains.kotlin.metadata.ProtoBuf$ContractOrBuilder                        : loaded 2 times (x 72B)
Class [Lorg.jetbrains.kotlin.protobuf.Internal$EnumLite;                              : loaded 2 times (x 71B)
Class org.jetbrains.kotlin.com.intellij.openapi.diagnostic.LogLevel                   : loaded 2 times (x 81B)
Class kotlin.reflect.jvm.internal.impl.load.java.UtilsKt                              : loaded 2 times (x 73B)
Class kotlin.reflect.jvm.internal.impl.resolve.OverridingUtil$OverrideCompatibilityInfo$Result: loaded 2 times (x 81B)
Class [Lkotlin.sequences.Sequence;                                                    : loaded 2 times (x 71B)
Class kotlin.reflect.jvm.internal.impl.descriptors.impl.LazyPackageViewDescriptorImpl : loaded 2 times (x 104B)
Class kotlin.reflect.jvm.internal.impl.metadata.ProtoBuf$TypeTable                    : loaded 2 times (x 98B)
Class kotlin.reflect.jvm.internal.impl.protobuf.MessageLiteOrBuilder                  : loaded 2 times (x 72B)
Class kotlin.jvm.internal.MutablePropertyReference1Impl                               : loaded 2 times (x 143B)
Class kotlin.reflect.jvm.internal.impl.serialization.deserialization.AnnotationAndConstantLoader: loaded 2 times (x 72B)
Class kotlin.reflect.jvm.internal.impl.load.java.components.JavaPropertyInitializerEvaluator$DoNothing: loaded 2 times (x 76B)
Class [Lkotlin.reflect.jvm.internal.impl.load.java.ReportLevel;                       : loaded 2 times (x 71B)
Class kotlin.reflect.jvm.internal.impl.storage.LockBasedStorageManager$MapBasedMemoizedFunction: loaded 2 times (x 84B)
Class kotlin.reflect.jvm.internal.impl.storage.NotNullLazyValue                       : loaded 2 times (x 72B)
Class kotlinx.coroutines.ChildHandleNode                                              : loaded 2 times (x 92B)
Class kotlinx.coroutines.scheduling.SchedulerCoroutineDispatcher                      : loaded 2 times (x 110B)
Class [Lorg.jetbrains.kotlin.tooling.core.KotlinToolingVersion$Maturity;              : loaded 2 times (x 71B)
Class org.jetbrains.kotlin.cli.common.CompilerSystemProperties$value$2                : loaded 2 times (x 127B)
Class org.jetbrains.kotlin.gradle.internal.StdlibDependencyManagementKt$isStdlibAddedByUser$2: loaded 2 times (x 80B)
Class org.jetbrains.kotlin.gradle.tasks.GradleCompileTaskProvider_Decorated           : loaded 2 times (x 119B)
Class org.jetbrains.kotlin.gradle.plugin.hierarchy.KotlinSourceSetTreeClassifierKt$sourceSetTreeClassifier$2: loaded 2 times (x 80B)
Class com.google.common.collect.ImmutableSortedSet                                    : loaded 2 times (x 302B)
Class com.google.common.collect.Lists$ReverseList                                     : loaded 2 times (x 202B)
Class org.jetbrains.kotlin.gradle.targets.js.npm.NpmDirectoryDependencyExtension      : loaded 2 times (x 72B)
Class org.jetbrains.kotlin.gradle.plugin.mpp.KotlinUsageContext$MavenScope            : loaded 2 times (x 81B)
Class org.jetbrains.kotlin.gradle.targets.native.KotilnNativeConfigureBinariesSideEffectKt$special$$inlined$KotlinTargetSideEffect$1: loaded 2 times (x 76B)
Class org.jetbrains.kotlin.gradle.plugin.KotlinProjectSetupAction$Companion           : loaded 2 times (x 73B)
Class org.jetbrains.kotlin.konan.target.HostManager                                   : loaded 2 times (x 74B)
Class [Lcom.google.common.cache.LocalCache$EntryFactory;                              : loaded 2 times (x 71B)
Class org.gradle.internal.classloader.ClassLoaderFactory                              : loaded 2 times (x 72B)
Class org.jetbrains.org.objectweb.asm.tree.ParameterNode                              : loaded 2 times (x 75B)
Class [Lorg.jetbrains.kotlin.metadata.ProtoBuf$Visibility;                            : loaded 2 times (x 71B)
Class kotlin.reflect.jvm.internal.impl.resolve.VisibilityUtilKt                       : loaded 2 times (x 73B)
Class org.gradle.internal.classloader.FilteringClassLoader                            : loaded 2 times (x 106B)
Class kotlin.reflect.jvm.internal.impl.descriptors.impl.TypeAliasConstructorDescriptor: loaded 2 times (x 72B)
Class kotlin.reflect.jvm.internal.impl.descriptors.impl.PropertyAccessorDescriptorImpl: loaded 2 times (x 188B)
Class [Lkotlin.reflect.jvm.internal.impl.descriptors.Named;                           : loaded 2 times (x 71B)
Class kotlin.reflect.jvm.internal.impl.metadata.ProtoBuf$TypeTable$1                  : loaded 2 times (x 89B)
Class kotlin.reflect.jvm.internal.impl.protobuf.WireFormat$FieldType                  : loaded 2 times (x 84B)
Class kotlin.reflect.jvm.internal.impl.descriptors.FunctionDescriptor$CopyBuilder     : loaded 2 times (x 72B)
Class kotlin.reflect.jvm.internal.impl.renderer.ClassifierNamePolicy$SOURCE_CODE_QUALIFIED: loaded 2 times (x 76B)
Class kotlin.reflect.jvm.internal.impl.builtins.PrimitiveType                         : loaded 2 times (x 81B)
Class org.apache.commons.io.CloseableURLConnection                                    : loaded 2 times (x 118B)
Class org.jetbrains.kotlin.build.report.metrics.BuildMetricsReporterImpl$WhenMappings : loaded 2 times (x 73B)
Class org.jetbrains.kotlin.gradle.tasks.DefaultKotlinJavaToolchain$currentJvmJdkToolsJar$1: loaded 2 times (x 76B)
Class org.jetbrains.kotlin.gradle.plugin.diagnostics.ProblemsReporterKt               : loaded 2 times (x 73B)
Class org.jetbrains.kotlin.gradle.plugin.SubpluginEnvironment                         : loaded 2 times (x 74B)
Class org.jetbrains.kotlin.gradle.internal.StdlibDependencyManagementKt$addStdlibDependency$1$1$1: loaded 2 times (x 77B)
Class com.google.common.base.CommonPattern                                            : loaded 2 times (x 76B)
Class org.jetbrains.kotlin.gradle.plugin.sources.AbstractKotlinSourceSet              : loaded 2 times (x 141B)
Class org.jetbrains.kotlin.gradle.tooling.BuildKotlinToolingMetadataTaskKt$RegisterBuildKotlinToolingMetadataTask$1: loaded 2 times (x 76B)
Class org.jetbrains.kotlin.gradle.plugin.diagnostics.IsAttachedToTerminalValueSource$Inject: loaded 2 times (x 102B)
Class org.jetbrains.kotlin.compilerRunner.GradleCliCommonizerKt$maybeCreateCommonizerClasspathConfiguration$1$1: loaded 2 times (x 77B)
Class org.jetbrains.kotlin.gradle.internal.diagnostics.AgpCompatibilityCheck          : loaded 2 times (x 73B)
Class com.google.common.base.CharMatcher$IsNot                                        : loaded 2 times (x 113B)
Class com.google.common.cache.LocalCache$LocalManualCache                             : loaded 2 times (x 101B)
Class org.gradle.internal.service.CachingServiceLocator                               : loaded 2 times (x 84B)
Class org.jetbrains.kotlin.protobuf.ExtensionRegistryLite$ObjectIntPair               : loaded 2 times (x 74B)
Class org.jetbrains.kotlin.metadata.ProtoBuf$Class$1                                  : loaded 2 times (x 146B)
Class org.jetbrains.kotlin.load.kotlin.header.ReadKotlinClassHeaderAnnotationVisitor$KotlinMetadataArgumentVisitor$1: loaded 2 times (x 87B)
Class [Lorg.jetbrains.kotlin.daemon.common.PropMapper;                                : loaded 2 times (x 71B)
Class kotlin.reflect.jvm.internal.impl.serialization.deserialization.descriptors.DeserializedMemberScope$OptimizedImplementation$computeDescriptors$1$1: loaded 2 times (x 81B)
Class kotlin.reflect.jvm.internal.impl.load.kotlin.KotlinJvmBinaryClass               : loaded 2 times (x 72B)
Class kotlin.reflect.jvm.internal.impl.descriptors.impl.CompositePackageFragmentProvider: loaded 2 times (x 82B)
Class kotlin.reflect.jvm.internal.impl.metadata.ProtoBuf$Contract                     : loaded 2 times (x 98B)
Class kotlin.reflect.jvm.internal.impl.descriptors.impl.PropertyDescriptorImpl        : loaded 2 times (x 200B)
Class kotlin.reflect.jvm.internal.impl.descriptors.Visibilities$Unknown               : loaded 2 times (x 77B)
Class kotlin.reflect.jvm.internal.impl.serialization.deserialization.DeserializationComponents: loaded 2 times (x 74B)
Class kotlin.reflect.jvm.internal.impl.types.checker.KotlinTypeChecker                : loaded 2 times (x 72B)
Class kotlin.reflect.jvm.internal.impl.descriptors.runtime.components.ReflectKotlinClassFinder: loaded 2 times (x 81B)
Class kotlin.jvm.internal.CallableReference                                           : loaded 2 times (x 112B)
Class kotlin.collections.AbstractList$IteratorImpl                                    : loaded 2 times (x 84B)
Class org.jetbrains.kotlin.tooling.core.KotlinToolingVersionKt                        : loaded 2 times (x 73B)
Class org.jetbrains.kotlin.gradle.plugin.PropertiesProvider$booleanPropertyWithValueReporting$1: loaded 2 times (x 80B)
Class org.jetbrains.kotlin.gradle.dsl.jvm.JvmTargetValidationMode                     : loaded 2 times (x 81B)
Class org.jetbrains.kotlin.gradle.plugin.KotlinTargetConfiguratorKt$WhenMappings      : loaded 2 times (x 73B)
Class com.google.common.collect.AbstractMapBasedMultimap$KeySet                       : loaded 2 times (x 139B)
Class com.google.common.collect.RegularImmutableSortedSet                             : loaded 2 times (x 302B)
Class org.jetbrains.kotlin.gradle.plugin.diagnostics.checkers.OverriddenKotlinNativeHomeChecker$StdlibExistenceCheckerValueSource$Params_Decorated: loaded 2 times (x 132B)
Class org.jetbrains.kotlin.project.model.LanguageSettings                             : loaded 2 times (x 72B)
Class org.jetbrains.kotlin.gradle.plugin.KotlinPluginLifecycleKt$kotlinPluginLifecycle$2: loaded 2 times (x 80B)
Class org.jetbrains.kotlin.gradle.targets.native.KonanPropertiesBuildService$Parameters: loaded 2 times (x 72B)
Class org.jetbrains.kotlin.gradle.plugin.statistics.BuildFusService$Companion$registerIfAbsent$1$1: loaded 2 times (x 81B)
Class org.jetbrains.kotlin.gradle.plugin.internal.CompatibilityConventionRegistrar$Factory: loaded 2 times (x 72B)
Class com.google.common.math.IntMath                                                  : loaded 2 times (x 73B)
Class org.jetbrains.kotlin.metadata.jvm.JvmProtoBuf$StringTableTypes$Record$1         : loaded 2 times (x 146B)
Class org.jetbrains.kotlin.load.kotlin.header.ReadKotlinClassHeaderAnnotationVisitor$KotlinMetadataArgumentVisitor$2: loaded 2 times (x 87B)
Class org.jetbrains.org.objectweb.asm.tree.AnnotationNode                             : loaded 2 times (x 82B)
Class org.jetbrains.kotlin.config.LanguageFeature$Companion                           : loaded 2 times (x 73B)
Class kotlin.reflect.jvm.internal.impl.builtins.jvm.JvmBuiltIns$Settings              : loaded 2 times (x 74B)
Class kotlin.jvm.internal.markers.KMutableMap                                         : loaded 2 times (x 72B)
Class kotlin.ranges.IntRange                                                          : loaded 2 times (x 95B)
Class kotlin.reflect.jvm.internal.impl.metadata.deserialization.ProtoTypeTableUtilKt  : loaded 2 times (x 73B)
Class kotlin.reflect.jvm.internal.impl.metadata.jvm.JvmProtoBuf$StringTableTypes$1    : loaded 2 times (x 89B)
Class kotlin.reflect.jvm.internal.impl.protobuf.MessageLite$Builder                   : loaded 2 times (x 72B)
Class kotlin.reflect.jvm.internal.impl.descriptors.Visibilities$Local                 : loaded 2 times (x 77B)
Class kotlin.reflect.jvm.internal.impl.descriptors.CallableMemberDescriptor$Kind      : loaded 2 times (x 81B)
Class kotlin.properties.ReadOnlyProperty                                              : loaded 2 times (x 72B)
Class kotlin.reflect.jvm.internal.impl.descriptors.CallableDescriptor                 : loaded 2 times (x 72B)
Class kotlin.reflect.jvm.internal.impl.descriptors.runtime.structure.ReflectClassUtilKt: loaded 2 times (x 73B)
Class com.google.common.reflect.Types$TypeVariableInvocationHandler                   : loaded 2 times (x 77B)
Class kotlinx.coroutines.BlockingEventLoop                                            : loaded 2 times (x 119B)
Class kotlinx.coroutines.ThreadLocalEventLoop                                         : loaded 2 times (x 73B)
Class org.jetbrains.kotlin.gradle.internal.name.Name                                  : loaded 2 times (x 77B)
Class org.jetbrains.kotlin.gradle.tasks.CompileUsingKotlinDaemonWithNormalization$normalizedKotlinDaemonJvmArguments$1: loaded 2 times (x 76B)
Class org.jetbrains.kotlin.gradle.plugin.mpp.KotlinMetadataTarget                     : loaded 2 times (x 163B)
Class com.google.common.collect.MapMakerInternalMap$InternalEntry                     : loaded 2 times (x 72B)
Class [Lcom.google.common.collect.HashBiMap$BiEntry;                                  : loaded 2 times (x 71B)
Class org.jetbrains.kotlin.gradle.tasks.configuration.BaseKotlinCompileConfig$1$jvmToolchain$1: loaded 2 times (x 76B)
Class org.jetbrains.kotlin.gradle.plugin.mpp.InternalKotlinCompilation$DefaultImpls   : loaded 2 times (x 73B)
Class org.jetbrains.kotlin.gradle.plugin.mpp.compilationImpl.KotlinCompilationSourceSetInclusion$DefaultAddSourcesToCompileTask: loaded 2 times (x 76B)
Class org.jetbrains.kotlin.gradle.internal.KotlinTestDependencyManagementKt$configureKotlinTestDependency$2: loaded 2 times (x 81B)
Class org.jetbrains.kotlin.gradle.dsl.PlatformSourceSetConventionsChecker$runChecks$$inlined$CheckedPlatformInfo$default$1: loaded 2 times (x 80B)
Class [Lorg.jetbrains.kotlin.gradle.plugin.KotlinPluginLifecycle$Stage;               : loaded 2 times (x 71B)
Class org.jetbrains.kotlin.gradle.artifacts.KotlinTargetArtifact$Companion            : loaded 2 times (x 73B)
Class org.jetbrains.kotlin.gradle.plugin.mpp.compilationImpl.KotlinCreateLifecycleTasksSideEffectKt$KotlinCreateLifecycleTasksSideEffect$1: loaded 2 times (x 76B)
Class org.jetbrains.kotlin.gradle.dsl.KotlinGradlePluginDsl                           : loaded 2 times (x 72B)
Class org.jetbrains.kotlin.tooling.core.MutableExtras                                 : loaded 2 times (x 72B)
Class org.jetbrains.kotlin.gradle.plugin.KotlinGradleBuildServices$detectKotlinPluginLoadedInMultipleProjects$onRegister$1: loaded 2 times (x 81B)
Class org.jetbrains.kotlin.gradle.plugin.BuildFinishAndConfigurationTimeMetricsFlowAction$Parameters_Decorated: loaded 2 times (x 138B)
Class org.jetbrains.kotlin.gradle.plugin.BuildFinishAndConfigurationTimeMetricsFlowAction$Parameters: loaded 2 times (x 72B)
Class com.google.common.collect.ImmutableMapEntry                                     : loaded 2 times (x 87B)
Class org.jetbrains.kotlin.metadata.ProtoBuf$Property                                 : loaded 2 times (x 177B)
Class org.jetbrains.org.objectweb.asm.Type                                            : loaded 2 times (x 74B)
Class com.google.common.collect.RegularImmutableMap$KeySet                            : loaded 2 times (x 154B)
Class [Lorg.jetbrains.kotlin.build.report.metrics.BuildPerformanceMetric;             : loaded 2 times (x 71B)
Class [Lorg.jetbrains.kotlin.daemon.common.CompilerMode;                              : loaded 2 times (x 71B)
Class org.jetbrains.kotlin.name.FqName                                                : loaded 2 times (x 74B)
Class kotlin.reflect.jvm.internal.impl.protobuf.ProtocolStringList                    : loaded 2 times (x 72B)
Class kotlin.reflect.jvm.internal.impl.serialization.deserialization.TypeDeserializer : loaded 2 times (x 74B)
Class kotlin.reflect.jvm.internal.impl.descriptors.PropertyDescriptor                 : loaded 2 times (x 72B)
Class kotlin.reflect.jvm.internal.impl.renderer.DescriptorRenderer$ValueParametersHandler: loaded 2 times (x 72B)
Class kotlin.reflect.jvm.internal.impl.storage.LockBasedStorageManager$LockBasedLazyValue: loaded 2 times (x 83B)
Class kotlin.reflect.jvm.internal.impl.serialization.deserialization.builtins.BuiltInsResourceLoader: loaded 2 times (x 74B)
Class kotlin.enums.EnumEntries                                                        : loaded 2 times (x 72B)
Class com.google.common.base.Predicates                                               : loaded 2 times (x 73B)
Class kotlinx.coroutines.CompletionStateKt                                            : loaded 2 times (x 73B)
Class com.google.common.collect.ImmutableMultimap                                     : loaded 2 times (x 148B)
Class org.jetbrains.kotlin.gradle.plugin.diagnostics.CheckKotlinGradlePluginConfigurationErrorsKt$locateOrRegisterCheckKotlinGradlePluginErrorsTask$taskProvider$1$2: loaded 2 times (x 77B)
Class org.jetbrains.kotlin.gradle.tasks.CompileUsingKotlinDaemon                      : loaded 2 times (x 72B)
Class org.jetbrains.kotlin.gradle.plugin.mpp.KotlinWithJavaTarget                     : loaded 2 times (x 162B)
Class org.jetbrains.kotlin.gradle.utils.StoredPropertyKt$extrasStoredProperty$1       : loaded 2 times (x 80B)
Class org.jetbrains.kotlin.gradle.plugin.mpp.compilationImpl.KotlinCreateNativeCompileTasksSideEffectKt$special$$inlined$KotlinCompilationSideEffect$1: loaded 2 times (x 76B)
Class org.jetbrains.kotlin.gradle.targets.KotlinTargetSideEffect$Companion            : loaded 2 times (x 73B)
Class org.jetbrains.kotlin.gradle.dsl.KotlinSingleJavaTargetExtension                 : loaded 2 times (x 126B)
Class org.jetbrains.kotlin.gradle.plugin.KotlinPluginLifecycle$IllegalLifecycleException: loaded 2 times (x 84B)
Class org.jetbrains.kotlin.gradle.internal.properties.NativePropertiesLoader$userProvidedNativeHome$1: loaded 2 times (x 77B)
Class org.jetbrains.kotlin.gradle.plugin.KotlinGradleFinishBuildHandler               : loaded 2 times (x 74B)
Class org.jetbrains.kotlin.statistics.metrics.StringOverridePolicy$CONCAT             : loaded 2 times (x 87B)
Class org.jetbrains.kotlin.gradle.dsl.KotlinTopLevelExtension                         : loaded 2 times (x 72B)
Class com.google.common.base.Equivalence                                              : loaded 2 times (x 84B)
Class com.google.common.base.Function                                                 : loaded 2 times (x 72B)
Class com.google.common.collect.ImmutableMapEntry$NonTerminalImmutableMapEntry        : loaded 2 times (x 87B)
Class org.jetbrains.kotlin.metadata.jvm.deserialization.UtfEncodingKt                 : loaded 2 times (x 73B)
Class org.jetbrains.kotlin.metadata.jvm.JvmProtoBuf$JvmFieldSignature$1               : loaded 2 times (x 146B)
Class org.jetbrains.kotlin.metadata.ProtoBuf$TypeTable                                : loaded 2 times (x 111B)
Class org.jetbrains.kotlin.metadata.jvm.JvmProtoBuf$JvmMethodSignature                : loaded 2 times (x 110B)
Class org.jetbrains.kotlin.protobuf.MessageLiteOrBuilder                              : loaded 2 times (x 72B)
Class org.jetbrains.kotlin.load.kotlin.header.ReadKotlinClassHeaderAnnotationVisitor$KotlinMetadataArgumentVisitor: loaded 2 times (x 88B)
Class com.google.common.base.Equivalence$Identity                                     : loaded 2 times (x 84B)
Class kotlin.reflect.jvm.internal.KTypeImpl                                           : loaded 2 times (x 85B)
Class org.jetbrains.kotlin.config.LanguageFeatureBehaviorAfterSinceVersion$CannotBeDisabled: loaded 2 times (x 73B)
Class org.jetbrains.kotlin.name.ClassId$Companion                                     : loaded 2 times (x 73B)
Class kotlin.reflect.jvm.internal.impl.resolve.scopes.receivers.ImplicitClassReceiver : loaded 2 times (x 84B)
Class kotlin.reflect.jvm.internal.impl.descriptors.runtime.components.PackagePartScopeCache: loaded 2 times (x 74B)
Class kotlin.reflect.jvm.internal.impl.metadata.ProtoBuf$Annotation$Argument$ValueOrBuilder: loaded 2 times (x 72B)
Class kotlin.reflect.jvm.internal.impl.serialization.deserialization.AnnotationDeserializer: loaded 2 times (x 74B)
Class kotlin.reflect.jvm.internal.impl.load.java.components.SignaturePropagator       : loaded 2 times (x 72B)
Class kotlin.reflect.jvm.internal.impl.load.kotlin.DeserializationComponentsForJava$Companion: loaded 2 times (x 73B)
Class org.apache.commons.io.output.AbstractByteArrayOutputStream                      : loaded 2 times (x 104B)
Class kotlinx.coroutines.CoroutineDispatcher                                          : loaded 2 times (x 102B)
Class org.jetbrains.kotlin.gradle.plugin.diagnostics.CheckKotlinGradlePluginConfigurationErrorsKt$locateOrRegisterCheckKotlinGradlePluginErrorsTask$taskProvider$1$3: loaded 2 times (x 77B)
Class org.jetbrains.kotlin.gradle.plugin.ProjectLocalConfigurationsKt                 : loaded 2 times (x 73B)
Class org.jetbrains.kotlin.gradle.plugin.mpp.compilationImpl.factory.KotlinCompilationImplFactory: loaded 2 times (x 74B)
Class org.jetbrains.kotlin.gradle.internal.KotlinDomApiDependencyManagementKt$addKotlinDomApiDependency$1: loaded 2 times (x 77B)
Class org.jetbrains.kotlin.gradle.plugin.diagnostics.checkers.KotlinTargetAlreadyDeclaredChecker$runChecks$1: loaded 2 times (x 89B)
Class org.jetbrains.kotlin.gradle.plugin.mpp.KotlinTargetWithBinaries                 : loaded 2 times (x 159B)
Class [Lorg.jetbrains.kotlin.gradle.plugin.KotlinSourceSet;                           : loaded 2 times (x 71B)
Class org.jetbrains.kotlin.gradle.plugin.diagnostics.checkers.JsEnvironmentChecker$1  : loaded 2 times (x 80B)
Class org.jetbrains.kotlin.gradle.plugin.diagnostics.KotlinToolingDiagnostics$JsLikeEnvironmentNotChosenExplicitly: loaded 2 times (x 75B)
Class org.jetbrains.kotlin.gradle.utils.StoredLazyProperty$getValue$1                 : loaded 2 times (x 81B)
Class org.jetbrains.kotlin.statistics.metrics.IMetricContainerFactory                 : loaded 2 times (x 72B)
Class org.jetbrains.kotlin.statistics.MetricValueValidationFailed                     : loaded 2 times (x 84B)
Class org.jetbrains.kotlin.gradle.plugin.PropertiesProvider$localProperties$2         : loaded 2 times (x 81B)
Class com.google.common.collect.IndexedImmutableSet$1                                 : loaded 2 times (x 215B)
Class com.google.common.cache.CacheBuilder$OneWeigher                                 : loaded 2 times (x 84B)
Class com.google.common.collect.RegularImmutableList                                  : loaded 2 times (x 215B)
Class com.google.common.base.PairwiseEquivalence                                      : loaded 2 times (x 85B)
Class org.jetbrains.kotlin.gradle.fus.internal.SynchronizedConfigurationMetrics$Companion: loaded 2 times (x 73B)
Class org.jetbrains.kotlin.metadata.ProtoBuf$AnnotationOrBuilder                      : loaded 2 times (x 72B)
Class org.jetbrains.kotlin.com.intellij.openapi.diagnostic.Logger$Factory             : loaded 2 times (x 72B)
Class org.jetbrains.kotlin.protobuf.WireFormat$FieldType                              : loaded 2 times (x 84B)
Class org.jetbrains.kotlin.load.kotlin.FileBasedKotlinClass                           : loaded 2 times (x 92B)
Class org.jetbrains.kotlin.daemon.common.PropMapper                                   : loaded 2 times (x 76B)
Class org.jetbrains.kotlin.daemon.common.OSKind$Companion                             : loaded 2 times (x 73B)
Class kotlin.reflect.jvm.internal.impl.resolve.ExternalOverridabilityCondition$Result : loaded 2 times (x 81B)
Class kotlin.reflect.jvm.internal.impl.load.java.structure.JavaClassifierType         : loaded 2 times (x 72B)
Class kotlin.reflect.jvm.internal.impl.metadata.ProtoBuf$Annotation$Argument          : loaded 2 times (x 98B)
Class kotlin.reflect.jvm.internal.impl.resolve.scopes.InnerClassesScopeWrapper        : loaded 2 times (x 95B)
Class [Lkotlin.reflect.jvm.internal.impl.metadata.ProtoBuf$MemberKind;                : loaded 2 times (x 71B)
Class kotlin.reflect.jvm.internal.impl.protobuf.GeneratedMessageLite$Builder          : loaded 2 times (x 91B)
Class kotlin.reflect.jvm.internal.impl.descriptors.runtime.components.ReflectJavaClassFinderKt: loaded 2 times (x 73B)
Class kotlin.reflect.jvm.internal.impl.metadata.ProtoBuf$TypeParameter$Variance       : loaded 2 times (x 84B)
Class kotlin.reflect.jvm.internal.impl.metadata.ProtoBuf$Type                         : loaded 2 times (x 103B)
Class kotlin.reflect.jvm.internal.impl.protobuf.AbstractMessageLite                   : loaded 2 times (x 93B)
Class kotlin.reflect.jvm.internal.impl.descriptors.VariableAccessorDescriptor         : loaded 2 times (x 72B)
Class kotlin.reflect.jvm.internal.impl.load.kotlin.header.KotlinClassHeader$Kind      : loaded 2 times (x 81B)
Class kotlin.reflect.jvm.internal.impl.descriptors.annotations.AnnotatedImpl          : loaded 2 times (x 78B)
Class kotlin.reflect.jvm.internal.impl.types.model.SimpleTypeMarker                   : loaded 2 times (x 72B)
Class kotlin.reflect.jvm.internal.impl.serialization.deserialization.ErrorReporter    : loaded 2 times (x 72B)
Class kotlin.reflect.jvm.internal.KDeclarationContainerImpl$Companion                 : loaded 2 times (x 73B)
Class org.jetbrains.kotlin.gradle.plugin.KotlinGradleBuildServices$Inject             : loaded 2 times (x 102B)
Class com.google.common.reflect.Types$ClassOwnership$1LocalClass                      : loaded 2 times (x 73B)
Class com.google.common.collect.ImmutableSortedMap                                    : loaded 2 times (x 219B)
Class org.jetbrains.kotlin.gradle.plugin.mpp.compilationImpl.DefaultKotlinCompilationFriendPathsResolver$resolveFriendPaths$1$1: loaded 2 times (x 81B)
Class org.jetbrains.kotlin.gradle.plugin.diagnostics.CheckKotlinGradlePluginConfigurationErrorsKt$locateOrRegisterCheckKotlinGradlePluginErrorsTask$taskProvider$1$4: loaded 2 times (x 76B)
Class org.jetbrains.kotlin.build.report.metrics.BuildMetricsReporterImpl              : loaded 2 times (x 100B)
Class org.jetbrains.kotlin.gradle.tasks.configuration.KaptGenerateStubsConfig         : loaded 2 times (x 74B)
Class org.jetbrains.kotlin.gradle.targets.js.npm.SemVer                               : loaded 2 times (x 77B)
Class org.jetbrains.kotlin.gradle.internal.properties.NativePropertiesLoader$konanDataDirProperty$1$1: loaded 2 times (x 76B)
Class org.jetbrains.kotlin.gradle.plugin.diagnostics.checkers.JsEnvironmentChecker$2  : loaded 2 times (x 80B)
Class org.jetbrains.kotlin.gradle.utils.WhenPluginEnabledKt$whenPluginsEnabled$1      : loaded 2 times (x 77B)
Class org.jetbrains.kotlin.gradle.tasks.AbstractKotlinCompileTool                     : loaded 2 times (x 366B)
Class org.jetbrains.kotlin.gradle.internal.report.BuildScanApi                        : loaded 2 times (x 72B)
Class org.jetbrains.kotlin.gradle.plugin.statistics.FlowActionBuildFusService$Companion$registerIfAbsentImpl$1$1: loaded 2 times (x 76B)
Class [Lorg.jetbrains.kotlin.gradle.report.BuildReportType;                           : loaded 2 times (x 71B)
Class org.jetbrains.kotlin.gradle.plugin.statistics.KotlinBuildStatsConfiguration     : loaded 2 times (x 74B)
Class org.jetbrains.kotlin.gradle.internal.properties.PropertiesBuildService$localProperties$2: loaded 2 times (x 81B)
Class org.gradle.internal.classloader.ClasspathUtil                                   : loaded 2 times (x 73B)
Class org.jetbrains.kotlin.metadata.ProtoBuf$Constructor                              : loaded 2 times (x 131B)
Class org.jetbrains.kotlin.metadata.jvm.deserialization.JvmMemberSignature            : loaded 2 times (x 76B)
Class org.jetbrains.kotlin.load.kotlin.header.KotlinClassHeader$Kind                  : loaded 2 times (x 81B)
Class org.jetbrains.kotlin.load.kotlin.KotlinJvmBinaryClass$AnnotationArgumentVisitor : loaded 2 times (x 72B)
Class kotlin.io.FileSystemException                                                   : loaded 2 times (x 84B)
Class org.jetbrains.kotlin.build.report.metrics.RUN_COMPILATION                       : loaded 2 times (x 74B)
Class org.jetbrains.kotlin.daemon.client.LimitedLinkedList                            : loaded 2 times (x 282B)
Class org.jetbrains.kotlin.gradle.internal.ClassLoadersCachingBuildService$Companion$registerIfAbsent$2$1$1: loaded 2 times (x 77B)
Class kotlin.reflect.jvm.internal.impl.resolve.ExternalOverridabilityCondition$Contract: loaded 2 times (x 81B)
Class kotlin.sequences.EmptySequence                                                  : loaded 2 times (x 80B)
Class kotlin.reflect.jvm.internal.impl.metadata.ProtoBuf$QualifiedNameTable$QualifiedName$1: loaded 2 times (x 89B)
Class kotlin.reflect.jvm.internal.impl.metadata.ProtoBuf$QualifiedNameTable           : loaded 2 times (x 98B)
Class kotlin.reflect.jvm.internal.impl.load.java.sources.JavaSourceElement            : loaded 2 times (x 72B)
Class kotlin.reflect.jvm.internal.impl.load.java.lazy.descriptors.LazyJavaPackageScope$KotlinClassLookupResult$NotFound: loaded 2 times (x 73B)
Class kotlin.reflect.jvm.internal.impl.load.kotlin.SignatureBuildingComponents        : loaded 2 times (x 73B)
Class kotlin.reflect.jvm.internal.CreateKCallableVisitor                              : loaded 2 times (x 106B)
Class kotlin.reflect.jvm.internal.impl.metadata.jvm.JvmProtoBuf$JvmMethodSignature$Builder: loaded 2 times (x 93B)
Class kotlin.reflect.jvm.internal.impl.metadata.jvm.JvmProtoBuf$JvmFieldSignatureOrBuilder: loaded 2 times (x 72B)
Class kotlin.reflect.jvm.internal.impl.resolve.scopes.MemberScope                     : loaded 2 times (x 72B)
Class kotlin.reflect.jvm.internal.impl.storage.StorageKt                              : loaded 2 times (x 73B)
Class kotlin.jvm.internal.PropertyReference0                                          : loaded 2 times (x 133B)
Class com.google.common.collect.ComparisonChain                                       : loaded 2 times (x 82B)
Class kotlinx.coroutines.NonDisposableHandle                                          : loaded 2 times (x 80B)
Class org.jetbrains.kotlin.gradle.dsl.KotlinCommonCompilerOptionsExtensionsKt$usesK2$1: loaded 2 times (x 76B)
Class org.jetbrains.kotlin.gradle.plugin.diagnostics.CheckKotlinGradlePluginConfigurationErrorsKt$locateOrRegisterCheckKotlinGradlePluginErrorsTask$taskProvider$1$5: loaded 2 times (x 76B)
Class org.jetbrains.kotlin.gradle.dsl.KotlinCompile                                   : loaded 2 times (x 72B)
Class org.jetbrains.kotlin.gradle.plugin.mpp.compilationImpl.DefaultKotlinCompilationFriendPathsResolver$DefaultFriendArtifactResolver: loaded 2 times (x 76B)
Class org.jetbrains.kotlin.gradle.plugin.diagnostics.checkers.InternalGradlePropertiesUsageChecker$runChecks$1: loaded 2 times (x 89B)
Class org.jetbrains.kotlin.gradle.utils.StringUtilsKt$lowerCamelCaseName$1            : loaded 2 times (x 127B)
Class org.jetbrains.kotlin.gradle.plugin.diagnostics.checkers.JsEnvironmentChecker$3  : loaded 2 times (x 80B)
Class org.jetbrains.kotlin.gradle.dsl.JvmTarget$Companion                             : loaded 2 times (x 73B)
Class org.jetbrains.kotlin.gradle.internal.properties.NativePropertiesLoader$downloadFromMaven$1: loaded 2 times (x 77B)
Class org.jetbrains.kotlin.gradle.plugin.statistics.BuildFinishBuildService$Inject    : loaded 2 times (x 106B)
Class org.jetbrains.kotlin.gradle.plugin.internal.DefaultConfigurationCacheStartParameterAccessor_Decorated: loaded 2 times (x 123B)
Class org.jetbrains.kotlin.gradle.plugin.internal.DefaultConfigurationCacheStartParameterAccessor: loaded 2 times (x 79B)
Class org.jetbrains.kotlin.tooling.core.HasExtras                                     : loaded 2 times (x 72B)
Class com.google.common.util.concurrent.Uninterruptibles                              : loaded 2 times (x 73B)
Class org.jetbrains.kotlin.metadata.jvm.JvmProtoBuf$JvmMethodSignature$Builder        : loaded 2 times (x 136B)
Class org.jetbrains.kotlin.metadata.ProtoBuf$VersionRequirementTableOrBuilder         : loaded 2 times (x 72B)
Class org.jetbrains.kotlin.metadata.jvm.JvmProtoBuf$JvmFieldSignatureOrBuilder        : loaded 2 times (x 72B)
Class org.jetbrains.org.objectweb.asm.ModuleVisitor                                   : loaded 2 times (x 83B)
Class org.jetbrains.kotlin.com.intellij.openapi.diagnostic.ControlFlowException       : loaded 2 times (x 72B)
Class kotlin.reflect.jvm.internal.impl.types.checker.ClassicTypeSystemContext         : loaded 2 times (x 72B)
Class kotlin.reflect.jvm.internal.impl.load.kotlin.header.ReadKotlinClassHeaderAnnotationVisitor$CollectStringArrayAnnotationVisitor: loaded 2 times (x 87B)
Class kotlin.reflect.jvm.internal.impl.descriptors.DelegatedDescriptorVisibility      : loaded 2 times (x 78B)
Class [Lkotlin.reflect.jvm.internal.impl.load.kotlin.header.KotlinClassHeader$Kind;   : loaded 2 times (x 71B)
Class kotlin.reflect.full.IllegalCallableAccessException                              : loaded 2 times (x 84B)
Class kotlin.jvm.internal.DefaultConstructorMarker                                    : loaded 2 times (x 73B)
Class kotlin.jvm.internal.PropertyReference1                                          : loaded 2 times (x 133B)
Class com.google.common.io.CharSource                                                 : loaded 2 times (x 87B)
Class org.jetbrains.kotlin.gradle.report.TaskExecutionResult                          : loaded 2 times (x 74B)
Class org.jetbrains.kotlin.statistics.metrics.ConcatMetricContainer$Companion         : loaded 2 times (x 73B)
Class com.google.common.collect.AbstractMapBasedMultimap$WrappedSet                   : loaded 2 times (x 144B)
Class org.jetbrains.kotlin.gradle.plugin.KotlinCompilationInfo$TCS$friendPaths$1      : loaded 2 times (x 81B)
Class org.jetbrains.kotlin.gradle.fus.internal.SynchronizedConfigurationMetrics$add$1 : loaded 2 times (x 81B)
Class org.jetbrains.kotlin.gradle.plugin.sources.DefaultLanguageSettingsBuilder$freeCompilerArgsProvider$1: loaded 2 times (x 97B)
Class org.jetbrains.kotlin.gradle.targets.js.npm.DevNpmDependencyExtension            : loaded 2 times (x 72B)
Class org.jetbrains.kotlin.gradle.plugin.diagnostics.checkers.PreHmppDependenciesUsageChecker: loaded 2 times (x 76B)
Class org.jetbrains.kotlin.gradle.targets.CreateArtifactsSideEffectKt                 : loaded 2 times (x 73B)
Class org.jetbrains.kotlin.gradle.plugin.AbstractKotlinMultiplatformPluginWrapper     : loaded 2 times (x 88B)
Class org.jetbrains.kotlin.konan.target.HostManager$Companion                         : loaded 2 times (x 73B)
Class org.jetbrains.kotlin.gradle.utils.GradleConfigurationUtilsKt$addGradlePluginMetadataAttributes$1: loaded 2 times (x 77B)
Class org.jetbrains.kotlin.gradle.plugin.internal.DefaultProjectIsolationStartParameterAccessor: loaded 2 times (x 79B)
Class org.jetbrains.kotlin.gradle.dsl.KotlinAndroidExtension                          : loaded 2 times (x 72B)
Class com.google.common.util.concurrent.LazyLogger                                    : loaded 2 times (x 74B)
Class com.google.common.collect.Maps                                                  : loaded 2 times (x 73B)
Class org.gradle.api.specs.Spec                                                       : loaded 2 times (x 72B)
Class org.jetbrains.kotlin.gradle.targets.native.KonanPropertiesBuildService$Companion$registerIfAbsent$1: loaded 2 times (x 77B)
Class org.jetbrains.kotlin.load.kotlin.header.KotlinClassHeader                       : loaded 2 times (x 74B)
Class org.jetbrains.kotlin.daemon.common.CompilationOptions                           : loaded 2 times (x 74B)
Class kotlin.jvm.internal.KTypeBase                                                   : loaded 2 times (x 72B)
Class org.jetbrains.kotlin.name.Name                                                  : loaded 2 times (x 77B)
Class kotlin.reflect.jvm.internal.impl.metadata.jvm.JvmProtoBuf$StringTableTypes$RecordOrBuilder: loaded 2 times (x 72B)
Class kotlin.reflect.jvm.internal.impl.metadata.jvm.deserialization.JvmNameResolver   : loaded 2 times (x 79B)
Class kotlin.UnsafeLazyImpl                                                           : loaded 2 times (x 78B)
Class kotlin.reflect.jvm.internal.impl.types.DelegatingSimpleType                     : loaded 2 times (x 93B)
Class kotlin.reflect.jvm.internal.impl.types.AbstractClassTypeConstructor             : loaded 2 times (x 99B)
Class kotlin.reflect.jvm.internal.impl.descriptors.PackageFragmentDescriptor          : loaded 2 times (x 72B)
Class kotlin.reflect.jvm.internal.impl.resolve.constants.UnsignedValueConstant        : loaded 2 times (x 76B)
Class kotlin.LazyKt__LazyJVMKt$WhenMappings                                           : loaded 2 times (x 73B)
Class kotlin.jvm.internal.PropertyReference2                                          : loaded 2 times (x 133B)
Class kotlin.jvm.internal.MutablePropertyReference                                    : loaded 2 times (x 125B)
Class org.apache.commons.io.file.PathFilter                                           : loaded 2 times (x 72B)
Class com.google.common.reflect.Types$JavaVersion                                     : loaded 2 times (x 85B)
Class org.jetbrains.kotlin.gradle.internal.tasks.TaskWithLocalStateKt                 : loaded 2 times (x 73B)
Class com.google.common.collect.MapMaker                                              : loaded 2 times (x 74B)
Class org.jetbrains.kotlin.gradle.tasks.GradleCompileTaskProviderKt                   : loaded 2 times (x 73B)
Class org.jetbrains.kotlin.gradle.plugin.SubpluginEnvironment$Companion               : loaded 2 times (x 73B)
Class org.jetbrains.kotlin.gradle.plugin.mpp.ApplyUserDefinedAttributesKt$UserDefinedAttributesSetupAction$1$1$3: loaded 2 times (x 77B)
Class org.jetbrains.kotlin.gradle.tasks.configuration.BaseKotlinCompileConfig$Companion: loaded 2 times (x 73B)
Class org.jetbrains.kotlin.gradle.plugin.mpp.compilationImpl.KotlinCompilationImpl$Params: loaded 2 times (x 74B)
Class org.jetbrains.kotlin.gradle.tooling.BuildKotlinToolingMetadataTask              : loaded 2 times (x 316B)
Class org.jetbrains.kotlin.gradle.plugin.internal.CompatibilityConventionRegistrarKt  : loaded 2 times (x 73B)
Class org.jetbrains.kotlin.konan.target.UtilsKt                                       : loaded 2 times (x 73B)
Class org.jetbrains.kotlin.gradle.artifacts.KotlinJvmJarArtifactKt                    : loaded 2 times (x 73B)
Class org.jetbrains.kotlin.gradle.plugin.mpp.compilationImpl.CreateCInteropTasksSideEffectKt$special$$inlined$KotlinCompilationSideEffect$1: loaded 2 times (x 76B)
Class org.jetbrains.kotlin.gradle.plugin.statistics.FinalizeConfigurationFusMetricActionKt: loaded 2 times (x 73B)
Class org.jetbrains.kotlin.gradle.targets.native.toolchain.KotlinNativeBundleBuildService$Companion$registerIfAbsent$2$1: loaded 2 times (x 81B)
Class org.jetbrains.kotlin.gradle.plugin.statistics.KotlinBuildStatsBeanService       : loaded 2 times (x 89B)
Class org.jetbrains.kotlin.gradle.plugin.internal.MavenPublicationComponentAccessor$Factory: loaded 2 times (x 72B)
Class [Lcom.google.common.collect.ImmutableEntry;                                     : loaded 2 times (x 71B)
Class org.jetbrains.kotlin.metadata.deserialization.Flags                             : loaded 2 times (x 73B)
Class org.jetbrains.kotlin.metadata.ProtoBuf$TypeTable$1                              : loaded 2 times (x 146B)
Class org.jetbrains.org.objectweb.asm.Symbol                                          : loaded 2 times (x 75B)
Class org.jetbrains.kotlin.gradle.plugin.diagnostics.checkers.AndroidPublicationNotConfiguredChecker: loaded 2 times (x 76B)
Class kotlin.concurrent.ThreadsKt                                                     : loaded 2 times (x 73B)
Class kotlin.reflect.jvm.internal.impl.metadata.jvm.deserialization.JvmMemberSignature: loaded 2 times (x 76B)
Class kotlin.jvm.internal.ArrayIterator                                               : loaded 2 times (x 81B)
Class kotlin.reflect.jvm.internal.impl.load.java.lazy.descriptors.LazyJavaClassMemberScope: loaded 2 times (x 106B)
Class kotlin.reflect.jvm.internal.impl.types.AbstractTypeRefiner                      : loaded 2 times (x 74B)
Class kotlin.reflect.jvm.internal.impl.load.java.lazy.JavaResolverComponents          : loaded 2 times (x 74B)
Class [Lkotlin.reflect.jvm.internal.impl.builtins.jvm.JavaToKotlinClassMap$PlatformMutabilityMapping;: loaded 2 times (x 71B)
Class kotlin.LazyThreadSafetyMode                                                     : loaded 2 times (x 81B)
Class kotlin.reflect.full.IllegalPropertyDelegateAccessException                      : loaded 2 times (x 84B)
Class kotlinx.coroutines.CoroutineContextKt                                           : loaded 2 times (x 73B)
Class org.jetbrains.kotlin.gradle.tasks.configuration.AbstractKotlinCompileConfig$1$1 : loaded 2 times (x 76B)
Class org.jetbrains.kotlin.gradle.tasks.KotlinCompile$kotlinOptions$1                 : loaded 2 times (x 81B)
Class org.jetbrains.kotlin.tooling.core.ExtrasLazyProperty                            : loaded 2 times (x 72B)
Class org.jetbrains.kotlin.gradle.internal.properties.NativeProperties$Companion      : loaded 2 times (x 73B)
Class org.jetbrains.kotlin.gradle.utils.StringUtilsKt                                 : loaded 2 times (x 73B)
Class org.jetbrains.kotlin.gradle.targets.ConfigureBuildSideEffectKt$ConfigureBuildSideEffect$1: loaded 2 times (x 76B)
Class org.jetbrains.kotlin.gradle.utils.CompletableFuture                             : loaded 2 times (x 72B)
Class org.jetbrains.kotlin.gradle.plugin.diagnostics.DiagnosticGroup$Kgp$Misconfiguration: loaded 2 times (x 84B)
Class [Lorg.jetbrains.kotlin.statistics.metrics.StringOverridePolicy;                 : loaded 2 times (x 71B)
Class org.jetbrains.kotlin.gradle.plugin.internal.JavaExecTaskParametersCompatibility : loaded 2 times (x 72B)
Class com.google.common.cache.LocalCache$LoadingValueReference                        : loaded 2 times (x 98B)
Class org.jetbrains.kotlin.metadata.ProtoBuf$Function                                 : loaded 2 times (x 162B)
Class org.jetbrains.kotlin.gradle.utils.Completable$await$1                           : loaded 2 times (x 89B)
Class kotlin.reflect.jvm.internal.impl.descriptors.impl.SimpleFunctionDescriptorImpl  : loaded 2 times (x 200B)
Class kotlin.reflect.jvm.internal.impl.serialization.deserialization.descriptors.DeserializedCallableMemberDescriptor: loaded 2 times (x 72B)
Class kotlin.jvm.internal.SpreadBuilder                                               : loaded 2 times (x 78B)
Class kotlin.reflect.jvm.internal.impl.serialization.deserialization.builtins.BuiltInsPackageFragmentImpl: loaded 2 times (x 113B)
Class kotlin.reflect.jvm.internal.impl.descriptors.runtime.components.ReflectKotlinClassFinderKt: loaded 2 times (x 73B)
Class kotlin.reflect.jvm.internal.impl.descriptors.impl.ModuleDependenciesImpl        : loaded 2 times (x 79B)
Class kotlin.reflect.jvm.internal.impl.resolve.jvm.SyntheticJavaPartsProvider$Companion: loaded 2 times (x 73B)
Class kotlin.reflect.jvm.internal.impl.resolve.jvm.SyntheticJavaPartsProvider         : loaded 2 times (x 72B)
Class kotlin.reflect.jvm.internal.impl.load.java.JavaTypeEnhancementState$Companion   : loaded 2 times (x 73B)
Class kotlin.reflect.jvm.internal.impl.builtins.jvm.JvmBuiltIns$WhenMappings          : loaded 2 times (x 73B)
Class kotlin.text.StringsKt__RegexExtensionsKt                                        : loaded 2 times (x 73B)
Class kotlin.collections.EmptyIterator                                                : loaded 2 times (x 91B)
Class kotlin.SynchronizedLazyImpl                                                     : loaded 2 times (x 78B)
Class org.jetbrains.kotlin.compilerRunner.CompilerSystemPropertiesService$Companion   : loaded 2 times (x 73B)
Class jdk.internal.jimage.decompressor.ResourceDecompressorRepository                 : loaded 2 times (x 73B)
Class com.google.common.reflect.Invokable$MethodInvokable                             : loaded 2 times (x 109B)
Class kotlinx.coroutines.internal.DispatchedContinuation                              : loaded 2 times (x 91B)
Class kotlinx.coroutines.internal.Symbol                                              : loaded 2 times (x 74B)
Class com.google.common.io.LineReader$1                                               : loaded 2 times (x 77B)
Class com.google.common.collect.CollectSpliterators                                   : loaded 2 times (x 73B)
Class com.google.common.collect.AbstractMapBasedMultimap$AsMap                        : loaded 2 times (x 130B)
Class com.google.common.collect.MapMakerInternalMap$StrongKeyDummyValueEntry          : loaded 2 times (x 84B)
Class org.jetbrains.kotlin.gradle.tasks.configuration.AbstractKotlinCompileConfig$getClasspathSnapshotDir$1: loaded 2 times (x 76B)
Class org.jetbrains.kotlin.gradle.tasks.configuration.AbstractKotlinCompileConfig$1$2 : loaded 2 times (x 76B)
Class org.jetbrains.kotlin.gradle.plugin.statistics.ConfigurationMetricsBuildFusParameters: loaded 2 times (x 72B)
Class org.jetbrains.kotlin.gradle.tasks.configuration.AbstractKotlinCompileConfigKt$explicitApiMode$1: loaded 2 times (x 77B)
Class com.google.common.base.Platform                                                 : loaded 2 times (x 73B)
Class org.jetbrains.kotlin.gradle.plugin.diagnostics.checkers.OverriddenKotlinNativeHomeChecker$StdlibExistenceCheckerValueSource$Params$Inject: loaded 2 times (x 108B)
Class org.jetbrains.kotlin.gradle.plugin.diagnostics.checkers.CommonMainOrTestWithDependsOnChecker: loaded 2 times (x 76B)
Class org.jetbrains.kotlin.gradle.artifacts.KotlinNativeHostSpecificMetadataArtifactKt: loaded 2 times (x 73B)
Class org.jetbrains.kotlin.gradle.plugin.mpp.compilationImpl.KotlinCreateLifecycleTasksSideEffectKt: loaded 2 times (x 73B)
Class org.jetbrains.kotlin.gradle.plugin.KotlinTarget                                 : loaded 2 times (x 72B)
Class org.jetbrains.kotlin.gradle.utils.ConfigurationsKt$createResolvable$1           : loaded 2 times (x 80B)
Class [Lorg.jetbrains.kotlin.statistics.metrics.BooleanAnonymizationPolicy;           : loaded 2 times (x 71B)
Class org.jetbrains.kotlin.gradle.plugin.KotlinCompilerArgumentsProducer$ContributeCompilerArgumentsContext: loaded 2 times (x 72B)
Class org.jetbrains.kotlin.metadata.SerializationPluginMetadataExtensions             : loaded 2 times (x 73B)
Class org.jetbrains.kotlin.metadata.ProtoBuf$VersionRequirementTable                  : loaded 2 times (x 109B)
Class org.jetbrains.kotlin.protobuf.LazyField                                         : loaded 2 times (x 85B)
Class org.jetbrains.kotlin.load.kotlin.header.ReadKotlinClassHeaderAnnotationVisitor  : loaded 2 times (x 82B)
Class org.jetbrains.kotlin.build.report.metrics.GradleBuildTimeMetric                 : loaded 2 times (x 74B)
Class org.jetbrains.kotlin.daemon.client.KotlinCompilerClientKt$report$sourceMessage$2: loaded 2 times (x 81B)
Class org.jetbrains.kotlin.daemon.common.BoolPropMapper                               : loaded 2 times (x 76B)
Class kotlin.reflect.jvm.internal.calls.CallerImpl$Method$Instance                    : loaded 2 times (x 83B)
Class kotlin.reflect.jvm.internal.calls.CallerImpl$Companion                          : loaded 2 times (x 73B)
Class [Lkotlin.reflect.jvm.internal.impl.descriptors.DeclarationDescriptorWithSource; : loaded 2 times (x 71B)
Class kotlin.sequences.SequencesKt__SequencesJVMKt                                    : loaded 2 times (x 73B)
Class kotlin.reflect.jvm.internal.impl.protobuf.GeneratedMessageLite$ExtendableMessage$ExtensionWriter: loaded 2 times (x 75B)
Class kotlin.reflect.jvm.internal.impl.descriptors.PackageFragmentProviderKt          : loaded 2 times (x 73B)
Class kotlin.reflect.jvm.internal.impl.serialization.deserialization.ClassDeserializer$Companion: loaded 2 times (x 73B)
Class kotlin.reflect.jvm.internal.impl.protobuf.ByteString$ByteIterator               : loaded 2 times (x 72B)
Class kotlin.reflect.jvm.internal.impl.resolve.constants.ShortValue                   : loaded 2 times (x 76B)
Class kotlin.collections.AbstractList                                                 : loaded 2 times (x 199B)
Class kotlin.collections.AbstractCollection                                           : loaded 2 times (x 119B)
Class org.jetbrains.kotlin.gradle.internal.name.FqName                                : loaded 2 times (x 74B)
Class com.google.common.collect.CompoundOrdering                                      : loaded 2 times (x 117B)
Class com.google.common.collect.AbstractMapBasedMultimap$WrappedList                  : loaded 2 times (x 207B)
Class org.jetbrains.kotlin.gradle.internal.KotlinDependenciesManagementKt$allNonProjectDependencies$1: loaded 2 times (x 76B)
Class [Lorg.jetbrains.kotlin.build.report.metrics.BuildAttributeKind;                 : loaded 2 times (x 71B)
Class org.jetbrains.kotlin.gradle.tasks.K2MultiplatformStructure                      : loaded 2 times (x 76B)
Class org.jetbrains.kotlin.compilerRunner.CompilerSystemPropertiesService$Parameters  : loaded 2 times (x 72B)
Class org.jetbrains.kotlin.gradle.plugin.mpp.compilationImpl.KotlinCompilationSourceSetsContainer: loaded 2 times (x 72B)
Class org.jetbrains.kotlin.gradle.artifacts.KotlinNativeKlibArtifactKt                : loaded 2 times (x 73B)
Class org.jetbrains.kotlin.gradle.plugin.ProjectLocalConfigurations                   : loaded 2 times (x 73B)
Class org.jetbrains.kotlin.gradle.plugin.mpp.KotlinUsages$KotlinUsagesDisambiguation  : loaded 2 times (x 78B)
Class org.jetbrains.kotlin.gradle.plugin.diagnostics.KotlinToolingDiagnosticsCollector$Parameter: loaded 2 times (x 72B)
Class org.jetbrains.kotlin.gradle.plugin.diagnostics.KotlinToolingDiagnosticsCollectorKt$kotlinToolingDiagnosticsCollectorProvider$1: loaded 2 times (x 77B)
Class org.jetbrains.kotlin.tooling.core.Extras$Key$Companion                          : loaded 2 times (x 73B)
Class org.jetbrains.kotlin.tooling.core.Extras$Key                                    : loaded 2 times (x 74B)
Class [Lorg.objectweb.asm.AnnotationWriter;                                           : loaded 2 times (x 71B)
Class com.google.common.collect.Maps$8                                                : loaded 2 times (x 84B)
Class org.jetbrains.org.objectweb.asm.tree.LineNumberNode                             : loaded 2 times (x 80B)
Class org.jetbrains.kotlin.daemon.common.DaemonOptions$mappers$10                     : loaded 2 times (x 131B)
Class kotlin.reflect.jvm.internal.impl.utils.SmartSet$SingletonIterator               : loaded 2 times (x 83B)
Class kotlin.reflect.jvm.internal.impl.resolve.calls.inference.CapturedTypeConstructorKt: loaded 2 times (x 73B)
Class kotlin.reflect.jvm.internal.impl.types.model.TypeParameterMarker                : loaded 2 times (x 72B)
Class kotlin.Triple                                                                   : loaded 2 times (x 74B)
Class kotlin.reflect.jvm.internal.impl.metadata.deserialization.Flags$FlagField       : loaded 2 times (x 75B)
Class kotlin.reflect.jvm.internal.impl.descriptors.impl.VariableDescriptorImpl        : loaded 2 times (x 143B)
Class kotlin.reflect.jvm.internal.impl.descriptors.ClassConstructorDescriptor         : loaded 2 times (x 72B)
Class kotlin.reflect.jvm.internal.impl.renderer.OverrideRenderingPolicy               : loaded 2 times (x 81B)
Class kotlin.reflect.jvm.internal.impl.utils.WrappedValues$1                          : loaded 2 times (x 73B)
Class kotlin.reflect.jvm.internal.impl.descriptors.deserialization.PlatformDependentDeclarationFilter: loaded 2 times (x 72B)
Class kotlin.reflect.jvm.internal.impl.descriptors.Named                              : loaded 2 times (x 72B)
Class kotlin.text.StringsKt__StringBuilderJVMKt                                       : loaded 2 times (x 73B)
Class kotlin.text.Regex                                                               : loaded 2 times (x 74B)
Class kotlin.LazyKt__LazyKt                                                           : loaded 2 times (x 73B)
Class com.google.common.io.LineReader                                                 : loaded 2 times (x 74B)
Class kotlinx.coroutines.EventLoopKt                                                  : loaded 2 times (x 73B)
Class org.jetbrains.kotlin.com.google.common.base.Function                            : loaded 2 times (x 72B)
Class com.google.common.collect.ImmutableRangeSet$Builder                             : loaded 2 times (x 79B)
Class com.google.common.collect.Lists$ReverseList$1                                   : loaded 2 times (x 101B)
Class [Lcom.google.common.collect.Iterators$EmptyModifiableIterator;                  : loaded 2 times (x 71B)
Class org.jetbrains.kotlin.gradle.plugin.diagnostics.CheckKotlinGradlePluginConfigurationErrors: loaded 2 times (x 318B)
Class org.jetbrains.kotlin.gradle.plugin.sources.DefaultKotlinSourceSetKt             : loaded 2 times (x 73B)
Class org.jetbrains.kotlin.gradle.dsl.KotlinJvmOptions                                : loaded 2 times (x 72B)
Class org.jetbrains.kotlin.gradle.plugin.mpp.HierarchyAttributeContainer$1            : loaded 2 times (x 80B)
Class org.jetbrains.kotlin.gradle.plugin.KotlinPluginLifecycle                        : loaded 2 times (x 72B)
Class org.jetbrains.kotlin.gradle.plugin.KotlinJsPluginWrapper                        : loaded 2 times (x 88B)
Class org.jetbrains.kotlin.gradle.dsl.ToolchainSupport                                : loaded 2 times (x 72B)
Class org.jetbrains.kotlin.tooling.core.Extras                                        : loaded 2 times (x 72B)
Class org.jetbrains.kotlin.gradle.plugin.mpp.InternalKotlinTarget                     : loaded 2 times (x 72B)
Class org.jetbrains.kotlin.statistics.metrics.NumberAnonymizationPolicy$RANDOM_10_PERCENT: loaded 2 times (x 87B)
Class org.jetbrains.kotlin.statistics.metrics.StringMetrics                           : loaded 2 times (x 81B)
Class com.google.common.collect.Sets$SetView                                          : loaded 2 times (x 140B)
Class com.google.common.cache.LocalCache$StrongValueReference                         : loaded 2 times (x 92B)
Class org.jetbrains.kotlin.metadata.deserialization.BinaryVersion$Companion           : loaded 2 times (x 73B)
Class org.jetbrains.kotlin.daemon.client.CompileServiceSession                        : loaded 2 times (x 74B)
Class org.jetbrains.kotlin.daemon.common.CompileService$CallResult$Good               : loaded 2 times (x 75B)
Class kotlin.reflect.jvm.internal.JvmFunctionSignature$KotlinFunction                 : loaded 2 times (x 75B)
Class kotlin.reflect.jvm.internal.impl.metadata.jvm.deserialization.ClassMapperLite   : loaded 2 times (x 73B)
Class kotlin.reflect.jvm.internal.impl.descriptors.impl.AbstractLazyTypeParameterDescriptor: loaded 2 times (x 125B)
Class [Lkotlin.reflect.jvm.internal.impl.metadata.ProtoBuf$Visibility;                : loaded 2 times (x 71B)
Class kotlin.reflect.jvm.internal.impl.metadata.jvm.deserialization.UtfEncodingKt     : loaded 2 times (x 73B)
Class kotlin.reflect.jvm.internal.impl.descriptors.runtime.components.ReflectKotlinClass$Factory: loaded 2 times (x 73B)
Class kotlin.reflect.jvm.internal.impl.serialization.deserialization.DeserializationConfiguration: loaded 2 times (x 72B)
Class kotlin.reflect.jvm.internal.impl.load.kotlin.header.KotlinClassHeader$Kind$Companion: loaded 2 times (x 73B)
Class kotlin.jvm.internal.ReflectionFactory                                           : loaded 2 times (x 93B)
Class kotlin.UNINITIALIZED_VALUE                                                      : loaded 2 times (x 73B)
Class org.jetbrains.kotlin.gradle.plugin.internal.state.TaskLoggersKt                 : loaded 2 times (x 73B)
Class org.jetbrains.kotlin.gradle.internal.name.FqName$Companion                      : loaded 2 times (x 73B)
Class com.google.common.graph.SuccessorsFunction                                      : loaded 2 times (x 72B)
Class org.jetbrains.kotlin.gradle.tasks.CompilerPluginOptions                         : loaded 2 times (x 74B)
Class org.jetbrains.kotlin.gradle.plugin.mpp.KotlinTargetSoftwareComponentImpl        : loaded 2 times (x 92B)
Class org.jetbrains.kotlin.gradle.plugin.mpp.DefaultKotlinUsageContext$PublishOnlyIf  : loaded 2 times (x 72B)
Class org.jetbrains.kotlin.gradle.dsl.KotlinCommonCompilerOptionsHelper               : loaded 2 times (x 73B)
Class org.jetbrains.kotlin.gradle.plugin.KotlinJvmPlugin$Companion                    : loaded 2 times (x 73B)
Class org.jetbrains.kotlin.gradle.artifacts.KotlinMetadataArtifactKt                  : loaded 2 times (x 73B)
Class org.jetbrains.kotlin.gradle.targets.CreateArtifactsSideEffectKt$CreateArtifactsSideEffect$1: loaded 2 times (x 76B)
Class org.jetbrains.kotlin.gradle.plugin.diagnostics.KotlinToolingDiagnostics         : loaded 2 times (x 73B)
Class org.jetbrains.kotlin.gradle.internal.properties.PropertiesBuildService$property$1$valueFromGradleAndLocalProperties$1: loaded 2 times (x 77B)
Class org.jetbrains.kotlin.gradle.plugin.KotlinPluginWrapperKt$kotlinToolingVersion$2 : loaded 2 times (x 80B)
Class org.objectweb.asm.Type                                                          : loaded 2 times (x 74B)
Class org.gradle.internal.classloader.VisitableURLClassLoader$InstrumentingVisitableURLClassLoader: loaded 2 times (x 124B)
Class org.jetbrains.kotlin.metadata.ProtoBuf$ClassOrBuilder                           : loaded 2 times (x 72B)
Class org.jetbrains.kotlin.metadata.ProtoBuf$ValueParameter                           : loaded 2 times (x 134B)
Class kotlin.comparisons.ComparisonsKt__ComparisonsKt                                 : loaded 2 times (x 73B)
Class org.jetbrains.kotlin.daemon.common.DaemonOptions$mappers$12                     : loaded 2 times (x 143B)
Class org.jetbrains.kotlin.compilerRunner.KotlinCompilerRunnerUtils                   : loaded 2 times (x 73B)
Class kotlin.reflect.jvm.internal.impl.metadata.jvm.deserialization.JvmFlags          : loaded 2 times (x 73B)
Class kotlin.sequences.SequencesKt__SequencesKt$sequenceOf$1$1                        : loaded 2 times (x 81B)
Class kotlin.sequences.SequencesKt__SequencesKt                                       : loaded 2 times (x 73B)
Class kotlin.reflect.jvm.internal.impl.load.java.lazy.LazyJavaTypeParameterResolver   : loaded 2 times (x 77B)
Class kotlin.reflect.jvm.internal.impl.load.java.structure.JavaModifierListOwner      : loaded 2 times (x 72B)
Class kotlin.reflect.jvm.internal.impl.serialization.deserialization.NameResolverUtilKt: loaded 2 times (x 73B)
Class kotlin.reflect.jvm.internal.impl.metadata.ProtoBuf$EnumEntryOrBuilder           : loaded 2 times (x 72B)
Class kotlin.reflect.jvm.internal.impl.metadata.ProtoBuf$VersionRequirementTable      : loaded 2 times (x 98B)
Class [Lkotlin.reflect.jvm.internal.impl.renderer.PropertyAccessorRenderingPolicy;    : loaded 2 times (x 71B)
Class [Lkotlin.reflect.jvm.internal.impl.renderer.ParameterNameRenderingPolicy;       : loaded 2 times (x 71B)
Class kotlin.reflect.jvm.internal.impl.load.java.lazy.LazyJavaResolverContext         : loaded 2 times (x 74B)
Class kotlin.ranges.RangesKt__RangesKt                                                : loaded 2 times (x 73B)
Class [Lkotlin.reflect.jvm.internal.impl.resolve.jvm.JvmPrimitiveType;                : loaded 2 times (x 71B)
Class kotlin.collections.SetsKt___SetsKt                                              : loaded 2 times (x 73B)
Class kotlin.jvm.internal.ClassBasedDeclarationContainer                              : loaded 2 times (x 72B)
Class org.apache.commons.io.FileUtils                                                 : loaded 2 times (x 73B)
Class kotlinx.coroutines.Job$DefaultImpls                                             : loaded 2 times (x 73B)
Class org.jetbrains.kotlin.compilerRunner.GradleCompilerEnvironment                   : loaded 2 times (x 75B)
Class org.jetbrains.kotlin.gradle.tasks.CompileUsingKotlinDaemonWithNormalization$DefaultImpls: loaded 2 times (x 73B)
Class com.google.common.collect.MapMakerInternalMap$StrongKeyDummyValueEntry$Helper   : loaded 2 times (x 81B)
Class com.google.common.io.Files$FileByteSink                                         : loaded 2 times (x 79B)
Class org.jetbrains.kotlin.gradle.tasks.FailedCompilationException                    : loaded 2 times (x 84B)
Class org.jetbrains.kotlin.gradle.plugin.mpp.DefaultKotlinUsageContext$1              : loaded 2 times (x 76B)
Class [Lorg.jetbrains.kotlin.gradle.tasks.KotlinCompilerExecutionStrategy;            : loaded 2 times (x 71B)
Class org.jetbrains.kotlin.gradle.plugin.mpp.compilationImpl.KotlinCompilationImpl$associateWith$2: loaded 2 times (x 81B)
Class org.jetbrains.kotlin.gradle.plugin.hierarchy.KotlinSourceSetTreeClassifier      : loaded 2 times (x 72B)
Class org.jetbrains.kotlin.gradle.plugin.mpp.compilationImpl.KotlinCompilationAssociator: loaded 2 times (x 72B)
Class org.jetbrains.kotlin.gradle.utils.WhenEvaluatedKt$whenEvaluated$afterAndroidDispatchQueue$1$1$1: loaded 2 times (x 77B)
Class org.jetbrains.kotlin.gradle.plugin.mpp.KotlinNativeTarget                       : loaded 2 times (x 169B)
Class org.jetbrains.kotlin.gradle.plugin.diagnostics.checkers.KotlinSourceSetTreeDependsOnMismatchChecker$runChecks$1: loaded 2 times (x 89B)
Class org.jetbrains.kotlin.gradle.plugin.diagnostics.checkers.PreHmppDependenciesUsageChecker$runChecks$1: loaded 2 times (x 89B)
Class org.jetbrains.kotlin.gradle.utils.ProjectExtensionsKt                           : loaded 2 times (x 73B)
Class org.jetbrains.kotlin.gradle.plugin.KotlinSourceSetTree$Companion                : loaded 2 times (x 73B)
Class org.jetbrains.kotlin.konan.target.UtilsKt$evaluatePresetName$1                  : loaded 2 times (x 80B)
Class org.jetbrains.kotlin.gradle.plugin.diagnostics.KotlinGradleProjectChecker$Companion: loaded 2 times (x 73B)
Class org.jetbrains.kotlin.gradle.plugin.KotlinGradleBuildServices$Parameters         : loaded 2 times (x 72B)
Class org.jetbrains.kotlin.gradle.plugin.statistics.BuildFusService$Companion$registerIfAbsent$1$1$1: loaded 2 times (x 77B)
Class org.jetbrains.kotlin.statistics.fileloggers.MetricsContainer$Companion          : loaded 2 times (x 73B)
Class com.google.common.math.IntMath$1                                                : loaded 2 times (x 73B)
Class org.objectweb.asm.ByteVector                                                    : loaded 2 times (x 81B)
Class [Lcom.google.common.cache.CacheBuilder$NullListener;                            : loaded 2 times (x 71B)
Class org.gradle.internal.classloader.VisitableURLClassLoader$Spec                    : loaded 2 times (x 76B)
Class org.gradle.internal.classpath.DefaultClassPath                                  : loaded 2 times (x 92B)
Class org.jetbrains.kotlin.metadata.ProtoBuf$Annotation$Argument$ValueOrBuilder       : loaded 2 times (x 72B)
Class kotlin.comparisons.ComparisonsKt                                                : loaded 2 times (x 73B)
Class kotlin.comparisons.ComparisonsKt___ComparisonsKt                                : loaded 2 times (x 73B)
Class org.jetbrains.kotlin.daemon.common.DaemonOptions$mappers$13                     : loaded 2 times (x 131B)
Class kotlin.text.MatchGroup                                                          : loaded 2 times (x 74B)
Class kotlin.text.CharsKt__CharJVMKt                                                  : loaded 2 times (x 73B)
Class kotlin.reflect.jvm.internal.impl.types.checker.NewTypeVariableConstructor       : loaded 2 times (x 72B)
Class kotlin.reflect.jvm.internal.impl.types.TypeProjectionImpl                       : loaded 2 times (x 84B)
Class kotlin.sequences.FilteringSequence                                              : loaded 2 times (x 77B)
Class kotlin.reflect.jvm.internal.impl.protobuf.LazyStringList                        : loaded 2 times (x 72B)
Class kotlin.reflect.jvm.internal.impl.descriptors.runtime.structure.ReflectJavaModifierListOwner: loaded 2 times (x 72B)
Class kotlin.reflect.jvm.internal.impl.protobuf.RopeByteString$RopeInputStream        : loaded 2 times (x 94B)
Class kotlin.reflect.jvm.internal.impl.load.kotlin.KotlinJvmBinaryClass$AnnotationArgumentVisitor: loaded 2 times (x 72B)
Class kotlin.reflect.jvm.internal.impl.renderer.AnnotationArgumentsRenderingPolicy    : loaded 2 times (x 81B)
Class kotlin.reflect.jvm.internal.impl.load.kotlin.PackagePartProvider$Empty          : loaded 2 times (x 76B)
Class kotlin.reflect.jvm.internal.impl.descriptors.annotations.Annotations$Companion$EMPTY$1: loaded 2 times (x 86B)
Class kotlin.reflect.jvm.internal.impl.descriptors.runtime.components.RuntimeModuleData: loaded 2 times (x 74B)
Class jdk.internal.jimage.decompressor.ZipDecompressorFactory                         : loaded 2 times (x 76B)
Class com.google.common.reflect.Types$ClassOwnership                                  : loaded 2 times (x 82B)
Class org.jetbrains.kotlin.compilerRunner.OutputItemsCollector                        : loaded 2 times (x 72B)
Class com.google.common.collect.ImmutableSortedMap$1EntrySet$1                        : loaded 2 times (x 215B)
Class com.google.common.base.AbstractIterator                                         : loaded 2 times (x 82B)
Class org.jetbrains.kotlin.gradle.plugin.DefaultKotlinBasePlugin$addKotlinCompilerConfiguration$2$1$1: loaded 2 times (x 77B)
Class org.jetbrains.kotlin.gradle.plugin.mpp.KotlinSoftwareComponentKt                : loaded 2 times (x 73B)
Class org.jetbrains.kotlin.gradle.plugin.mpp.compilationImpl.KotlinCompilationSourceSetInclusion$AddSourcesToCompileTask: loaded 2 times (x 72B)
Class [Lorg.jetbrains.kotlin.gradle.plugin.HasProject;                                : loaded 2 times (x 71B)
Class org.jetbrains.kotlin.gradle.utils.MutableObservableSetImpl                      : loaded 2 times (x 165B)
Class org.jetbrains.kotlin.gradle.tasks.KotlinTasksProvider                           : loaded 2 times (x 74B)
Class org.jetbrains.kotlin.gradle.dsl.DefaultToolchainSupport$wireToolchainToTasks$1  : loaded 2 times (x 77B)
Class org.jetbrains.kotlin.gradle.dsl.KotlinCommonCompilerOptions                     : loaded 2 times (x 72B)
Class org.jetbrains.kotlin.gradle.plugin.KotlinJsCompilerTypeHolder                   : loaded 2 times (x 72B)
Class org.jetbrains.kotlin.konan.target.Architecture                                  : loaded 2 times (x 81B)
Class org.jetbrains.kotlin.gradle.internal.properties.PropertiesBuildService$MemoizedCallable: loaded 2 times (x 77B)
Class org.jetbrains.kotlin.gradle.plugin.internal.DefaultMavenPublicationComponentAccessorFactory: loaded 2 times (x 78B)
Class org.objectweb.asm.Symbol                                                        : loaded 2 times (x 75B)
Class org.jetbrains.kotlin.metadata.ProtoBuf$Visibility                               : loaded 2 times (x 84B)
Class org.jetbrains.kotlin.metadata.ProtoBuf$ConstructorOrBuilder                     : loaded 2 times (x 72B)
Class org.jetbrains.kotlin.metadata.jvm.JvmProtoBuf                                   : loaded 2 times (x 73B)
Class org.jetbrains.kotlin.metadata.jvm.deserialization.JvmMemberSignature$Field      : loaded 2 times (x 77B)
Class org.jetbrains.kotlin.daemon.client.DaemonInitMessageListener                    : loaded 2 times (x 77B)
Class org.jetbrains.kotlin.config.ApiVersion$Companion                                : loaded 2 times (x 73B)
Class [Lkotlin.reflect.jvm.internal.impl.resolve.ExternalOverridabilityCondition$Contract;: loaded 2 times (x 71B)
Class kotlin.reflect.jvm.internal.impl.protobuf.LazyStringArrayList                   : loaded 2 times (x 263B)
Class kotlin.reflect.jvm.internal.impl.load.java.JavaClassFinder$Request              : loaded 2 times (x 74B)
Class kotlin.reflect.jvm.internal.impl.metadata.ProtoBuf$Class$Kind$1                 : loaded 2 times (x 76B)
Class kotlin.reflect.jvm.internal.impl.builtins.jvm.JvmBuiltInsCustomizer$createMockJavaIoSerializableType$mockJavaIoPackageFragment$1: loaded 2 times (x 107B)
Class kotlin.reflect.jvm.internal.impl.storage.LockBasedStorageManager$CacheWithNotNullValuesBasedOnMemoizedFunction: loaded 2 times (x 88B)
Class kotlin.reflect.jvm.internal.impl.incremental.components.LookupLocation          : loaded 2 times (x 72B)
Class kotlin.reflect.KType                                                            : loaded 2 times (x 72B)
Class org.jetbrains.kotlin.build.report.metrics.BuildMetrics$Companion                : loaded 2 times (x 73B)
Class com.google.common.io.Java8Compatibility                                         : loaded 2 times (x 73B)
Class org.jetbrains.kotlin.statistics.metrics.OrMetricContainer                       : loaded 2 times (x 82B)
Class org.jetbrains.kotlin.buildtools.api.SourcesChanges$Unknown                      : loaded 2 times (x 75B)
Class com.google.common.io.Closer                                                     : loaded 2 times (x 80B)
Class org.jetbrains.kotlin.gradle.tasks.AbstractKotlinCompile$friendPathsSet$1        : loaded 2 times (x 77B)
Class org.jetbrains.kotlin.build.report.metrics.BuildAttributes                       : loaded 2 times (x 74B)
Class org.jetbrains.kotlin.gradle.plugin.cocoapods.KotlinCocoapodsPlugin$Companion    : loaded 2 times (x 73B)
Class org.jetbrains.kotlin.gradle.plugin.mpp.compilationImpl.KotlinCompilationImpl    : loaded 2 times (x 147B)
Class [Lorg.jetbrains.kotlin.gradle.plugin.mpp.compilationImpl.factory.KotlinCompilationImplFactory$PostConfigure;: loaded 2 times (x 71B)
Class org.jetbrains.kotlin.gradle.plugin.KotlinSourceSet$Companion                    : loaded 2 times (x 73B)
Class org.jetbrains.kotlin.konan.target.KonanTarget$MACOS_X64                         : loaded 2 times (x 80B)
Class org.jetbrains.kotlin.konan.util.Named                                           : loaded 2 times (x 72B)
Class [Lorg.jetbrains.kotlin.gradle.report.BuildReportMode;                           : loaded 2 times (x 71B)
Class org.jetbrains.kotlin.statistics.metrics.BooleanOverridePolicy                   : loaded 2 times (x 87B)
Class org.jetbrains.kotlin.gradle.plugin.AbstractKotlinAndroidPluginWrapper           : loaded 2 times (x 88B)
Class com.google.common.base.CharMatcher$BitSetMatcher                                : loaded 2 times (x 114B)
Class com.google.common.collect.RegularImmutableMap$Values                            : loaded 2 times (x 209B)
Class com.google.common.collect.ImmutableSet                                          : loaded 2 times (x 147B)
Class org.gradle.internal.classloader.ClassLoaderSpec                                 : loaded 2 times (x 73B)
Class org.jetbrains.kotlin.protobuf.SmallSortedMap                                    : loaded 2 times (x 131B)
Class org.jetbrains.org.objectweb.asm.tree.AbstractInsnNode                           : loaded 2 times (x 80B)
Class org.jetbrains.kotlin.daemon.common.DaemonOptions$mappers$15                     : loaded 2 times (x 143B)
Class kotlin.jvm.internal.FunctionReferenceImpl                                       : loaded 2 times (x 128B)
Class [Lkotlin.reflect.jvm.internal.impl.load.java.AnnotationQualifierApplicabilityType;: loaded 2 times (x 71B)
Class kotlin.reflect.jvm.internal.impl.serialization.deserialization.DeserializedPackageFragmentImpl: loaded 2 times (x 111B)
Class kotlin.reflect.jvm.internal.impl.descriptors.runtime.structure.Java16SealedRecordLoader$Cache: loaded 2 times (x 74B)
Class kotlin.reflect.jvm.internal.impl.metadata.ProtoBuf$EnumEntry$1                  : loaded 2 times (x 89B)
Class kotlin.reflect.jvm.internal.impl.load.java.FieldOverridabilityCondition         : loaded 2 times (x 77B)
Class kotlin.reflect.jvm.internal.impl.types.checker.NewKotlinTypeChecker             : loaded 2 times (x 72B)
Class kotlin.reflect.jvm.internal.impl.load.java.NullabilityAnnotationStates          : loaded 2 times (x 72B)
Class kotlin.reflect.jvm.internal.impl.descriptors.impl.PackageViewDescriptorFactory  : loaded 2 times (x 72B)
Class kotlin.reflect.jvm.internal.ReflectProperties$Val$1                             : loaded 2 times (x 73B)
Class kotlin.collections.CollectionsKt___CollectionsJvmKt                             : loaded 2 times (x 73B)
Class com.google.common.io.ByteSource$EmptyByteSource                                 : loaded 2 times (x 87B)
Class org.jetbrains.kotlin.gradle.internal.load.java.JvmAbi                           : loaded 2 times (x 73B)
Class org.jetbrains.kotlin.gradle.tasks.DefaultKotlinJavaToolchain$DefaultJavaToolchainSetter: loaded 2 times (x 77B)
Class org.jetbrains.kotlin.build.report.metrics.BuildAttributeKind                    : loaded 2 times (x 81B)
Class org.jetbrains.kotlin.gradle.plugin.mpp.KotlinCompilationsKt$moduleNameForCompilation$1: loaded 2 times (x 77B)
Class org.jetbrains.kotlin.gradle.plugin.sources.KotlinDependencyScopeKt              : loaded 2 times (x 73B)
Class org.jetbrains.kotlin.gradle.plugin.diagnostics.TransformActionUsingKotlinToolingDiagnostics$Parameters: loaded 2 times (x 72B)
Class org.jetbrains.kotlin.compilerRunner.CompilerSystemPropertiesService$Companion$registerIfAbsent$2$1: loaded 2 times (x 81B)
Class org.jetbrains.kotlin.gradle.plugin.mpp.KotlinCompilationsKt$addSourcesToKotlinCompileTask$1: loaded 2 times (x 77B)
Class org.jetbrains.kotlin.gradle.internal.KotlinDependenciesManagementKt$configureDefaultVersionsResolutionStrategy$1$1: loaded 2 times (x 77B)
Class org.jetbrains.kotlin.gradle.utils.KotlinExtensionUtilsKt$forAllTargets$1        : loaded 2 times (x 97B)
Class org.jetbrains.kotlin.gradle.plugin.diagnostics.CheckKotlinGradlePluginConfigurationErrorsKt$locateOrRegisterCheckKotlinGradlePluginErrorsTask$taskProvider$1: loaded 2 times (x 77B)
Class org.jetbrains.kotlin.gradle.plugin.diagnostics.checkers.KmpPartiallyResolvedDependenciesChecker$runChecks$1: loaded 2 times (x 89B)
Class org.jetbrains.kotlin.gradle.plugin.diagnostics.checkers.OverriddenKotlinNativeHomeChecker$StdlibExistenceCheckerValueSource$Params: loaded 2 times (x 72B)
Class org.jetbrains.kotlin.gradle.dsl.PlatformSourceSetConventionsChecker$nativeTargetPresets$1$1: loaded 2 times (x 81B)
Class org.jetbrains.kotlin.gradle.tooling.BuildKotlinToolingMetadataTaskKt$buildKotlinToolingMetadataTask$1: loaded 2 times (x 80B)
Class org.jetbrains.kotlin.gradle.internal.Kapt3GradleSubplugin$Companion             : loaded 2 times (x 73B)
Class org.jetbrains.kotlin.gradle.plugin.mpp.compilationImpl.KotlinCreateCompilationArchiveTaskKt$KotlinRegisterCompilationArchiveTasksExtension$1: loaded 2 times (x 76B)
Class [Lorg.jetbrains.kotlin.statistics.metrics.NumberOverridePolicy;                 : loaded 2 times (x 71B)
Class org.jetbrains.kotlin.gradle.internal.properties.PropertiesBuildService$GradleProperty: loaded 2 times (x 72B)
Class org.jetbrains.kotlin.gradle.plugin.statistics.BuildFinishBuildService$Companion : loaded 2 times (x 73B)
Class org.jetbrains.kotlin.gradle.utils.StoredPropertyKt$projectStoredProperty$1      : loaded 2 times (x 80B)
Class org.objectweb.asm.AnnotationWriter                                              : loaded 2 times (x 80B)
Class com.google.common.cache.CacheStats                                              : loaded 2 times (x 73B)
Class org.jetbrains.kotlin.protobuf.SmallSortedMap$EmptySet                           : loaded 2 times (x 73B)
Class org.jetbrains.kotlin.protobuf.MessageLite                                       : loaded 2 times (x 72B)
Class org.jetbrains.kotlin.load.kotlin.header.KotlinClassHeader$Kind$Companion        : loaded 2 times (x 73B)
Class org.jetbrains.kotlin.daemon.common.DaemonOptions$mappers$16                     : loaded 2 times (x 131B)
Class org.jetbrains.kotlin.config.MavenComparableVersion$ListItem                     : loaded 2 times (x 220B)
Class kotlin.jvm.internal.markers.KMutableIterable                                    : loaded 2 times (x 72B)
Class kotlin.reflect.jvm.internal.impl.load.java.BuiltinSpecialProperties             : loaded 2 times (x 73B)
Class kotlin.sequences.SequencesKt___SequencesJvmKt                                   : loaded 2 times (x 73B)
Class kotlin.reflect.jvm.internal.impl.metadata.deserialization.VersionRequirementTable: loaded 2 times (x 74B)
Class kotlin.reflect.jvm.internal.impl.utils.WrappedValues$ThrowableWrapper           : loaded 2 times (x 74B)
Class [Lkotlin.reflect.jvm.internal.impl.renderer.OverrideRenderingPolicy;            : loaded 2 times (x 71B)
Class kotlin.Unit                                                                     : loaded 2 times (x 73B)
Class kotlin.TuplesKt                                                                 : loaded 2 times (x 73B)
Class kotlinx.coroutines.CoroutineStart$WhenMappings                                  : loaded 2 times (x 73B)
Class com.google.common.collect.ImmutableMultisetGwtSerializationDependencies         : loaded 2 times (x 127B)
Class com.google.common.collect.Interners                                             : loaded 2 times (x 73B)
Class com.google.common.io.Closer$Suppressor                                          : loaded 2 times (x 72B)
Class com.google.common.io.LineProcessor                                              : loaded 2 times (x 72B)
Class org.jetbrains.kotlin.gradle.tasks.K2MultiplatformStructure$RefinesEdge          : loaded 2 times (x 74B)
Class org.jetbrains.kotlin.gradle.plugin.mpp.SyncLanguageSettingsWithKotlinExtensionSetupActionKt$SyncLanguageSettingsWithKotlinExtensionSetupAction$1$1: loaded 2 times (x 77B)
Class org.jetbrains.kotlin.gradle.tasks.configuration.TaskConfigAction$configureTask$1: loaded 2 times (x 81B)
Class org.jetbrains.kotlin.gradle.dsl.abi.AbiValidationExtension                      : loaded 2 times (x 72B)
Class org.jetbrains.kotlin.gradle.plugin.diagnostics.checkers.DuplicateSourceSetChecker$runChecks$1: loaded 2 times (x 89B)
Class org.jetbrains.kotlin.gradle.dsl.JvmTarget                                       : loaded 2 times (x 81B)
Class org.jetbrains.kotlin.gradle.plugin.diagnostics.ToolingDiagnostic$Severity       : loaded 2 times (x 81B)
Class org.jetbrains.kotlin.gradle.internal.ClassLoadersCachingBuildService            : loaded 2 times (x 78B)
Class org.jetbrains.kotlin.gradle.plugin.VariantImplementationFactories$Inject        : loaded 2 times (x 108B)
Class org.jetbrains.kotlin.gradle.plugin.internal.DefaultJavaExecTaskParametersCompatibility$Factory: loaded 2 times (x 78B)
Class org.jetbrains.kotlin.gradle.plugin.VariantImplementationFactoriesConfigurator$Companion: loaded 2 times (x 73B)
Class org.objectweb.asm.RecordComponentWriter                                         : loaded 2 times (x 79B)
Class com.google.common.util.concurrent.AbstractFuture$Listener                       : loaded 2 times (x 74B)
Class com.google.common.base.CharMatcher$Or                                           : loaded 2 times (x 114B)
Class Settings_gradle$1$1                                                             : loaded 2 times (x 76B)
Class org.jetbrains.kotlin.build.report.metrics.SNAPSHOT_JAVA_CLASSES                 : loaded 2 times (x 74B)
Class org.jetbrains.kotlin.build.report.metrics.GRADLE_TASK_ACTION                    : loaded 2 times (x 74B)
Class kotlin.io.FileTreeWalk$DirectoryState                                           : loaded 2 times (x 75B)
Class [Lorg.jetbrains.kotlin.utils.DescriptionAware;                                  : loaded 2 times (x 71B)
Class kotlin.reflect.jvm.internal.impl.descriptors.impl.ValueParameterDescriptorImpl$WithDestructuringDeclaration: loaded 2 times (x 167B)
Class kotlin.reflect.jvm.internal.impl.protobuf.Parser                                : loaded 2 times (x 72B)
Class kotlin.reflect.jvm.internal.impl.protobuf.MessageLite                           : loaded 2 times (x 72B)
Class kotlin.reflect.jvm.internal.impl.types.KotlinTypeFactory                        : loaded 2 times (x 73B)
Class kotlin.reflect.jvm.internal.impl.descriptors.PackageFragmentProviderOptimized   : loaded 2 times (x 72B)
Class kotlin.reflect.jvm.internal.impl.resolve.jvm.CompositeSyntheticJavaPartsProvider: loaded 2 times (x 81B)
Class kotlin.reflect.jvm.internal.impl.load.java.components.JavaResolverCache         : loaded 2 times (x 72B)
Class kotlin.ranges.RangesKt                                                          : loaded 2 times (x 73B)
Class com.google.common.collect.ForwardingSet                                         : loaded 2 times (x 153B)
Class org.jetbrains.kotlin.config.Services$Builder                                    : loaded 2 times (x 74B)
Class org.jetbrains.kotlin.gradle.tasks.KotlinCompile$createCompilerArguments$1$3$1   : loaded 2 times (x 81B)
Class [Lorg.jetbrains.kotlin.compilerRunner.KotlinCompilerArgumentsLogLevel;          : loaded 2 times (x 71B)
Class org.jetbrains.kotlin.gradle.tasks.KotlinCompile_Decorated                       : loaded 2 times (x 608B)
Class org.jetbrains.kotlin.gradle.plugin.mpp.SyncLanguageSettingsWithKotlinExtensionSetupActionKt$SyncLanguageSettingsWithKotlinExtensionSetupAction$1$2: loaded 2 times (x 77B)
Class org.jetbrains.kotlin.gradle.plugin.internal.BuildIdService$Companion            : loaded 2 times (x 73B)
Class org.jetbrains.kotlin.gradle.plugin.diagnostics.checkers.OverriddenKotlinNativeHomeChecker$StdlibExistenceCheckerValueSource$Companion: loaded 2 times (x 73B)
Class org.jetbrains.kotlin.gradle.targets.js.dsl.KotlinWasmSubTargetContainerDsl      : loaded 2 times (x 72B)
Class org.jetbrains.kotlin.gradle.plugin.diagnostics.checkers.WasmWasiEnvironmentChecker$1: loaded 2 times (x 80B)
Class org.jetbrains.kotlin.gradle.plugin.diagnostics.checkers.DisabledCinteropCommonizationInHmppProjectChecker: loaded 2 times (x 76B)
Class org.jetbrains.kotlin.gradle.plugin.diagnostics.checkers.NoKotlinTargetsDeclaredChecker: loaded 2 times (x 76B)
Class org.jetbrains.kotlin.gradle.targets.jvm.KotlinJvmTargetTestFixturesSideEffectKt$ConfigureJavaTestFixturesSideEffect$1: loaded 2 times (x 76B)
Class org.jetbrains.kotlin.gradle.utils.StoredPropertyStorage                         : loaded 2 times (x 74B)
Class org.jetbrains.kotlin.gradle.plugin.KotlinSourceSetContainer                     : loaded 2 times (x 72B)
Class org.objectweb.asm.Attribute                                                     : loaded 2 times (x 79B)
Class com.google.common.base.Supplier                                                 : loaded 2 times (x 72B)
Class org.jetbrains.kotlin.cli.common.messages.CompilerMessageLocationWithRange       : loaded 2 times (x 82B)
Class org.gradle.internal.classloader.VisitableURLClassLoader                         : loaded 2 times (x 118B)
Class org.jetbrains.kotlin.daemon.common.CompilationOptions$Companion                 : loaded 2 times (x 73B)
Class org.jetbrains.kotlin.daemon.common.DaemonOptions$mappers$18                     : loaded 2 times (x 143B)
Class [Lkotlin.reflect.jvm.internal.impl.serialization.deserialization.AnnotatedCallableKind;: loaded 2 times (x 71B)
Class kotlin.sequences.GeneratorSequence                                              : loaded 2 times (x 77B)
Class kotlin.sequences.FlatteningSequence$iterator$1                                  : loaded 2 times (x 81B)
Class kotlin.reflect.jvm.internal.impl.resolve.scopes.ResolutionScope$DefaultImpls    : loaded 2 times (x 73B)
Class kotlin.reflect.jvm.internal.impl.metadata.ProtoBuf$Type$ArgumentOrBuilder       : loaded 2 times (x 72B)
Class kotlin.reflect.jvm.internal.impl.builtins.functions.BuiltInFictitiousFunctionClassFactory: loaded 2 times (x 79B)
Class kotlin.reflect.jvm.internal.impl.metadata.ProtoBuf$AnnotationOrBuilder          : loaded 2 times (x 72B)
Class kotlin.reflect.jvm.internal.impl.protobuf.GeneratedMessageLite$GeneratedExtension: loaded 2 times (x 80B)
Class kotlin.reflect.jvm.internal.impl.load.kotlin.DeserializationComponentsForJava   : loaded 2 times (x 74B)
Class kotlin.collections.ArraysUtilJVM                                                : loaded 2 times (x 73B)
Class kotlin.reflect.jvm.internal.KClassImpl                                          : loaded 2 times (x 117B)
Class kotlin.jvm.functions.Function0                                                  : loaded 2 times (x 72B)
Class kotlinx.coroutines.internal.ResizableAtomicArray                                : loaded 2 times (x 74B)
Class com.google.common.io.CharSource$AsByteSource                                    : loaded 2 times (x 87B)
Class com.google.common.collect.ImmutableList$SerializedForm                          : loaded 2 times (x 75B)
Class org.jetbrains.kotlin.gradle.plugin.statistics.plugins.ObservablePlugins         : loaded 2 times (x 81B)
Class org.jetbrains.kotlin.gradle.plugin.sources.InternalKotlinSourceSetKt$awaitPlatformCompilations$1: loaded 2 times (x 89B)
Class [Lorg.jetbrains.kotlin.gradle.plugin.sources.KotlinDependencyScope;             : loaded 2 times (x 71B)
Class org.jetbrains.kotlin.gradle.tasks.configuration.BaseKotlinCompileConfig$configureCommonParameters$1: loaded 2 times (x 76B)
Class org.jetbrains.kotlin.gradle.plugin.mpp.compilationImpl.factory.ConfigurationNaming: loaded 2 times (x 72B)
Class org.jetbrains.kotlin.gradle.plugin.mpp.compilationImpl.DefaultKotlinCompilationPostConfigureKt: loaded 2 times (x 73B)
Class org.jetbrains.kotlin.konan.target.KonanTarget$WATCHOS_X64                       : loaded 2 times (x 80B)
Class org.jetbrains.kotlin.gradle.plugin.diagnostics.KotlinGradleProjectCheckersRunnerKt: loaded 2 times (x 73B)
Class [Lorg.jetbrains.kotlin.tooling.core.HasExtras;                                  : loaded 2 times (x 71B)
Class org.jetbrains.kotlin.gradle.plugin.diagnostics.checkers.IncorrectCompileOnlyDependenciesChecker: loaded 2 times (x 76B)
Class org.jetbrains.kotlin.gradle.plugin.diagnostics.checkers.WasmWasiEnvironmentChecker$2: loaded 2 times (x 80B)
Class org.jetbrains.kotlin.gradle.dsl.DefaultToolchainSupport$wireToolchainToTasks$1$1: loaded 2 times (x 77B)
Class org.jetbrains.kotlin.gradle.internal.IdeaKt$isInIdeaEnvironment$1               : loaded 2 times (x 76B)
Class org.jetbrains.kotlin.gradle.plugin.statistics.FusUtilKt                         : loaded 2 times (x 73B)
Class org.jetbrains.kotlin.gradle.utils.SingleActionPerProject                        : loaded 2 times (x 75B)
Class org.jetbrains.kotlin.gradle.plugin.DefaultKotlinBasePlugin                      : loaded 2 times (x 84B)
Class org.gradle.internal.Cast                                                        : loaded 2 times (x 73B)
Class org.gradle.api.Action                                                           : loaded 2 times (x 72B)
Class org.jetbrains.kotlin.protobuf.CodedOutputStream                                 : loaded 2 times (x 74B)
Class org.jetbrains.kotlin.metadata.ProtoBuf$Annotation                               : loaded 2 times (x 111B)
Class org.jetbrains.org.objectweb.asm.tree.TypeInsnNode                               : loaded 2 times (x 80B)
Class kotlin.collections.AbstractMutableList                                          : loaded 2 times (x 208B)
Class org.jetbrains.kotlin.daemon.common.DaemonOptions$mappers$19                     : loaded 2 times (x 143B)
Class org.jetbrains.kotlin.daemon.client.KotlinCompilerClientKt                       : loaded 2 times (x 73B)
Class kotlin.reflect.jvm.internal.impl.protobuf.Utf8                                  : loaded 2 times (x 73B)
Class kotlin.reflect.jvm.internal.impl.metadata.builtins.BuiltInsBinaryVersion        : loaded 2 times (x 74B)
Class kotlin.reflect.jvm.internal.impl.load.java.lazy.descriptors.LazyJavaStaticClassScope: loaded 2 times (x 106B)
Class kotlin.reflect.jvm.internal.impl.load.java.lazy.descriptors.LazyJavaPackageScope$KotlinClassLookupResult$Found: loaded 2 times (x 74B)
Class kotlin.reflect.jvm.internal.impl.metadata.ProtoBuf$MemberKind                   : loaded 2 times (x 84B)
Class [Lkotlin.reflect.jvm.internal.impl.serialization.deserialization.descriptors.DeserializedContainerAbiStability;: loaded 2 times (x 71B)
Class kotlin.reflect.jvm.internal.impl.load.java.JvmAnnotationNames                   : loaded 2 times (x 73B)
Class kotlin.reflect.jvm.internal.impl.protobuf.SmallSortedMap$1                      : loaded 2 times (x 130B)
Class kotlin.reflect.jvm.internal.impl.resolve.descriptorUtil.DescriptorUtilsKt       : loaded 2 times (x 73B)
Class kotlin.reflect.jvm.internal.impl.renderer.ClassifierNamePolicy$FULLY_QUALIFIED  : loaded 2 times (x 76B)
Class kotlin.properties.ReadWriteProperty                                             : loaded 2 times (x 72B)
Class kotlin.jvm.functions.Function1                                                  : loaded 2 times (x 72B)
Class jdk.internal.jimage.decompressor.ZipDecompressor                                : loaded 2 times (x 77B)
Class kotlinx.coroutines.CompletedExceptionally                                       : loaded 2 times (x 74B)
Class org.jetbrains.kotlin.compilerRunner.CompilerEnvironment                         : loaded 2 times (x 75B)
Class org.jetbrains.kotlin.cli.common.messages.GradleStyleMessageRenderer             : loaded 2 times (x 80B)
Class org.jetbrains.kotlin.statistics.metrics.StatisticsValuesConsumer$DefaultImpls   : loaded 2 times (x 73B)
Class com.google.common.collect.MapMakerInternalMap                                   : loaded 2 times (x 162B)
Class com.google.common.collect.HashBiMap                                             : loaded 2 times (x 144B)
Class [Lorg.jetbrains.kotlin.gradle.plugin.mpp.KotlinUsageContext$MavenScope;         : loaded 2 times (x 71B)
Class org.jetbrains.kotlin.gradle.tasks.configuration.BaseKotlinCompileConfig$configureCommonParameters$2: loaded 2 times (x 77B)
Class org.jetbrains.kotlin.gradle.plugin.mpp.compilationImpl.KotlinCompilationCompilerOptionsFromTargetConfigurator: loaded 2 times (x 76B)
Class [Lorg.jetbrains.kotlin.gradle.plugin.mpp.compilationImpl.DefaultKotlinCompilationFriendPathsResolver$FriendArtifactResolver;: loaded 2 times (x 71B)
Class com.google.common.base.Strings                                                  : loaded 2 times (x 73B)
Class org.jetbrains.kotlin.gradle.utils.FailuresKt$ideaSyncClasspathModeUtil$1        : loaded 2 times (x 74B)
Class org.jetbrains.kotlin.gradle.artifacts.KotlinJsKlibArtifactKt                    : loaded 2 times (x 73B)
Class org.jetbrains.kotlin.gradle.dsl.KotlinTargetContainerWithWasmPresetFunctions    : loaded 2 times (x 72B)
Class org.jetbrains.kotlin.gradle.internal.IdeaKt$isInIdeaEnvironment$2               : loaded 2 times (x 76B)
Class org.jetbrains.kotlin.gradle.plugin.diagnostics.KotlinToolingDiagnosticsCollector$Inject: loaded 2 times (x 98B)
Class org.jetbrains.kotlin.gradle.plugin.GradleUtilsKt                                : loaded 2 times (x 73B)
Class org.jetbrains.kotlin.gradle.internal.properties.PropertiesBuildService          : loaded 2 times (x 78B)
Class org.jetbrains.kotlin.gradle.plugin.BuildFinishedListenerService$Companion$registerIfAbsent$1$1$1: loaded 2 times (x 77B)
Class com.google.common.collect.Sets                                                  : loaded 2 times (x 73B)
Class org.objectweb.asm.Handler                                                       : loaded 2 times (x 74B)
Class com.google.common.base.CharMatcher$FastMatcher                                  : loaded 2 times (x 113B)
Class com.google.common.base.Ticker                                                   : loaded 2 times (x 74B)
Class [Lorg.jetbrains.kotlin.metadata.jvm.JvmProtoBuf$StringTableTypes$Record$Operation;: loaded 2 times (x 71B)
Class [Lorg.jetbrains.kotlin.load.kotlin.header.KotlinClassHeader$Kind;               : loaded 2 times (x 71B)
Class kotlin.NotImplementedError                                                      : loaded 2 times (x 84B)
Class kotlin.concurrent.ThreadsKt$thread$thread$1                                     : loaded 2 times (x 114B)
Class kotlin.reflect.jvm.internal.KPropertyImpl$Getter                                : loaded 2 times (x 127B)
Class kotlin.reflect.jvm.internal.impl.load.java.JavaDescriptorVisibilities           : loaded 2 times (x 73B)
Class kotlin.jvm.internal.markers.KMutableIterator                                    : loaded 2 times (x 72B)
Class kotlin.reflect.jvm.internal.impl.types.KotlinTypeKt                             : loaded 2 times (x 73B)
Class kotlin.reflect.jvm.internal.impl.load.java.lazy.descriptors.LazyJavaPackageScope$KotlinClassLookupResult$SyntheticClass: loaded 2 times (x 73B)
Class kotlin.reflect.jvm.internal.impl.descriptors.VariableDescriptorWithAccessors    : loaded 2 times (x 72B)
Class kotlin.reflect.jvm.internal.impl.resolve.constants.ULongValue                   : loaded 2 times (x 76B)
Class kotlin.reflect.jvm.internal.impl.resolve.constants.UByteValue                   : loaded 2 times (x 76B)
Class kotlin.reflect.jvm.internal.impl.load.kotlin.BinaryClassAnnotationAndConstantLoaderImpl: loaded 2 times (x 101B)
Class kotlin.jvm.functions.Function2                                                  : loaded 2 times (x 72B)
Class com.google.common.collect.ImmutableSortedSet$Builder                            : loaded 2 times (x 87B)
Class org.jetbrains.kotlin.gradle.tasks.KotlinCompile$javaSources$1                   : loaded 2 times (x 77B)
Class org.jetbrains.kotlin.gradle.plugin.KotlinTarget$DefaultImpls                    : loaded 2 times (x 73B)
Class org.jetbrains.kotlin.gradle.plugin.mpp.compilationImpl.KotlinCreateCompilationArchiveTaskKt: loaded 2 times (x 73B)
Class org.jetbrains.kotlin.tooling.core.MutableExtrasImpl                             : loaded 2 times (x 167B)
Class org.jetbrains.kotlin.gradle.plugin.diagnostics.KotlinToolingDiagnosticsCollector: loaded 2 times (x 78B)
Class org.jetbrains.kotlin.gradle.plugin.statistics.KotlinBuildStatsMXBean            : loaded 2 times (x 72B)
Class org.jetbrains.kotlin.gradle.utils.FileUtilsKt                                   : loaded 2 times (x 73B)
Class [Lcom.google.common.cache.LocalCache$Segment;                                   : loaded 2 times (x 71B)
Class com.google.common.base.Predicate                                                : loaded 2 times (x 72B)
Class [Lcom.google.common.cache.LocalCache$Strength;                                  : loaded 2 times (x 71B)
Class com.google.common.cache.CacheBuilder$1                                          : loaded 2 times (x 87B)
Class com.google.common.collect.ImmutableMap                                          : loaded 2 times (x 122B)
Class org.gradle.internal.classpath.DefaultClassPath$ImmutableUniqueList$Builder      : loaded 2 times (x 77B)
Class org.jetbrains.kotlin.protobuf.Internal$EnumLite                                 : loaded 2 times (x 72B)
Class org.jetbrains.kotlin.daemon.client.CompositeErrorReportingOutputListener        : loaded 2 times (x 78B)
Class org.jetbrains.kotlin.daemon.common.LoopbackNetworkInterface                     : loaded 2 times (x 73B)
Class kotlin.io.FileTreeWalk$WalkState                                                : loaded 2 times (x 75B)
Class kotlin.reflect.jvm.internal.JvmFunctionSignature$KotlinConstructor              : loaded 2 times (x 75B)
Class kotlin.reflect.jvm.internal.impl.metadata.jvm.JvmProtoBuf$JvmPropertySignatureOrBuilder: loaded 2 times (x 72B)
Class kotlin.reflect.jvm.internal.impl.descriptors.ValueDescriptor                    : loaded 2 times (x 72B)
Class kotlin.reflect.jvm.internal.impl.renderer.DescriptorRendererOptionsImpl$property$$inlined$vetoable$1: loaded 2 times (x 85B)
Class kotlin.jvm.functions.Function3                                                  : loaded 2 times (x 72B)
Class kotlin.collections.MapsKt___MapsJvmKt                                           : loaded 2 times (x 73B)
Class kotlin.reflect.jvm.internal.KDeclarationContainerImpl$Data                      : loaded 2 times (x 74B)
Class kotlinx.coroutines.CoroutineStart                                               : loaded 2 times (x 81B)
Class com.google.common.collect.MapMakerInternalMap$WeakValueReference                : loaded 2 times (x 72B)
Class org.jetbrains.kotlin.gradle.plugin.PropertiesProvider$propertyWithValueReporting$1: loaded 2 times (x 77B)
Class org.jetbrains.kotlin.gradle.plugin.mpp.KotlinCompilationFactory$DefaultImpls    : loaded 2 times (x 73B)
Class com.google.common.collect.AbstractRangeSet                                      : loaded 2 times (x 116B)
Class org.jetbrains.kotlin.gradle.plugin.diagnostics.checkers.InternalGradlePropertiesUsageChecker: loaded 2 times (x 76B)
Class org.jetbrains.kotlin.gradle.plugin.mpp.compilationImpl.CreateCInteropTasksSideEffectKt: loaded 2 times (x 73B)
Class org.jetbrains.kotlin.gradle.testing.internal.KotlinTestsRegistry$Companion      : loaded 2 times (x 73B)
Class org.jetbrains.kotlin.gradle.dsl.KotlinCommonCompilerToolOptions                 : loaded 2 times (x 72B)
Class org.jetbrains.kotlin.gradle.internal.properties.PropertiesBuildService$Companion$registerIfAbsent$1: loaded 2 times (x 77B)
Class org.jetbrains.kotlin.gradle.plugin.internal.DefaultConfigurationCacheStartParameterAccessorVariantFactory: loaded 2 times (x 78B)
Class com.google.common.base.CharMatcher$NegatedFastMatcher                           : loaded 2 times (x 115B)
Class com.google.common.cache.LocalCache                                              : loaded 2 times (x 188B)
Class com.google.common.cache.CacheBuilder$2                                          : loaded 2 times (x 81B)
Class org.jetbrains.kotlin.protobuf.RopeByteString                                    : loaded 2 times (x 112B)
Class org.jetbrains.kotlin.metadata.jvm.deserialization.JvmNameResolverBase           : loaded 2 times (x 82B)
Class org.jetbrains.org.objectweb.asm.tree.IincInsnNode                               : loaded 2 times (x 80B)
Class org.jetbrains.org.objectweb.asm.tree.MultiANewArrayInsnNode                     : loaded 2 times (x 80B)
Class org.jetbrains.kotlin.daemon.client.DaemonGcAutoConfigurationProblemsListener    : loaded 2 times (x 78B)
Class [Lkotlin.reflect.KMutableProperty1;                                             : loaded 2 times (x 71B)
Class org.jetbrains.kotlin.config.LanguageVersion                                     : loaded 2 times (x 92B)
Class kotlin.reflect.jvm.internal.impl.descriptors.runtime.structure.ReflectJavaClassifierType: loaded 2 times (x 94B)
Class kotlin.reflect.jvm.internal.impl.serialization.deserialization.descriptors.DeserializedClassDescriptor: loaded 2 times (x 178B)
Class kotlin.reflect.jvm.internal.impl.load.kotlin.KotlinJvmBinaryClass$AnnotationArrayArgumentVisitor: loaded 2 times (x 72B)
Class kotlin.annotation.Target                                                        : loaded 2 times (x 72B)
Class kotlin.reflect.jvm.internal.impl.load.java.structure.JavaAnnotationOwner        : loaded 2 times (x 72B)
Class [Lkotlin.reflect.jvm.internal.impl.protobuf.WireFormat$JavaType;                : loaded 2 times (x 71B)
Class kotlin.reflect.jvm.internal.impl.types.model.TypeArgumentMarker                 : loaded 2 times (x 72B)
Class kotlin.reflect.jvm.internal.impl.renderer.RenderingFormat$HTML                  : loaded 2 times (x 82B)
Class kotlin.reflect.jvm.internal.impl.descriptors.DeclarationDescriptorWithVisibility: loaded 2 times (x 72B)
Class kotlin.collections.EmptySet                                                     : loaded 2 times (x 124B)
Class kotlin.reflect.jvm.internal.impl.storage.EmptySimpleLock                        : loaded 2 times (x 77B)
Class kotlin.reflect.jvm.internal.impl.builtins.PrimitiveType$Companion               : loaded 2 times (x 73B)
Class kotlin.jvm.functions.Function4                                                  : loaded 2 times (x 72B)
Class kotlin.reflect.jvm.internal.KClassImpl$Data                                     : loaded 2 times (x 74B)
Class kotlin.text.StringsKt__StringsKt                                                : loaded 2 times (x 73B)
Class kotlin.collections.CollectionsKt___CollectionsKt                                : loaded 2 times (x 73B)
Class Build_gradle$inlined$sam$i$org_gradle_api_Action$0                              : loaded 2 times (x 77B)
Class kotlinx.coroutines.EventLoopImplBase                                            : loaded 2 times (x 119B)
Class kotlinx.coroutines.CoroutineId                                                  : loaded 2 times (x 95B)
Class org.jetbrains.kotlin.build.report.metrics.BuildPerformanceMetrics$Companion     : loaded 2 times (x 73B)
Class org.jetbrains.kotlin.gradle.plugin.mpp.compilationImpl.DefaultKotlinCompilationSourceSetsContainer$source$1: loaded 2 times (x 81B)
Class org.jetbrains.kotlin.gradle.internal.KotlinTestDependencyManagementKt           : loaded 2 times (x 73B)
Class [Lorg.jetbrains.kotlin.gradle.plugin.sources.ConsistencyCheck;                  : loaded 2 times (x 71B)
Class org.jetbrains.kotlin.konan.target.KonanTarget$ANDROID_X64                       : loaded 2 times (x 80B)
Class org.jetbrains.kotlin.gradle.plugin.statistics.FlowActionBuildFusService$Companion: loaded 2 times (x 73B)
Class org.jetbrains.kotlin.gradle.report.ReportingSettings                            : loaded 2 times (x 74B)
Class org.jetbrains.kotlin.statistics.metrics.StringAnonymizationPolicy$ComponentVersionAnonymizer: loaded 2 times (x 80B)
Class org.jetbrains.kotlin.gradle.plugin.KotlinBasePluginWrapper                      : loaded 2 times (x 88B)
Class com.google.common.collect.ArrayListMultimap                                     : loaded 2 times (x 173B)
Class com.google.common.cache.CacheBuilder$3                                          : loaded 2 times (x 74B)
Class [Lcom.google.common.collect.AbstractMapEntry;                                   : loaded 2 times (x 71B)
Class com.google.common.collect.ImmutableEntry                                        : loaded 2 times (x 84B)
Class org.gradle.api.GradleException                                                  : loaded 2 times (x 84B)
Class kotlin.reflect.jvm.internal.impl.metadata.ProtoBuf$Property$1                   : loaded 2 times (x 89B)
Class org.jetbrains.org.objectweb.asm.SymbolTable$Entry                               : loaded 2 times (x 75B)
Class org.jetbrains.org.objectweb.asm.tree.LocalVariableAnnotationNode                : loaded 2 times (x 84B)
Class org.jetbrains.kotlin.metadata.deserialization.BinaryVersion                     : loaded 2 times (x 75B)
Class org.jetbrains.kotlin.daemon.common.StringPropMapper$3                           : loaded 2 times (x 131B)
Class kotlin.reflect.jvm.internal.impl.types.TypeConstructorSubstitution$Companion    : loaded 2 times (x 73B)
Class kotlin.reflect.jvm.internal.impl.metadata.ProtoBuf$Annotation$Builder           : loaded 2 times (x 93B)
Class kotlin.reflect.jvm.internal.impl.metadata.ProtoBuf$PackageFragmentOrBuilder     : loaded 2 times (x 72B)
Class kotlin.reflect.jvm.internal.impl.load.java.structure.JavaNamedElement           : loaded 2 times (x 72B)
Class kotlin.reflect.jvm.internal.impl.descriptors.ScopesHolderForClass$Companion     : loaded 2 times (x 73B)
Class kotlin.annotation.Retention                                                     : loaded 2 times (x 72B)
Class [Lkotlin.reflect.jvm.internal.impl.metadata.ProtoBuf$TypeParameter$Variance;    : loaded 2 times (x 71B)
Class kotlin.reflect.jvm.internal.impl.types.checker.KotlinTypeRefiner                : loaded 2 times (x 81B)
Class kotlin.reflect.jvm.internal.impl.descriptors.DeclarationDescriptorWithSource    : loaded 2 times (x 72B)
Class kotlin.text.StringsKt___StringsJvmKt                                            : loaded 2 times (x 73B)
Class kotlin.jvm.functions.Function5                                                  : loaded 2 times (x 72B)
Class kotlin.reflect.KDeclarationContainer                                            : loaded 2 times (x 72B)
Class com.google.common.io.CharSource$EmptyCharSource                                 : loaded 2 times (x 88B)
Class org.apache.commons.io.StandardLineSeparator                                     : loaded 2 times (x 81B)
Class com.google.common.base.Suppliers$MemoizingSupplier                              : loaded 2 times (x 81B)
Class org.jetbrains.kotlin.gradle.plugin.statistics.NonSynchronizedMetricsContainer$MetricDescriptor: loaded 2 times (x 77B)
Class org.jetbrains.kotlin.gradle.plugin.diagnostics.KotlinToolingDiagnostics$JsEnvironmentNotChosenExplicitly: loaded 2 times (x 75B)
Class org.jetbrains.kotlin.gradle.plugin.ProjectLocalConfigurations$ProjectLocalCompatibility: loaded 2 times (x 78B)
Class org.jetbrains.kotlin.gradle.dsl.JvmDefaultMode                                  : loaded 2 times (x 81B)
Class org.jetbrains.kotlin.gradle.dsl.KotlinJvmCompilerOptions                        : loaded 2 times (x 72B)
Class org.jetbrains.kotlin.gradle.plugin.internal.DefaultMavenPublicationComponentAccessor: loaded 2 times (x 77B)
Class org.jetbrains.kotlin.gradle.plugin.statistics.BuildFinishBuildService           : loaded 2 times (x 86B)
Class org.jetbrains.kotlin.gradle.plugin.internal.DefaultProjectIsolationStartParameterAccessor$Factory: loaded 2 times (x 78B)
Class com.google.common.collect.CollectPreconditions                                  : loaded 2 times (x 73B)
Class org.jetbrains.kotlin.metadata.ProtoBuf$Type$Argument$Projection                 : loaded 2 times (x 84B)
Class org.jetbrains.org.objectweb.asm.tree.InvokeDynamicInsnNode                      : loaded 2 times (x 80B)
Class org.jetbrains.kotlin.daemon.common.ReportSeverity$Companion                     : loaded 2 times (x 73B)
Class org.jetbrains.kotlin.daemon.common.LoopbackNetworkInterface$AbstractClientLoopbackSocketFactory: loaded 2 times (x 74B)
Class org.jetbrains.kotlin.daemon.common.DaemonWithMetadata                           : loaded 2 times (x 74B)
Class kotlin.io.FilesKt                                                               : loaded 2 times (x 73B)
Class org.jetbrains.kotlin.daemon.common.InitialClientInformation                     : loaded 2 times (x 77B)
Class kotlin.reflect.jvm.internal.impl.descriptors.impl.PropertyDescriptorImpl$CopyConfiguration: loaded 2 times (x 84B)
Class kotlin.reflect.jvm.internal.impl.types.TypeSubstitutor$SubstitutionException    : loaded 2 times (x 84B)
Class [Lkotlin.reflect.jvm.internal.impl.load.java.typeEnhancement.NullabilityQualifier;: loaded 2 times (x 71B)
Class kotlin.reflect.jvm.internal.impl.descriptors.runtime.structure.ReflectJavaAnnotationOwnerKt: loaded 2 times (x 73B)
Class kotlin.reflect.jvm.internal.impl.metadata.ProtoBuf$StringTableOrBuilder         : loaded 2 times (x 72B)
Class kotlin.reflect.jvm.internal.impl.load.java.lazy.descriptors.LazyJavaClassDescriptor: loaded 2 times (x 179B)
Class kotlin.reflect.jvm.internal.impl.serialization.deserialization.DeserializationContext: loaded 2 times (x 74B)
Class kotlin.reflect.jvm.internal.impl.metadata.ProtoBuf$Type$Argument                : loaded 2 times (x 98B)
Class kotlin.reflect.jvm.internal.impl.load.java.lazy.LazyJavaAnnotationsKt           : loaded 2 times (x 73B)
Class kotlin.reflect.jvm.internal.impl.resolve.ResolutionAnchorProviderKt             : loaded 2 times (x 73B)
Class kotlin.reflect.jvm.internal.impl.protobuf.ByteString$Output                     : loaded 2 times (x 88B)
Class kotlin.reflect.jvm.internal.impl.descriptors.Visibilities$Private               : loaded 2 times (x 77B)
Class kotlin.reflect.jvm.internal.impl.renderer.ClassifierNamePolicy                  : loaded 2 times (x 72B)
Class kotlin.reflect.jvm.internal.impl.load.java.JavaNullabilityAnnotationsStatus$Companion: loaded 2 times (x 73B)
Class kotlin.reflect.jvm.internal.impl.types.model.TypeArgumentListMarker             : loaded 2 times (x 72B)
Class kotlin.reflect.jvm.internal.impl.storage.NullableLazyValue                      : loaded 2 times (x 72B)
Class kotlin.jvm.functions.Function6                                                  : loaded 2 times (x 72B)
Class kotlin.collections.MapsKt___MapsKt                                              : loaded 2 times (x 73B)
Class kotlin.collections.ArraysKt___ArraysKt                                          : loaded 2 times (x 73B)
Class kotlin.reflect.jvm.internal.KTypeParameterOwnerImpl                             : loaded 2 times (x 72B)
Class kotlinx.coroutines.Unconfined                                                   : loaded 2 times (x 102B)
Class kotlinx.coroutines.GlobalScope                                                  : loaded 2 times (x 76B)
Class org.jetbrains.kotlin.gradle.tasks.CompilerPluginOptionsKt                       : loaded 2 times (x 73B)
Class [Lcom.google.common.collect.MapMakerInternalMap$Strength;                       : loaded 2 times (x 71B)
Class [Lcom.google.common.io.FileWriteMode;                                           : loaded 2 times (x 71B)
Class org.jetbrains.kotlin.buildtools.api.SourcesChanges                              : loaded 2 times (x 72B)
Class org.jetbrains.kotlin.gradle.plugin.KotlinPluginLifecycleImpl$launch$1           : loaded 2 times (x 81B)
Class org.jetbrains.kotlin.gradle.plugin.diagnostics.checkers.GradleDeprecatedPropertyChecker$DeprecatedProperty: loaded 2 times (x 74B)
Class org.jetbrains.kotlin.gradle.utils.Completable                                   : loaded 2 times (x 74B)
Class org.jetbrains.kotlin.konan.target.HostManager$Companion$targetAliases$2         : loaded 2 times (x 80B)
Class org.jetbrains.kotlin.gradle.plugin.DefaultKotlinBasePlugin$addKotlinCompilerConfiguration$2$1: loaded 2 times (x 77B)
Class org.jetbrains.kotlin.gradle.plugin.statistics.KotlinBuildStatsServicesRegistry$Companion: loaded 2 times (x 73B)
Class org.jetbrains.kotlin.gradle.plugin.internal.DefaultCompatibilityConventionRegistrar$Factory: loaded 2 times (x 78B)
Class com.google.common.collect.SortedMapDifference                                   : loaded 2 times (x 72B)
Class org.jetbrains.kotlin.metadata.jvm.JvmProtoBuf$JvmPropertySignature$Builder      : loaded 2 times (x 142B)
Class [Lorg.jetbrains.org.objectweb.asm.Symbol;                                       : loaded 2 times (x 71B)
Class kotlin.reflect.jvm.internal.FunctionWithAllInvokes                              : loaded 2 times (x 72B)
Class kotlin.reflect.jvm.internal.impl.load.java.lazy.descriptors.ClassDeclaredMemberIndex: loaded 2 times (x 88B)
Class kotlin.reflect.jvm.internal.impl.resolve.jvm.JavaDescriptorResolver             : loaded 2 times (x 74B)
Class kotlin.reflect.jvm.internal.impl.metadata.ProtoBuf$TypeTableOrBuilder           : loaded 2 times (x 72B)
Class kotlin.reflect.jvm.internal.impl.descriptors.DescriptorVisibilities$10          : loaded 2 times (x 76B)
Class kotlin.jvm.functions.Function7                                                  : loaded 2 times (x 72B)
Class kotlin.collections.MapsKt__MapWithDefaultKt                                     : loaded 2 times (x 73B)
Class kotlin.reflect.jvm.internal.impl.name.Name                                      : loaded 2 times (x 77B)
Class kotlin.reflect.jvm.internal.KPropertyImpl$Companion                             : loaded 2 times (x 73B)
Class kotlin.reflect.jvm.internal.impl.protobuf.FieldSet$1                            : loaded 2 times (x 73B)
Class com.google.common.collect.Iterables$4                                           : loaded 2 times (x 83B)
Class kotlinx.coroutines.AbstractCoroutine                                            : loaded 2 times (x 145B)
Class org.jetbrains.kotlin.tooling.core.KotlinToolingVersion$Maturity                 : loaded 2 times (x 81B)
Class com.google.common.collect.MapMakerInternalMap$StrongKeyDummyValueSegment        : loaded 2 times (x 143B)
Class com.google.common.io.Files                                                      : loaded 2 times (x 73B)
Class com.google.common.cache.LocalCache$WriteThroughEntry                            : loaded 2 times (x 81B)
Class com.google.common.cache.LocalCache$HashIterator                                 : loaded 2 times (x 88B)
Class org.jetbrains.kotlin.gradle.tasks.DefaultKotlinJavaToolchain$DefaultJdkSetter   : loaded 2 times (x 78B)
Class org.jetbrains.kotlin.gradle.plugin.diagnostics.checkers.IncorrectCompileOnlyDependenciesChecker$runChecks$1: loaded 2 times (x 89B)
Class org.jetbrains.kotlin.gradle.plugin.mpp.KotlinOnlyTarget                         : loaded 2 times (x 155B)
Class org.jetbrains.kotlin.gradle.targets.js.npm.BaseNpmDependencyExtension           : loaded 2 times (x 72B)
Class org.jetbrains.kotlin.gradle.dsl.KotlinVersion$Companion                         : loaded 2 times (x 73B)
Class org.jetbrains.kotlin.gradle.InternalKotlinGradlePluginApi                       : loaded 2 times (x 72B)
Class org.jetbrains.kotlin.gradle.targets.ConfigureNonPackedKlibConsumingSideEffectKt$ConfigureNonPackedKlibConsumingSideEffect$1: loaded 2 times (x 76B)
Class org.jetbrains.kotlin.gradle.dsl.DefaultToolchainSupport                         : loaded 2 times (x 78B)
Class org.jetbrains.kotlin.gradle.plugin.diagnostics.DiagnosticGroup$Base             : loaded 2 times (x 83B)
Class org.jetbrains.kotlin.gradle.plugin.internal.CustomPropertiesFileValueSource     : loaded 2 times (x 84B)
Class com.google.common.cache.LocalCache$EntryFactory                                 : loaded 2 times (x 85B)
Class org.jetbrains.kotlin.metadata.ProtoBuf$VersionRequirementTable$1                : loaded 2 times (x 146B)
Class org.jetbrains.kotlin.metadata.ProtoBuf$Contract                                 : loaded 2 times (x 109B)
Class [Lkotlin.reflect.jvm.internal.impl.load.java.SpecialGenericSignatures$TypeSafeBarrierDescription;: loaded 2 times (x 71B)
Class kotlin.collections.builders.MapBuilder$Companion                                : loaded 2 times (x 73B)
Class kotlin.reflect.jvm.internal.impl.types.TypeSubstitution$replaceWithNonApproximating$1: loaded 2 times (x 80B)
Class kotlin.reflect.jvm.internal.impl.descriptors.DescriptorVisibilities$11          : loaded 2 times (x 76B)
Class kotlin.reflect.jvm.internal.impl.storage.LockBasedStorageManager$CacheWithNullableValuesBasedOnMemoizedFunction$1: loaded 2 times (x 78B)
Class kotlin.reflect.jvm.internal.impl.load.java.AnnotationTypeQualifierResolver      : loaded 2 times (x 74B)
Class kotlin.reflect.jvm.internal.impl.descriptors.DeclarationDescriptor              : loaded 2 times (x 72B)
Class kotlin.reflect.jvm.internal.impl.storage.LockBasedStorageManager                : loaded 2 times (x 97B)
Class kotlin.text.StringsKt___StringsKt                                               : loaded 2 times (x 73B)
Class kotlin.jvm.functions.Function8                                                  : loaded 2 times (x 72B)
Class kotlin.reflect.jvm.internal.impl.name.FqNameUnsafe                              : loaded 2 times (x 74B)
Class kotlin.enums.EnumEntriesKt                                                      : loaded 2 times (x 73B)
Class kotlin.reflect.jvm.internal.impl.serialization.deserialization.descriptors.DeserializedClassDescriptor$DeserializedClassMemberScope: loaded 2 times (x 104B)
Class kotlin.collections.CollectionsKt__MutableCollectionsJVMKt                       : loaded 2 times (x 73B)
Class com.google.common.reflect.Types$NativeTypeVariableEquals                        : loaded 2 times (x 73B)
Class com.google.common.reflect.TypeParameter                                         : loaded 2 times (x 74B)
Class org.jetbrains.kotlin.gradle.tasks.TasksUtilsKt$WhenMappings                     : loaded 2 times (x 73B)
Class com.google.common.collect.NullsLastOrdering                                     : loaded 2 times (x 117B)
Class [Lcom.google.common.collect.MapMaker$Dummy;                                     : loaded 2 times (x 71B)
Class org.jetbrains.kotlin.gradle.tasks.TaskOutputsBackup                             : loaded 2 times (x 74B)
Class org.jetbrains.kotlin.gradle.plugin.cocoapods.KotlinCocoapodsPlugin              : loaded 2 times (x 78B)
Class org.jetbrains.kotlin.gradle.internal.CompilerOptionsDslHelpersKt                : loaded 2 times (x 73B)
Class org.jetbrains.kotlin.gradle.tasks.configuration.AbstractKotlinCompileConfigKt   : loaded 2 times (x 73B)
Class org.jetbrains.kotlin.gradle.internal.StdlibDependencyManagementKt$configureStdlibVersionAlignment$1$1: loaded 2 times (x 77B)
Class org.jetbrains.kotlin.gradle.dsl.KotlinProjectExtension$awaitSourceSets$1        : loaded 2 times (x 89B)
Class org.jetbrains.kotlin.gradle.plugin.KotlinPluginLifecycle$CoroutineStart         : loaded 2 times (x 81B)
Class org.jetbrains.kotlin.gradle.tasks.TasksProviderKt$sam$org_gradle_api_Action$0   : loaded 2 times (x 77B)
Class org.jetbrains.kotlin.gradle.tooling.BuildKotlinToolingMetadataTask$FromKotlinExtension: loaded 2 times (x 316B)
Class org.jetbrains.kotlin.gradle.utils.FailuresKt                                    : loaded 2 times (x 73B)
Class org.jetbrains.kotlin.gradle.targets.native.internal.CInteropConfigurationsKt$special$$inlined$KotlinTargetSideEffect$1: loaded 2 times (x 76B)
Class org.jetbrains.kotlin.konan.target.Family                                        : loaded 2 times (x 81B)
Class org.jetbrains.kotlin.gradle.plugin.diagnostics.DiagnosticGroup                  : loaded 2 times (x 72B)
Class org.jetbrains.kotlin.gradle.internal.properties.NativePropertiesLoader$konanDataDirProperty$1: loaded 2 times (x 77B)
Class org.jetbrains.kotlin.gradle.plugin.KotlinGradleBuildServices$Companion$registerIfAbsent$2$1: loaded 2 times (x 81B)
Class org.jetbrains.kotlin.gradle.plugin.statistics.BuildFusService$Parameters_Decorated: loaded 2 times (x 141B)
Class org.jetbrains.kotlin.gradle.internal.properties.PropertiesBuildService$Params$Inject: loaded 2 times (x 108B)
Class org.jetbrains.kotlin.tooling.core.HasMutableExtras                              : loaded 2 times (x 72B)
Class com.google.common.cache.LocalCache$AbstractReferenceEntry                       : loaded 2 times (x 109B)
Class org.gradle.internal.IoActions                                                   : loaded 2 times (x 73B)
Class org.jetbrains.kotlin.metadata.jvm.deserialization.JvmNameResolverBase$WhenMappings: loaded 2 times (x 73B)
Class org.jetbrains.kotlin.protobuf.WireFormat                                        : loaded 2 times (x 73B)
Class org.jetbrains.kotlin.metadata.jvm.deserialization.BitEncoding                   : loaded 2 times (x 73B)
Class org.jetbrains.org.objectweb.asm.Attribute                                       : loaded 2 times (x 77B)
Class org.jetbrains.org.objectweb.asm.Label                                           : loaded 2 times (x 74B)
Class org.jetbrains.kotlin.build.report.metrics.LOAD_CONTENTS_OF_CLASSES              : loaded 2 times (x 74B)
Class kotlin.reflect.jvm.internal.impl.descriptors.java.JavaVisibilities$PackageVisibility: loaded 2 times (x 77B)
Class kotlin.reflect.jvm.internal.impl.metadata.builtins.BuiltInsBinaryVersion$Companion: loaded 2 times (x 73B)
Class kotlin.reflect.jvm.internal.impl.load.java.lazy.descriptors.LazyJavaPackageScope$FindClassRequest: loaded 2 times (x 74B)
Class kotlin.reflect.jvm.internal.impl.resolve.scopes.LazyScopeAdapter                : loaded 2 times (x 96B)
Class kotlin.reflect.jvm.internal.impl.descriptors.DescriptorVisibilities$12          : loaded 2 times (x 76B)
Class kotlin.reflect.jvm.internal.impl.renderer.DescriptorRendererModifier$Companion  : loaded 2 times (x 73B)
Class kotlin.reflect.jvm.internal.impl.descriptors.SourceElement$1                    : loaded 2 times (x 76B)
Class kotlin.reflect.jvm.internal.impl.load.kotlin.DeserializationComponentsForJavaKt$makeLazyJavaPackageFragmentProvider$javaResolverComponents$1: loaded 2 times (x 76B)
Class kotlin.reflect.jvm.internal.impl.descriptors.annotations.Annotations$Companion  : loaded 2 times (x 73B)
Class kotlin.jvm.functions.Function10                                                 : loaded 2 times (x 72B)
Class kotlin.jvm.functions.Function9                                                  : loaded 2 times (x 72B)
Class [Lkotlin.LazyThreadSafetyMode;                                                  : loaded 2 times (x 71B)
Class [Lkotlin.reflect.KClassifier;                                                   : loaded 2 times (x 71B)
Class kotlin.reflect.jvm.internal.EmptyContainerForLocal                              : loaded 2 times (x 86B)
Class com.google.common.collect.ImmutableMapKeySet                                    : loaded 2 times (x 154B)
Class org.jetbrains.kotlin.gradle.internal.Kapt3KotlinGradleSubpluginKt               : loaded 2 times (x 73B)
Class org.jetbrains.kotlin.gradle.dsl.KotlinJvmCompile                                : loaded 2 times (x 72B)
Class com.google.common.collect.ImmutableRangeSet$ComplementRanges                    : loaded 2 times (x 209B)
Class org.jetbrains.kotlin.konan.target.KonanTarget$LINUX_ARM32_HFP                   : loaded 2 times (x 80B)
Class org.jetbrains.kotlin.gradle.internal.Kapt3GradleSubplugin                       : loaded 2 times (x 84B)
Class org.jetbrains.kotlin.gradle.plugin.diagnostics.checkers.CInteropInputChecker    : loaded 2 times (x 76B)
Class org.jetbrains.kotlin.gradle.targets.native.internal.CInteropConfigurationsKt$special$$inlined$KotlinTargetSideEffect$2: loaded 2 times (x 76B)
Class org.jetbrains.kotlin.gradle.plugin.statistics.FinalizeConfigurationFusMetricActionKt$FinalizeConfigurationFusMetricAction$1: loaded 2 times (x 97B)
Class org.jetbrains.kotlin.gradle.internal.KotlinDependenciesManagementKt$CustomizeKotlinDependenciesSetupAction$1: loaded 2 times (x 76B)
Class org.jetbrains.kotlin.gradle.plugin.KotlinGradlePluginExtensionPointInternal$registeredExtensions$2: loaded 2 times (x 80B)
Class org.jetbrains.kotlin.statistics.metrics.BooleanOverridePolicy$OR                : loaded 2 times (x 87B)
Class org.jetbrains.kotlin.gradle.plugin.UsesVariantImplementationFactories           : loaded 2 times (x 72B)
Class org.objectweb.asm.SymbolTable                                                   : loaded 2 times (x 74B)
Class com.google.common.cache.CacheLoader$InvalidCacheLoadException                   : loaded 2 times (x 84B)
Class com.google.common.collect.ImmutableSet$RegularSetBuilderImpl                    : loaded 2 times (x 78B)
Class org.gradle.internal.classloader.SystemClassLoaderSpec                           : loaded 2 times (x 73B)
Class org.jetbrains.org.objectweb.asm.Frame                                           : loaded 2 times (x 75B)
Class org.jetbrains.kotlin.build.report.metrics.SNAPSHOT_KOTLIN_CLASSES               : loaded 2 times (x 74B)
Class org.jetbrains.kotlin.build.report.metrics.SNAPSHOT_CLASSES                      : loaded 2 times (x 74B)
Class kotlin.reflect.jvm.internal.impl.resolve.scopes.DescriptorKindFilter$Companion  : loaded 2 times (x 73B)
Class org.jetbrains.kotlin.daemon.common.IncrementalCompilationOptions$Companion      : loaded 2 times (x 73B)
Class org.jetbrains.kotlin.daemon.common.FileAgeComparator                            : loaded 2 times (x 91B)
Class kotlin.text.MatcherMatchResult$groups$1                                         : loaded 2 times (x 153B)
Class org.jetbrains.kotlin.daemon.common.DaemonJVMOptions$restMapper$1                : loaded 2 times (x 143B)
Class kotlin.reflect.jvm.internal.impl.metadata.ProtoBuf$PackageFragment              : loaded 2 times (x 103B)
Class kotlin.jvm.internal.markers.KMutableCollection                                  : loaded 2 times (x 72B)
Class kotlin.reflect.jvm.internal.impl.types.DisjointKeysUnionTypeSubstitution$Companion: loaded 2 times (x 73B)
Class kotlin.ranges.IntRange$Companion                                                : loaded 2 times (x 73B)
Class kotlin.reflect.jvm.internal.impl.load.java.lazy.descriptors.LazyJavaClassDescriptor$Companion: loaded 2 times (x 73B)
Class kotlin.reflect.jvm.internal.impl.descriptors.impl.ClassConstructorDescriptorImpl: loaded 2 times (x 217B)
Class kotlin.reflect.jvm.internal.impl.resolve.scopes.MemberScopeImpl                 : loaded 2 times (x 94B)
Class kotlin.reflect.jvm.internal.impl.resolve.constants.UShortValue                  : loaded 2 times (x 76B)
Class kotlin.reflect.jvm.internal.impl.types.checker.KotlinTypeRefiner$Default        : loaded 2 times (x 81B)
Class kotlin.collections.EmptyMap                                                     : loaded 2 times (x 110B)
Class kotlin.jvm.functions.Function11                                                 : loaded 2 times (x 72B)
Class kotlin.reflect.KAnnotatedElement                                                : loaded 2 times (x 72B)
Class kotlin.jvm.internal.Intrinsics                                                  : loaded 2 times (x 73B)
Class com.google.common.collect.FluentIterable                                        : loaded 2 times (x 83B)
Class kotlinx.coroutines.internal.LockFreeLinkedListNode                              : loaded 2 times (x 76B)
Class org.jetbrains.kotlin.gradle.utils.CompilerArgsUtilsKt                           : loaded 2 times (x 73B)
Class org.jetbrains.kotlin.gradle.tasks.CacheableTasksKt$cacheOnlyIfEnabledForKotlin$1$1: loaded 2 times (x 76B)
Class org.jetbrains.kotlin.gradle.plugin.diagnostics.DefaultProblemsReporter_Decorated: loaded 2 times (x 121B)
Class org.jetbrains.kotlin.gradle.tasks.configuration.BaseKotlinCompileConfig$1$1     : loaded 2 times (x 77B)
Class org.jetbrains.kotlin.gradle.plugin.mpp.compilationImpl.factory.KotlinCompilationImplFactory$PostConfigure: loaded 2 times (x 72B)
Class org.jetbrains.kotlin.gradle.tasks.abi.KotlinLegacyAbiDumpTask                   : loaded 2 times (x 72B)
Class org.jetbrains.kotlin.gradle.utils.KotlinExtensionUtilsKt                        : loaded 2 times (x 73B)
Class [Lorg.jetbrains.kotlin.konan.util.Named;                                        : loaded 2 times (x 71B)
Class org.jetbrains.kotlin.gradle.plugin.diagnostics.checkers.NoKotlinTargetsDeclaredChecker$runChecks$1: loaded 2 times (x 89B)
Class org.jetbrains.kotlin.gradle.plugin.mpp.AbstractKotlinTarget$kotlinComponents$2  : loaded 2 times (x 81B)
Class org.jetbrains.kotlin.gradle.plugin.KotlinPlatformType$CompatibilityRule         : loaded 2 times (x 78B)
Class org.jetbrains.kotlin.gradle.internal.properties.NativePropertiesLoader$actualNativeHomeDirectory$1: loaded 2 times (x 77B)
Class org.jetbrains.kotlin.gradle.internal.properties.NativePropertiesKt              : loaded 2 times (x 73B)
Class [Lorg.jetbrains.kotlin.statistics.metrics.BooleanOverridePolicy;                : loaded 2 times (x 71B)
Class org.jetbrains.kotlin.gradle.plugin.BuildEventsListenerRegistryHolder            : loaded 2 times (x 74B)
Class org.jetbrains.kotlin.gradle.plugin.internal.CustomPropertiesFileValueSource$Parameters$Inject: loaded 2 times (x 108B)
Class com.google.common.cache.LocalCache$StrongEntry                                  : loaded 2 times (x 110B)
Class com.google.common.util.concurrent.AbstractFuture$TrustedFuture                  : loaded 2 times (x 116B)
Class com.google.common.cache.LoadingCache                                            : loaded 2 times (x 72B)
Class kotlin.sequences.DropTakeSequence                                               : loaded 2 times (x 72B)
Class org.jetbrains.kotlin.metadata.ProtoBuf$Type$Argument                            : loaded 2 times (x 112B)
Class org.jetbrains.kotlin.load.kotlin.FileBasedKotlinClass$InnerClassesInfo          : loaded 2 times (x 76B)
Class kotlin.io.FileTreeWalk$FileTreeWalkIterator$TopDownDirectoryState               : loaded 2 times (x 75B)
Class kotlin.reflect.jvm.internal.impl.types.DescriptorSubstitutor                    : loaded 2 times (x 73B)
Class kotlin.reflect.jvm.internal.impl.types.DefinitelyNotNullType                    : loaded 2 times (x 100B)
Class kotlin.reflect.jvm.internal.impl.load.java.structure.JavaClassifier             : loaded 2 times (x 72B)
Class kotlin.reflect.jvm.internal.impl.load.java.lazy.ContextKt                       : loaded 2 times (x 73B)
Class kotlin.reflect.jvm.internal.impl.metadata.ProtoBuf$Annotation$Argument$Value$1  : loaded 2 times (x 89B)
Class kotlin.reflect.jvm.internal.impl.renderer.DescriptorRendererImpl$RenderDeclarationDescriptorVisitor: loaded 2 times (x 89B)
Class kotlin.jvm.functions.Function12                                                 : loaded 2 times (x 72B)
Class kotlin.collections.MapsKt                                                       : loaded 2 times (x 73B)
Class kotlin.collections.CollectionsKt__IterablesKt                                   : loaded 2 times (x 73B)
Class kotlin.sequences.FlatteningSequence                                             : loaded 2 times (x 77B)
Class com.google.common.io.ByteStreams$LimitedInputStream                             : loaded 2 times (x 94B)
Class com.google.common.base.Suppliers$NonSerializableMemoizingSupplier               : loaded 2 times (x 81B)
Class org.jetbrains.kotlin.statistics.metrics.ConcatMetricContainer                   : loaded 2 times (x 79B)
Class org.jetbrains.kotlin.gradle.tasks.GradleCompileTaskProvider                     : loaded 2 times (x 74B)
Class org.jetbrains.kotlin.gradle.plugin.mpp.KotlinTargetSoftwareComponentImplKt$KotlinTargetSoftwareComponent$1: loaded 2 times (x 97B)
Class org.jetbrains.kotlin.gradle.tasks.configuration.BaseKotlinCompileConfig$registerBuildToolsApiTransformations$1: loaded 2 times (x 81B)
Class org.jetbrains.kotlin.gradle.tasks.configuration.AbstractKotlinCompileConfigKt$sam$org_gradle_api_Action$0: loaded 2 times (x 77B)
Class org.jetbrains.kotlin.gradle.plugin.internal.BuildIdService                      : loaded 2 times (x 78B)
Class org.jetbrains.kotlin.gradle.plugin.mpp.compilationImpl.factory.KotlinCompilationDependencyConfigurationsFactoriesKt: loaded 2 times (x 73B)
Class org.jetbrains.kotlin.gradle.plugin.mpp.compilationImpl.DefaultKotlinCompilationFriendPathsResolver: loaded 2 times (x 77B)
Class org.jetbrains.kotlin.gradle.plugin.diagnostics.checkers.KmpPartiallyResolvedDependenciesCheckerKt: loaded 2 times (x 73B)
Class org.jetbrains.kotlin.gradle.plugin.diagnostics.checkers.WasmSourceSetsNotFoundChecker$runChecks$1: loaded 2 times (x 89B)
Class org.jetbrains.kotlin.konan.target.KonanTarget$IOS_SIMULATOR_ARM64               : loaded 2 times (x 80B)
Class org.jetbrains.kotlin.gradle.targets.jvm.KotlinJvmCompilationWireJavaSourcesSideEffectKt: loaded 2 times (x 73B)
Class org.jetbrains.kotlin.gradle.plugin.mpp.compilationImpl.KotlinCreateCompilationArchiveTaskKt$KotlinCreateCompilationArchivesTask$1: loaded 2 times (x 76B)
Class org.jetbrains.kotlin.gradle.dsl.KotlinVersion                                   : loaded 2 times (x 81B)
Class org.jetbrains.kotlin.gradle.internal.properties.NativePropertiesLoader$actualNativeHomeDirectory$2: loaded 2 times (x 76B)
Class org.jetbrains.kotlin.gradle.utils.StoredPropertyKt                              : loaded 2 times (x 73B)
Class org.objectweb.asm.MethodWriter                                                  : loaded 2 times (x 107B)
Class [Lcom.google.common.cache.Weigher;                                              : loaded 2 times (x 71B)
Class com.google.common.collect.RegularImmutableMap$BucketOverflowException           : loaded 2 times (x 84B)
Class org.jetbrains.kotlin.metadata.ProtoBuf$Modality$1                               : loaded 2 times (x 76B)
Class org.jetbrains.org.objectweb.asm.tree.TypeAnnotationNode                         : loaded 2 times (x 82B)
Class org.jetbrains.kotlin.build.report.metrics.COMPILE_ITERATION                     : loaded 2 times (x 74B)
Class kotlin.text.Charsets                                                            : loaded 2 times (x 73B)
Class org.jetbrains.kotlin.daemon.common.ClientUtilsKt                                : loaded 2 times (x 73B)
Class kotlin.reflect.jvm.internal.impl.load.java.components.DescriptorResolverUtils   : loaded 2 times (x 73B)
Class kotlin.reflect.jvm.ReflectJvmMapping                                            : loaded 2 times (x 73B)
Class kotlin.reflect.jvm.internal.impl.load.java.PropertiesConventionUtilKt           : loaded 2 times (x 73B)
Class kotlin.reflect.jvm.internal.impl.types.TypeProjectionBase                       : loaded 2 times (x 83B)
Class kotlin.reflect.jvm.internal.impl.load.java.typeEnhancement.NullabilityQualifier : loaded 2 times (x 81B)
Class kotlin.ranges.OpenEndRange                                                      : loaded 2 times (x 72B)
Class kotlin.reflect.jvm.internal.impl.metadata.ProtoBuf$Modality                     : loaded 2 times (x 84B)
Class kotlin.reflect.jvm.internal.impl.protobuf.WireFormat                            : loaded 2 times (x 73B)
Class [Lkotlin.reflect.jvm.internal.impl.descriptors.ModuleDescriptor;                : loaded 2 times (x 71B)
Class kotlin.reflect.jvm.internal.impl.metadata.ProtoBuf$TypeParameterOrBuilder       : loaded 2 times (x 72B)
Class kotlin.reflect.jvm.internal.impl.protobuf.ExtensionRegistryLite                 : loaded 2 times (x 75B)
Class kotlin.reflect.jvm.internal.impl.storage.LockBasedStorageManager$LockBasedNotNullLazyValueWithPostCompute: loaded 2 times (x 87B)
Class kotlin.reflect.jvm.internal.impl.resolve.scopes.ResolutionScope                 : loaded 2 times (x 72B)
Class kotlin.reflect.jvm.internal.impl.serialization.deserialization.ClassDataFinder  : loaded 2 times (x 72B)
Class kotlin.reflect.jvm.internal.impl.load.java.lazy.TypeParameterResolver           : loaded 2 times (x 72B)
Class kotlin.jvm.functions.Function13                                                 : loaded 2 times (x 72B)
Class kotlin.KotlinNullPointerException                                               : loaded 2 times (x 84B)
Class jdk.internal.jimage.decompressor.CompressedResourceHeader                       : loaded 2 times (x 73B)
Class org.jetbrains.kotlin.build.report.metrics.BuildMetrics                          : loaded 2 times (x 74B)
Class kotlinx.coroutines.internal.LockFreeTaskQueueCore$Companion                     : loaded 2 times (x 73B)
Class com.google.common.collect.ImmutableMultimap$1                                   : loaded 2 times (x 84B)
Class com.google.common.collect.AbstractMapBasedMultimap$RandomAccessWrappedList      : loaded 2 times (x 207B)
Class org.jetbrains.kotlin.gradle.internal.build.SourcesUtilsKt                       : loaded 2 times (x 73B)
Class org.jetbrains.kotlin.gradle.plugin.sources.KotlinDependencyScope$Companion      : loaded 2 times (x 73B)
Class org.jetbrains.kotlin.gradle.tasks.configuration.BaseKotlinCompileConfig$registerBuildToolsApiTransformations$2: loaded 2 times (x 81B)
Class org.jetbrains.kotlin.gradle.tasks.KotlinJvmCompile                              : loaded 2 times (x 72B)
Class org.jetbrains.kotlin.gradle.plugin.mpp.compilationImpl.KotlinCompilationSourceSetsContainerKt: loaded 2 times (x 73B)
Class org.jetbrains.kotlin.gradle.plugin.KotlinPluginLifecycleKt$launchInStage$1      : loaded 2 times (x 97B)
Class org.jetbrains.kotlin.gradle.targets.NativeForwardImplementationToApiElementsSideEffectKt: loaded 2 times (x 73B)
Class org.jetbrains.kotlin.gradle.tasks.publishing.HelpersKt$addPgpSignatureHelpers$1 : loaded 2 times (x 77B)
Class org.jetbrains.kotlin.gradle.internal.properties.NativePropertiesLoader$actualNativeHomeDirectory$3: loaded 2 times (x 77B)
Class org.jetbrains.kotlin.gradle.report.BuildReportMode                              : loaded 2 times (x 81B)
Class org.jetbrains.kotlin.statistics.metrics.StringAnonymizationPolicy$RegexControlled: loaded 2 times (x 81B)
Class org.jetbrains.kotlin.statistics.ValueAnonymizer                                 : loaded 2 times (x 72B)
Class org.jetbrains.kotlin.gradle.plugin.VariantImplementationFactories$Companion$getProvider$2$1$1: loaded 2 times (x 77B)
Class org.jetbrains.kotlin.gradle.plugin.internal.ProjectIsolationStartParameterAccessor$Factory: loaded 2 times (x 72B)
Class org.jetbrains.kotlin.daemon.client.KotlinCompilerClient$checkDaemonStartedProperly$stdoutThread$1$1: loaded 2 times (x 81B)
Class org.jetbrains.kotlin.daemon.client.DaemonLastOutputLinesListener$Companion      : loaded 2 times (x 73B)
Class [Lorg.jetbrains.kotlin.daemon.client.DaemonProblemReportingOutputListener;      : loaded 2 times (x 71B)
Class org.jetbrains.kotlin.daemon.common.OSKind                                       : loaded 2 times (x 81B)
Class kotlin.reflect.jvm.internal.impl.types.TypeConstructorSubstitution              : loaded 2 times (x 80B)
Class kotlin.reflect.jvm.internal.impl.descriptors.impl.DeclarationDescriptorVisitorEmptyBodies: loaded 2 times (x 103B)
Class kotlin.reflect.jvm.internal.impl.descriptors.runtime.structure.ReflectJavaElement: loaded 2 times (x 73B)
Class kotlin.ranges.RangesKt___RangesKt                                               : loaded 2 times (x 73B)
Class kotlin.reflect.jvm.internal.impl.storage.SimpleLock                             : loaded 2 times (x 72B)
Class kotlin.jvm.functions.Function14                                                 : loaded 2 times (x 72B)
Class kotlin.reflect.full.KClasses                                                    : loaded 2 times (x 73B)
Class com.google.common.reflect.Types$JavaVersion$1                                   : loaded 2 times (x 85B)
Class com.google.common.collect.AbstractIterator$State                                : loaded 2 times (x 81B)
Class com.google.common.collect.ImmutableMultimap$2                                   : loaded 2 times (x 83B)
Class org.jetbrains.kotlin.gradle.tasks.DefaultKotlinJavaToolchain$javaExecutable$1   : loaded 2 times (x 77B)
Class org.jetbrains.kotlin.build.report.metrics.BuildAttribute                        : loaded 2 times (x 81B)
Class org.jetbrains.kotlin.gradle.plugin.mpp.compilationImpl.KotlinCompilationRegisterInSourceSetsConfigurator: loaded 2 times (x 76B)
Class org.jetbrains.kotlin.gradle.plugin.mpp.compilationImpl.factory.DefaultKotlinCompilationTaskNamesContainerFactory: loaded 2 times (x 76B)
Class org.jetbrains.kotlin.gradle.plugin.mpp.compilationImpl.DefaultKotlinCompilationFriendPathsResolver$FriendArtifactResolver$Companion: loaded 2 times (x 73B)
Class com.google.common.collect.RegularImmutableBiMap                                 : loaded 2 times (x 150B)
Class org.jetbrains.kotlin.gradle.targets.native.internal.CommonizerTasksKt           : loaded 2 times (x 73B)
Class [Lorg.jetbrains.kotlin.gradle.targets.js.npm.NpmDependency$Scope;               : loaded 2 times (x 71B)
Class org.jetbrains.kotlin.gradle.plugin.KotlinCompilerPluginSupportPlugin            : loaded 2 times (x 72B)
Class org.jetbrains.kotlin.gradle.plugin.mpp.AbstractKotlinTarget$components$2        : loaded 2 times (x 81B)
Class org.jetbrains.kotlin.gradle.targets.CreateNonPackedKlibVariantsSideEffectKt$CreateNonPackedKlibVariantsSideEffect$1: loaded 2 times (x 76B)
Class org.jetbrains.kotlin.gradle.plugin.mpp.KotlinUsages$setupAttributesMatchingStrategy$1: loaded 2 times (x 76B)
Class org.jetbrains.kotlin.gradle.plugin.KotlinGradleBuildServices$Companion$registerIfAbsent$2$1$1: loaded 2 times (x 77B)
Class org.jetbrains.kotlin.gradle.internal.diagnostics.AgpCompatibilityCheck$runAgpCompatibilityCheckIfAgpIsApplied$1$1: loaded 2 times (x 77B)
Class org.jetbrains.kotlin.gradle.utils.AndroidPluginIdsKt                            : loaded 2 times (x 73B)
Class org.jetbrains.kotlin.gradle.plugin.KotlinBasePlugin                             : loaded 2 times (x 72B)
Class com.google.common.base.CharMatcher$Negated                                      : loaded 2 times (x 115B)
Class com.google.common.base.CharMatcher$Is                                           : loaded 2 times (x 113B)
Class com.google.common.cache.LocalCache$ValueReference                               : loaded 2 times (x 72B)
Class org.jetbrains.kotlin.com.intellij.openapi.diagnostic.Attachment                 : loaded 2 times (x 74B)
Class org.jetbrains.kotlin.descriptors.SourceElement$1                                : loaded 2 times (x 76B)
Class kotlin.text.CharsKt__CharKt                                                     : loaded 2 times (x 73B)
Class kotlin.reflect.jvm.internal.impl.serialization.deserialization.descriptors.DeserializedClassConstructorDescriptor: loaded 2 times (x 230B)
Class kotlin.reflect.jvm.internal.JvmFunctionSignature                                : loaded 2 times (x 74B)
Class kotlin.reflect.jvm.internal.impl.metadata.jvm.deserialization.JvmMemberSignature$Method: loaded 2 times (x 77B)
Class kotlin.reflect.jvm.internal.impl.serialization.deserialization.descriptors.DeserializedMemberDescriptor: loaded 2 times (x 72B)
Class [Lkotlin.reflect.jvm.internal.impl.resolve.scopes.ResolutionScope;              : loaded 2 times (x 71B)
Class kotlin.reflect.jvm.internal.impl.protobuf.WireFormat$JavaType                   : loaded 2 times (x 81B)
Class kotlin.reflect.jvm.internal.impl.types.AbstractTypeConstructor                  : loaded 2 times (x 98B)
Class kotlin.reflect.jvm.internal.impl.renderer.RenderingUtilsKt                      : loaded 2 times (x 73B)
Class kotlin.reflect.jvm.internal.impl.renderer.ParameterNameRenderingPolicy          : loaded 2 times (x 81B)
Class kotlin.reflect.jvm.internal.impl.descriptors.FunctionDescriptor                 : loaded 2 times (x 72B)
Class kotlin.reflect.jvm.internal.impl.descriptors.impl.PackageViewDescriptorFactory$Default: loaded 2 times (x 76B)
Class kotlin.jvm.functions.Function15                                                 : loaded 2 times (x 72B)
Class kotlin.collections.ArraysKt                                                     : loaded 2 times (x 73B)
Class kotlin.reflect.jvm.internal.impl.resolve.OverridingUtil$3                       : loaded 2 times (x 77B)
Class com.google.common.reflect.Types$JavaVersion$2                                   : loaded 2 times (x 85B)
Class com.google.common.reflect.Types                                                 : loaded 2 times (x 73B)
Class com.google.common.hash.PrimitiveSink                                            : loaded 2 times (x 72B)
Class org.jetbrains.kotlin.gradle.tasks.internal.KotlinJvmOptionsCompat               : loaded 2 times (x 103B)
Class com.google.common.base.PatternCompiler                                          : loaded 2 times (x 72B)
Class org.jetbrains.kotlin.gradle.dsl.abi.AbiFiltersSpec                              : loaded 2 times (x 72B)
Class org.jetbrains.kotlin.gradle.utils.FutureKt                                      : loaded 2 times (x 73B)
Class org.jetbrains.kotlin.gradle.targets.native.internal.PlatformLibrariesGenerator$GeneratedPlatformLibrariesService: loaded 2 times (x 78B)
Class org.jetbrains.kotlin.gradle.logging.GradleLoggingUtilsKt                        : loaded 2 times (x 73B)
Class org.jetbrains.kotlin.gradle.plugin.KotlinAndroidPluginWrapper                   : loaded 2 times (x 88B)
Class com.google.common.util.concurrent.AbstractFuture$Failure                        : loaded 2 times (x 74B)
Class com.google.common.base.Equivalence$Equals                                       : loaded 2 times (x 84B)
Class com.google.common.collect.Hashing                                               : loaded 2 times (x 73B)
Class com.google.common.base.Preconditions                                            : loaded 2 times (x 73B)
Class org.jetbrains.kotlin.daemon.common.DaemonReportCategory                         : loaded 2 times (x 81B)
Class org.jetbrains.kotlin.daemon.common.DaemonOptions                                : loaded 2 times (x 77B)
Class kotlin.reflect.jvm.internal.impl.load.java.BuiltinSpecialPropertiesKt           : loaded 2 times (x 73B)
Class [Lkotlin.reflect.jvm.internal.impl.descriptors.ClassifierDescriptor;            : loaded 2 times (x 71B)
Class kotlin.reflect.jvm.internal.impl.serialization.deserialization.ProtoContainer$Class: loaded 2 times (x 75B)
Class [Lkotlin.reflect.jvm.internal.impl.types.Variance;                              : loaded 2 times (x 71B)
Class kotlin.reflect.jvm.internal.impl.metadata.ProtoBuf$Type$Argument$Projection     : loaded 2 times (x 84B)
Class kotlin.reflect.jvm.internal.impl.metadata.ProtoBuf$Annotation$Argument$Value$Type$1: loaded 2 times (x 76B)
Class kotlin.reflect.jvm.internal.impl.metadata.jvm.JvmProtoBuf$JvmMethodSignature    : loaded 2 times (x 98B)
Class kotlin.reflect.jvm.internal.impl.descriptors.DescriptorVisibilities$1           : loaded 2 times (x 78B)
Class kotlin.reflect.jvm.internal.impl.descriptors.impl.DeclarationDescriptorNonRootImpl: loaded 2 times (x 98B)
Class kotlin.reflect.jvm.internal.impl.utils.WrappedValues$WrappedProcessCanceledException: loaded 2 times (x 84B)
Class kotlin.collections.SetsKt__SetsKt                                               : loaded 2 times (x 73B)
Class kotlin.jvm.functions.Function16                                                 : loaded 2 times (x 72B)
Class kotlin.LazyKt                                                                   : loaded 2 times (x 73B)
Class [Lorg.apache.commons.io.file.DeleteOption;                                      : loaded 2 times (x 71B)
Class com.google.common.reflect.Types$JavaVersion$3                                   : loaded 2 times (x 85B)
Class com.google.common.collect.ImmutableSetMultimap                                  : loaded 2 times (x 182B)
Class org.jetbrains.kotlin.compilerRunner.GradleKotlinCompilerWorkArguments$Companion : loaded 2 times (x 73B)
Class com.google.common.collect.ByFunctionOrdering                                    : loaded 2 times (x 117B)
Class com.google.common.io.CharSink                                                   : loaded 2 times (x 81B)
Class org.jetbrains.kotlin.compilerRunner.GradleCompilerRunner$Companion              : loaded 2 times (x 73B)
Class com.google.common.base.Joiner$1                                                 : loaded 2 times (x 82B)
Class [Lorg.jetbrains.kotlin.gradle.dsl.PlatformSourceSetConventionsChecker$CheckedPlatformInfo;: loaded 2 times (x 71B)
Class org.jetbrains.kotlin.gradle.plugin.diagnostics.KotlinGradleProjectCheckerContext: loaded 2 times (x 74B)
Class org.jetbrains.kotlin.gradle.plugin.diagnostics.checkers.DuplicateSourceSetChecker: loaded 2 times (x 76B)
Class org.jetbrains.kotlin.gradle.targets.KotlinTargetSideEffect                      : loaded 2 times (x 72B)
Class org.jetbrains.kotlin.gradle.plugin.DefaultKotlinBasePlugin$setupAttributeMatchingStrategy$1$1: loaded 2 times (x 81B)
Class org.jetbrains.kotlin.gradle.plugin.diagnostics.ToolingDiagnosticFactory         : loaded 2 times (x 75B)
Class org.jetbrains.kotlin.statistics.metrics.NumericalMetrics$Companion              : loaded 2 times (x 73B)
Class [Lorg.jetbrains.kotlin.statistics.metrics.NumberAnonymizationPolicy;            : loaded 2 times (x 71B)
Class org.jetbrains.kotlin.statistics.metrics.NumberOverridePolicy$OVERRIDE           : loaded 2 times (x 87B)
Class org.jetbrains.kotlin.gradle.internal.properties.PropertiesBuildService$property$1: loaded 2 times (x 81B)
Class org.objectweb.asm.Label                                                         : loaded 2 times (x 75B)
Class org.objectweb.asm.CurrentFrame                                                  : loaded 2 times (x 75B)
Class org.objectweb.asm.ClassTooLargeException                                        : loaded 2 times (x 84B)
Class com.google.common.base.CharMatcher                                              : loaded 2 times (x 113B)
Class com.google.common.collect.PeekingIterator                                       : loaded 2 times (x 72B)
Class [Lorg.jetbrains.kotlin.metadata.ProtoBuf$Type$Argument$Projection;              : loaded 2 times (x 71B)
Class org.jetbrains.org.objectweb.asm.RecordComponentWriter                           : loaded 2 times (x 79B)
Class kotlin.reflect.jvm.internal.JvmPropertySignature                                : loaded 2 times (x 74B)
Class org.jetbrains.kotlin.progress.CompilationCanceledStatus                         : loaded 2 times (x 72B)
Class org.jetbrains.kotlin.config.MavenComparableVersion$Item                         : loaded 2 times (x 72B)
Class kotlin.reflect.jvm.internal.impl.load.java.descriptors.JavaClassDescriptor      : loaded 2 times (x 72B)
Class kotlin.reflect.jvm.internal.impl.metadata.ProtoBuf$Type$Argument$Projection$1   : loaded 2 times (x 76B)
Class kotlin.reflect.jvm.internal.impl.load.java.lazy.descriptors.JvmPackageScope     : loaded 2 times (x 87B)
Class kotlin.reflect.jvm.internal.impl.serialization.deserialization.AbstractDeserializedPackageFragmentProvider: loaded 2 times (x 87B)
Class kotlin.reflect.jvm.internal.impl.descriptors.Visibilities$Internal              : loaded 2 times (x 77B)
Class kotlin.reflect.jvm.internal.impl.descriptors.DescriptorVisibilities$2           : loaded 2 times (x 78B)
Class kotlin.InitializedLazyImpl                                                      : loaded 2 times (x 78B)
Class kotlin.reflect.jvm.internal.impl.load.kotlin.DeserializedDescriptorResolver     : loaded 2 times (x 74B)
Class kotlin.reflect.jvm.internal.impl.descriptors.impl.ModuleDescriptorImpl          : loaded 2 times (x 98B)
Class kotlin.reflect.jvm.internal.impl.types.model.KotlinTypeMarker                   : loaded 2 times (x 72B)
Class kotlin.jvm.functions.Function17                                                 : loaded 2 times (x 72B)
Class kotlin.collections.ArraysKt__ArraysJVMKt                                        : loaded 2 times (x 73B)
Class com.google.common.reflect.Types$JavaVersion$4                                   : loaded 2 times (x 85B)
Class com.google.common.io.ByteSource$AsCharSource                                    : loaded 2 times (x 88B)
Class org.jetbrains.kotlin.gradle.logging.BuildErrorMessageCollector                  : loaded 2 times (x 74B)
Class com.google.common.collect.MapMakerInternalMap$InternalEntryHelper               : loaded 2 times (x 72B)
Class com.google.common.collect.Table                                                 : loaded 2 times (x 72B)
Class com.google.common.collect.Maps$IteratorBasedAbstractMap                         : loaded 2 times (x 127B)
Class org.jetbrains.kotlin.gradle.tasks.configuration.AbstractKotlinCompileConfig$2$2$1: loaded 2 times (x 77B)
Class org.jetbrains.kotlin.build.report.metrics.BuildAttributes$Companion             : loaded 2 times (x 73B)
Class org.jetbrains.kotlin.gradle.tasks.KotlinCompilationTask                         : loaded 2 times (x 72B)
Class org.jetbrains.kotlin.gradle.plugin.mpp.compilationImpl.factory.KotlinCompilationImplFactory$ProcessResourcesTaskNameFactory: loaded 2 times (x 72B)
Class com.google.common.collect.RangeGwtSerializationDependencies                     : loaded 2 times (x 73B)
Class com.google.common.base.Joiner$2                                                 : loaded 2 times (x 81B)
Class org.jetbrains.kotlin.gradle.internal.properties.PropertiesBuildService$property$2: loaded 2 times (x 81B)
Class org.jetbrains.kotlin.gradle.internal.KotlinDependenciesManagementKt             : loaded 2 times (x 73B)
Class org.jetbrains.kotlin.gradle.plugin.DefaultKotlinBasePlugin$setupAttributeMatchingStrategy$1$2: loaded 2 times (x 81B)
Class org.jetbrains.kotlin.gradle.targets.native.internal.PlatformLibrariesGenerator$Companion: loaded 2 times (x 73B)
Class org.jetbrains.kotlin.gradle.plugin.statistics.KotlinBuildStatsLoggerService     : loaded 2 times (x 74B)
Class org.jetbrains.kotlin.gradle.plugin.internal.CustomPropertiesFileValueSource$Inject: loaded 2 times (x 115B)
Class org.objectweb.asm.Frame                                                         : loaded 2 times (x 75B)
Class org.objectweb.asm.MethodVisitor                                                 : loaded 2 times (x 107B)
Class com.google.common.base.CharMatcher$1                                            : loaded 2 times (x 115B)
Class com.google.common.base.CharMatcher$NamedFastMatcher                             : loaded 2 times (x 114B)
Class com.google.common.cache.LocalCache$EntryFactory$1                               : loaded 2 times (x 85B)
Class [Lcom.google.common.cache.RemovalListener;                                      : loaded 2 times (x 71B)
Class org.jetbrains.kotlin.metadata.jvm.JvmProtoBuf$JvmPropertySignature$1            : loaded 2 times (x 146B)
Class org.jetbrains.org.objectweb.asm.MethodWriter                                    : loaded 2 times (x 107B)
Class kotlin.reflect.jvm.internal.impl.descriptors.TypeParameterDescriptor            : loaded 2 times (x 72B)
Class kotlin.reflect.jvm.internal.impl.descriptors.runtime.structure.ReflectJavaClass$methods$2: loaded 2 times (x 131B)
Class kotlin.reflect.jvm.internal.impl.metadata.deserialization.NameResolverImpl$WhenMappings: loaded 2 times (x 73B)
Class kotlin.reflect.jvm.internal.impl.serialization.deserialization.DeserializedPackageFragment: loaded 2 times (x 110B)
Class kotlin.reflect.jvm.internal.impl.load.java.lazy.descriptors.LazyJavaPackageFragment: loaded 2 times (x 107B)
Class kotlin.reflect.jvm.internal.impl.metadata.ProtoBuf$ContractOrBuilder            : loaded 2 times (x 72B)
Class kotlin.reflect.jvm.internal.impl.protobuf.GeneratedMessageLite$ExtendableMessageOrBuilder: loaded 2 times (x 72B)
Class kotlin.reflect.jvm.internal.impl.descriptors.DescriptorVisibilities$3           : loaded 2 times (x 78B)
Class [Lkotlin.reflect.jvm.internal.impl.renderer.RenderingFormat;                    : loaded 2 times (x 71B)
Class kotlin.reflect.jvm.internal.impl.storage.LockBasedStorageManager$1              : loaded 2 times (x 97B)
Class kotlin.text.StringsKt__StringBuilderKt                                          : loaded 2 times (x 73B)
Class kotlin.jvm.functions.Function18                                                 : loaded 2 times (x 72B)
Class kotlin.jvm.internal.CallableReference$NoReceiver                                : loaded 2 times (x 73B)
Class com.google.common.reflect.Types$JavaVersion$5                                   : loaded 2 times (x 73B)
Class [Lcom.google.common.reflect.Types$ClassOwnership;                               : loaded 2 times (x 71B)
Class org.jetbrains.kotlin.gradle.plugin.mpp.InternalKotlinTargetKt$special$$inlined$extrasStoredFuture$1: loaded 2 times (x 81B)
Class org.jetbrains.kotlin.tooling.core.ExtrasProperty                                : loaded 2 times (x 72B)
Class org.jetbrains.kotlin.compilerRunner.UsesCompilerSystemPropertiesService         : loaded 2 times (x 72B)
Class org.jetbrains.kotlin.gradle.plugin.mpp.compilationImpl.KotlinCompilationSourceSetInclusion$Companion: loaded 2 times (x 73B)
Class com.google.common.collect.RangeSet                                              : loaded 2 times (x 72B)
Class org.jetbrains.kotlin.konan.target.KonanTarget$WATCHOS_DEVICE_ARM64              : loaded 2 times (x 80B)
Class org.jetbrains.kotlin.gradle.plugin.diagnostics.checkers.MissingNativeStdlibChecker$runChecks$1: loaded 2 times (x 89B)
Class [Lorg.jetbrains.kotlin.gradle.plugin.sources.android.AndroidVariantType;        : loaded 2 times (x 71B)
Class org.jetbrains.kotlin.gradle.plugin.sources.android.AndroidVariantType           : loaded 2 times (x 81B)
Class org.jetbrains.kotlin.gradle.plugin.mpp.KotlinTargetSoftwareComponent            : loaded 2 times (x 91B)
Class org.jetbrains.kotlin.gradle.plugin.mpp.KotlinVariant                            : loaded 2 times (x 103B)
Class org.jetbrains.kotlin.gradle.targets.native.ConfigureFrameworkExportSideEffectKt : loaded 2 times (x 73B)
Class org.jetbrains.kotlin.gradle.utils.WhenPluginEnabledKt                           : loaded 2 times (x 73B)
Class org.jetbrains.kotlin.gradle.plugin.VariantImplementationFactories               : loaded 2 times (x 77B)
Class org.jetbrains.kotlin.gradle.internal.diagnostics.KotlinCompilerEmbeddableCheck  : loaded 2 times (x 73B)
Class com.google.common.cache.LocalCache$EntryFactory$2                               : loaded 2 times (x 85B)
Class org.gradle.api.internal.classpath.GlobalCacheRootsProvider                      : loaded 2 times (x 72B)
Class org.jetbrains.kotlin.build.report.metrics.BuildTimeMetric                       : loaded 2 times (x 74B)
Class kotlin.text.MatcherMatchResult                                                  : loaded 2 times (x 82B)
Class kotlin.reflect.jvm.internal.UtilKt                                              : loaded 2 times (x 73B)
Class kotlin.reflect.jvm.internal.impl.load.java.BuiltinMethodsWithSpecialGenericSignature: loaded 2 times (x 73B)
Class kotlin.reflect.jvm.internal.impl.serialization.deserialization.descriptors.DeserializedSimpleFunctionDescriptor: loaded 2 times (x 213B)
Class kotlin.reflect.jvm.internal.impl.descriptors.impl.AbstractTypeParameterDescriptor$1: loaded 2 times (x 79B)
Class kotlin.reflect.jvm.internal.impl.serialization.deserialization.builtins.BuiltInsPackageFragmentImpl$Companion: loaded 2 times (x 73B)
Class kotlin.reflect.jvm.internal.impl.metadata.deserialization.VersionRequirementTable$Companion: loaded 2 times (x 73B)
Class kotlin.reflect.jvm.internal.impl.protobuf.SmallSortedMap$Entry                  : loaded 2 times (x 90B)
Class kotlin.reflect.jvm.internal.impl.resolve.jvm.JvmClassName                       : loaded 2 times (x 77B)
Class kotlin.reflect.jvm.internal.impl.metadata.ProtoBuf$Package$1                    : loaded 2 times (x 89B)
Class kotlin.reflect.jvm.internal.impl.descriptors.DescriptorVisibilities$4           : loaded 2 times (x 78B)
Class [Lkotlin.reflect.jvm.internal.impl.descriptors.CallableMemberDescriptor$Kind;   : loaded 2 times (x 71B)
Class kotlin.reflect.jvm.internal.impl.types.checker.KotlinTypeRefinerKt              : loaded 2 times (x 73B)
Class kotlin.reflect.jvm.internal.impl.descriptors.ClassDescriptor                    : loaded 2 times (x 72B)
Class kotlin.reflect.KMutableProperty$Setter                                          : loaded 2 times (x 72B)
Class kotlin.reflect.jvm.internal.impl.load.kotlin.PackagePartProvider                : loaded 2 times (x 72B)
Class kotlin.jvm.functions.Function19                                                 : loaded 2 times (x 72B)
Class kotlin.TypeCastException                                                        : loaded 2 times (x 84B)
Class kotlin.Lazy                                                                     : loaded 2 times (x 72B)
Class kotlin.NoWhenBranchMatchedException                                             : loaded 2 times (x 84B)
Class org.jetbrains.kotlin.tooling.core.Extras$Entry$Companion                        : loaded 2 times (x 73B)
Class com.google.common.collect.CollectCollectors                                     : loaded 2 times (x 73B)
Class org.jetbrains.kotlin.gradle.targets.js.dsl.KotlinWasmWasiTargetDsl              : loaded 2 times (x 72B)
Class org.jetbrains.kotlin.gradle.plugin.diagnostics.checkers.DisabledNativeTargetsChecker: loaded 2 times (x 76B)
Class org.jetbrains.kotlin.gradle.plugin.mpp.compilationImpl.KotlinCreateSourcesJarTaskSideEffectKt$KotlinCreateSourcesJarTaskSideEffect$1: loaded 2 times (x 76B)
Class org.jetbrains.kotlin.gradle.internal.CompilerArgumentAware                      : loaded 2 times (x 72B)
Class org.jetbrains.kotlin.gradle.utils.ReportUtilsKt                                 : loaded 2 times (x 73B)
Class org.jetbrains.kotlin.gradle.utils.StoredLazyProperty                            : loaded 2 times (x 77B)
Class org.objectweb.asm.ModuleWriter                                                  : loaded 2 times (x 83B)
Class com.google.common.cache.LocalCache$EntryFactory$3                               : loaded 2 times (x 85B)
Class com.google.common.base.Ticker$1                                                 : loaded 2 times (x 74B)
Class com.google.common.collect.Maps$BiMapConverter                                   : loaded 2 times (x 92B)
Class com.google.common.collect.ImmutableMapEntrySet$RegularEntrySet                  : loaded 2 times (x 154B)
Class org.jetbrains.org.objectweb.asm.tree.InsnNode                                   : loaded 2 times (x 80B)
Class org.jetbrains.org.objectweb.asm.RecordComponentVisitor                          : loaded 2 times (x 79B)
Class kotlin.text.MatchGroupCollection                                                : loaded 2 times (x 72B)
Class [Lkotlin.jvm.functions.Function1;                                               : loaded 2 times (x 71B)
Class kotlin.reflect.jvm.internal.calls.CallerImpl                                    : loaded 2 times (x 83B)
Class org.jetbrains.kotlin.cli.common.arguments.ManualLanguageFeatureSetting          : loaded 2 times (x 74B)
Class kotlin.reflect.jvm.internal.impl.descriptors.impl.AbstractTypeParameterDescriptor$2: loaded 2 times (x 79B)
Class kotlin.reflect.jvm.internal.impl.serialization.deserialization.descriptors.DeserializedTypeParameterDescriptor: loaded 2 times (x 126B)
Class kotlin.reflect.jvm.internal.impl.types.FlexibleType                             : loaded 2 times (x 91B)
Class [Lkotlin.reflect.jvm.internal.impl.metadata.ProtoBuf$QualifiedNameTable$QualifiedName$Kind;: loaded 2 times (x 71B)
Class kotlin.reflect.jvm.internal.impl.serialization.deserialization.descriptors.DeserializedMemberScope: loaded 2 times (x 104B)
Class [Lkotlin.reflect.jvm.internal.impl.metadata.ProtoBuf$Class$Kind;                : loaded 2 times (x 71B)
Class kotlin.reflect.jvm.internal.impl.resolve.scopes.AbstractScopeAdapter            : loaded 2 times (x 95B)
Class kotlin.reflect.jvm.internal.impl.metadata.builtins.BuiltInsProtoBuf             : loaded 2 times (x 73B)
Class kotlin.reflect.jvm.internal.impl.metadata.jvm.JvmProtoBuf$JvmPropertySignature  : loaded 2 times (x 98B)
Class kotlin.reflect.jvm.internal.impl.metadata.ProtoBuf$FunctionOrBuilder            : loaded 2 times (x 72B)
Class kotlin.reflect.jvm.internal.impl.descriptors.DescriptorVisibilities$5           : loaded 2 times (x 78B)
Class kotlin.reflect.jvm.internal.impl.descriptors.Visibilities$PrivateToThis         : loaded 2 times (x 77B)
Class kotlin.reflect.jvm.internal.impl.builtins.ReflectionTypes$ClassLookup           : loaded 2 times (x 73B)
Class kotlin.reflect.jvm.internal.impl.descriptors.SupertypeLoopChecker               : loaded 2 times (x 72B)
Class kotlin.reflect.jvm.internal.impl.resolve.sam.SamConversionResolverImpl          : loaded 2 times (x 74B)
Class Native_plugin_loader_gradle$NativePluginLoader                                  : loaded 2 times (x 74B)
Class org.jetbrains.kotlin.build.report.statistics.StatTag                            : loaded 2 times (x 81B)
Class kotlinx.coroutines.Incomplete                                                   : loaded 2 times (x 72B)
Class org.jetbrains.kotlin.compilerRunner.GradleKotlinCompilerWorkArguments           : loaded 2 times (x 74B)
Class org.jetbrains.kotlin.gradle.plugin.KotlinCompilerArgumentsProducerKt            : loaded 2 times (x 73B)
Class org.jetbrains.kotlin.gradle.tasks.K2MultiplatformStructure_Decorated            : loaded 2 times (x 133B)
Class org.jetbrains.kotlin.compilerRunner.GradleCompilerRunner                        : loaded 2 times (x 75B)
Class com.google.common.collect.SetMultimap                                           : loaded 2 times (x 72B)
Class org.jetbrains.kotlin.gradle.dsl.AndroidMainSourceSetConventionsChecker$runChecks$1: loaded 2 times (x 89B)
Class org.jetbrains.kotlin.gradle.plugin.sources.FragmentConsistencyChecks            : loaded 2 times (x 74B)
Class org.jetbrains.kotlin.gradle.plugin.mpp.InternalKotlinTargetComponent            : loaded 2 times (x 95B)
Class org.jetbrains.kotlin.gradle.targets.CreateNonPackedKlibVariantsSideEffectKt     : loaded 2 times (x 73B)
Class org.jetbrains.kotlin.gradle.targets.CreateDefaultTestRunSideEffectKt$special$$inlined$KotlinTargetSideEffect$1: loaded 2 times (x 76B)
Class org.jetbrains.kotlin.gradle.utils.ProviderApiUtilsKt                            : loaded 2 times (x 73B)
Class org.jetbrains.kotlin.gradle.plugin.diagnostics.IsAttachedToTerminalValueSource  : loaded 2 times (x 82B)
Class org.jetbrains.kotlin.gradle.targets.native.UsesKonanPropertiesBuildService      : loaded 2 times (x 72B)
Class org.jetbrains.kotlin.gradle.internal.properties.NativePropertiesLoader$forceDisableRunningInProcess$1: loaded 2 times (x 77B)
Class org.jetbrains.kotlin.gradle.internal.tasks.TaskWithLocalState                   : loaded 2 times (x 72B)
Class org.jetbrains.kotlin.gradle.plugin.statistics.KotlinBuildStatisticsUtilsKt      : loaded 2 times (x 73B)
Class org.jetbrains.kotlin.statistics.metrics.BooleanMetrics                          : loaded 2 times (x 81B)
Class org.jetbrains.kotlin.gradle.utils.PersistentCachesKt                            : loaded 2 times (x 73B)
Class org.jetbrains.kotlin.gradle.internal.properties.PropertiesBuildService$Params   : loaded 2 times (x 72B)
Class org.jetbrains.kotlin.gradle.internal.diagnostics.GradleCompatibilityCheck       : loaded 2 times (x 73B)
Class com.google.common.collect.ImmutableSet$Builder                                  : loaded 2 times (x 87B)
Class com.google.common.base.CharMatcher$InRange                                      : loaded 2 times (x 113B)
Class com.google.common.cache.LocalCache$EntryFactory$4                               : loaded 2 times (x 85B)
Class org.jetbrains.kotlin.protobuf.RopeByteString$RopeInputStream                    : loaded 2 times (x 94B)
Class org.jetbrains.kotlin.protobuf.CodedInputStream                                  : loaded 2 times (x 74B)
Class org.jetbrains.org.objectweb.asm.MethodTooLargeException                         : loaded 2 times (x 84B)
Class org.jetbrains.org.objectweb.asm.Context                                         : loaded 2 times (x 74B)
Class org.jetbrains.kotlin.daemon.common.CompileIterationResult$Companion             : loaded 2 times (x 73B)
Class [Lorg.jetbrains.kotlin.daemon.common.ReportSeverity;                            : loaded 2 times (x 71B)
Class org.jetbrains.kotlin.daemon.common.DaemonParamsKt                               : loaded 2 times (x 73B)
Class kotlin.reflect.jvm.internal.impl.resolve.InlineClassesUtilsKt                   : loaded 2 times (x 73B)
Class kotlin.sequences.ConstrainedOnceSequence                                        : loaded 2 times (x 77B)
Class kotlin.reflect.jvm.internal.impl.protobuf.UnmodifiableLazyStringList            : loaded 2 times (x 260B)
Class kotlin.reflect.jvm.internal.impl.storage.LockBasedStorageManager$4              : loaded 2 times (x 86B)
Class kotlin.reflect.jvm.internal.impl.descriptors.DescriptorVisibilities$6           : loaded 2 times (x 78B)
Class kotlin.reflect.jvm.internal.impl.descriptors.DeclarationDescriptorVisitor       : loaded 2 times (x 72B)
Class kotlin.reflect.jvm.internal.impl.renderer.DescriptorRenderer$ValueParametersHandler$DEFAULT: loaded 2 times (x 79B)
Class kotlin.reflect.jvm.internal.impl.load.java.components.JavaResolverCache$1       : loaded 2 times (x 80B)
Class kotlin.reflect.jvm.internal.impl.storage.CacheWithNotNullValues                 : loaded 2 times (x 72B)
Class kotlinx.coroutines.AbstractTimeSourceKt                                         : loaded 2 times (x 73B)
Class com.google.common.io.ByteStreams$1                                              : loaded 2 times (x 87B)
Class org.jetbrains.kotlin.gradle.dsl.KotlinCommonCompilerOptionsExtensionsKt         : loaded 2 times (x 73B)
Class com.google.common.collect.ReverseOrdering                                       : loaded 2 times (x 117B)
Class org.jetbrains.kotlin.gradle.plugin.sources.KotlinDependencyScopeKt$WhenMappings : loaded 2 times (x 73B)
Class org.jetbrains.kotlin.gradle.tasks.K2MultiplatformCompilationTask                : loaded 2 times (x 72B)
Class org.jetbrains.kotlin.gradle.plugin.diagnostics.checkers.OverriddenKotlinNativeHomeChecker$StdlibExistenceCheckerValueSource$Inject: loaded 2 times (x 111B)
Class org.jetbrains.kotlin.gradle.utils.ConfigurationsKt$maybeCreateDependencyScope$1 : loaded 2 times (x 80B)
Class org.jetbrains.kotlin.gradle.plugin.sources.FragmentConsistencyChecks$languageVersionCheck$1: loaded 2 times (x 81B)
Class org.jetbrains.kotlin.gradle.plugin.mpp.DecoratedKotlinCompilation               : loaded 2 times (x 197B)
Class org.jetbrains.kotlin.gradle.plugin.diagnostics.checkers.ExperimentalTryNextUsageChecker: loaded 2 times (x 76B)
Class [Lorg.jetbrains.kotlin.gradle.plugin.KotlinPlatformType;                        : loaded 2 times (x 71B)
Class [Lorg.jetbrains.kotlin.gradle.plugin.diagnostics.ToolingDiagnostic$Severity;    : loaded 2 times (x 71B)
Class org.jetbrains.kotlin.gradle.plugin.statistics.UsesBuildFusService               : loaded 2 times (x 72B)
Class org.jetbrains.kotlin.gradle.plugin.statistics.old.Pre232IdeaKotlinBuildStatsBeanService: loaded 2 times (x 97B)
Class org.jetbrains.kotlin.statistics.metrics.NumberOverridePolicy$AVERAGE            : loaded 2 times (x 87B)
Class org.jetbrains.kotlin.gradle.plugin.VariantImplementationFactories$Parameters$Inject: loaded 2 times (x 108B)
Class org.jetbrains.kotlin.gradle.plugin.BuildFinishedListenerService$Companion$registerIfAbsent$1$1: loaded 2 times (x 81B)
Class org.jetbrains.kotlin.gradle.internal.diagnostics.GradleCompatibilityCheck$CurrentGradleVersionProvider: loaded 2 times (x 72B)
Class com.google.common.cache.LocalCache$EntryFactory$5                               : loaded 2 times (x 85B)
Class org.jetbrains.org.objectweb.asm.CurrentFrame                                    : loaded 2 times (x 75B)
Class org.jetbrains.kotlin.protobuf.MessageLite$Builder                               : loaded 2 times (x 72B)
Class org.jetbrains.kotlin.daemon.common.CompilerServicesFacadeBase                   : loaded 2 times (x 72B)
Class [Lorg.jetbrains.kotlin.daemon.common.OSKind;                                    : loaded 2 times (x 71B)
Class kotlin.reflect.jvm.internal.impl.types.TypeSystemCommonBackendContext           : loaded 2 times (x 72B)
Class kotlin.reflect.jvm.internal.impl.load.java.typeEnhancement.MutabilityQualifier  : loaded 2 times (x 81B)
Class kotlin.reflect.jvm.internal.impl.descriptors.runtime.structure.ReflectJavaAnnotationOwner: loaded 2 times (x 72B)
Class kotlin.reflect.jvm.internal.impl.protobuf.UninitializedMessageException         : loaded 2 times (x 85B)
Class kotlin.reflect.jvm.internal.impl.serialization.deserialization.builtins.BuiltInSerializerProtocol: loaded 2 times (x 74B)
Class kotlin.reflect.jvm.internal.impl.metadata.ProtoBuf$TypeOrBuilder                : loaded 2 times (x 72B)
Class kotlin.reflect.jvm.internal.impl.descriptors.Visibilities$InvisibleFake         : loaded 2 times (x 77B)
Class kotlin.reflect.jvm.internal.impl.descriptors.DescriptorVisibilities$7           : loaded 2 times (x 78B)
Class kotlin.reflect.jvm.internal.impl.storage.LockBasedStorageManager$5              : loaded 2 times (x 87B)
Class kotlin.reflect.jvm.internal.impl.builtins.jvm.JavaToKotlinClassMapper           : loaded 2 times (x 73B)
Class kotlin.reflect.jvm.internal.impl.load.java.components.JavaPropertyInitializerEvaluator: loaded 2 times (x 72B)
Class kotlin.reflect.jvm.internal.impl.load.java.JavaNullabilityAnnotationSettingsKt  : loaded 2 times (x 73B)
Class kotlin.reflect.jvm.internal.impl.load.java.lazy.SingleModuleClassResolver       : loaded 2 times (x 77B)
Class kotlin.reflect.jvm.internal.impl.descriptors.impl.PackageViewDescriptorFactory$Companion: loaded 2 times (x 73B)
Class [Lkotlin.reflect.KProperty;                                                     : loaded 2 times (x 71B)
Class kotlin.jvm.internal.markers.KMappedMarker                                       : loaded 2 times (x 72B)
Class kotlin.io.TextStreamsKt                                                         : loaded 2 times (x 73B)
Class org.apache.commons.io.output.AppendableWriter                                   : loaded 2 times (x 102B)
Class com.google.common.collect.HashMultimap                                          : loaded 2 times (x 175B)
Class org.jetbrains.kotlin.gradle.plugin.mpp.MppSourcesJarKt$sourcesJarTaskNamed$result$1: loaded 2 times (x 81B)
Class org.jetbrains.kotlin.gradle.tasks.configuration.BaseKotlinCompileConfig$1       : loaded 2 times (x 81B)
Class org.jetbrains.kotlin.gradle.plugin.mpp.compilationImpl.factory.ConfigurationNaming$Default: loaded 2 times (x 77B)
Class org.jetbrains.kotlin.gradle.plugin.mpp.compilationImpl.KotlinCompilationSourceSetInclusion: loaded 2 times (x 74B)
Class org.jetbrains.kotlin.gradle.plugin.KotlinBaseApiPlugin                          : loaded 2 times (x 120B)
Class org.jetbrains.kotlin.gradle.targets.jvm.KotlinJvmTarget                         : loaded 2 times (x 168B)
Class org.jetbrains.kotlin.gradle.targets.js.dsl.KotlinWasmJsTargetDsl                : loaded 2 times (x 72B)
Class org.jetbrains.kotlin.gradle.plugin.diagnostics.checkers.DisabledNativeTargetsChecker$runChecks$1: loaded 2 times (x 89B)
Class org.jetbrains.kotlin.gradle.plugin.KotlinPluginLifecycleImpl$await$2$1          : loaded 2 times (x 81B)
Class org.jetbrains.kotlin.gradle.plugin.sources.DefaultLanguageSettingsBuilder       : loaded 2 times (x 102B)
Class org.jetbrains.kotlin.gradle.plugin.sources.FragmentConsistencyChecks$languageVersionCheck$2: loaded 2 times (x 80B)
Class org.jetbrains.kotlin.gradle.targets.CreateTargetConfigurationsSideEffectKt$CreateTargetConfigurationsSideEffect$1: loaded 2 times (x 76B)
Class org.jetbrains.kotlin.gradle.dsl.KotlinPublishingDsl                             : loaded 2 times (x 72B)
Class org.jetbrains.kotlin.gradle.dsl.KotlinTargetContainerWithPresetFunctions        : loaded 2 times (x 72B)
Class org.jetbrains.kotlin.gradle.plugin.diagnostics.ToolingDiagnosticRenderingOptionsKt$WhenMappings: loaded 2 times (x 73B)
Class org.jetbrains.kotlin.gradle.utils.GradleConfigurationUtilsKt                    : loaded 2 times (x 73B)
Class org.jetbrains.kotlin.gradle.plugin.internal.CustomPropertiesFileValueSource$Parameters: loaded 2 times (x 72B)
Class org.jetbrains.kotlin.gradle.plugin.UsesBuildFinishedListenerService             : loaded 2 times (x 72B)
Class com.google.common.cache.LocalCache$EntryFactory$6                               : loaded 2 times (x 85B)
Class org.gradle.internal.installation.CurrentGradleInstallationLocator               : loaded 2 times (x 73B)
Class org.jetbrains.kotlin.protobuf.FieldSet$1                                        : loaded 2 times (x 73B)
Class org.jetbrains.org.objectweb.asm.tree.LdcInsnNode                                : loaded 2 times (x 80B)
Class org.jetbrains.kotlin.descriptors.SourceElement                                  : loaded 2 times (x 72B)
Class org.jetbrains.kotlin.daemon.common.CompilerId$mappers$1                         : loaded 2 times (x 143B)
Class [Lkotlin.io.FileWalkDirection;                                                  : loaded 2 times (x 71B)
Class org.jetbrains.kotlin.daemon.client.KotlinCompilerClient$connectAndLease$1$result$1: loaded 2 times (x 81B)
Class org.jetbrains.kotlin.daemon.common.DummyProfiler                                : loaded 2 times (x 81B)
Class kotlin.reflect.jvm.internal.impl.resolve.jvm.InlineClassManglingRulesKt         : loaded 2 times (x 73B)
Class kotlin.reflect.jvm.internal.impl.load.java.typeEnhancement.JavaTypeEnhancement$Result: loaded 2 times (x 74B)
Class [Lkotlin.reflect.jvm.internal.impl.load.java.structure.LightClassOriginKind;    : loaded 2 times (x 71B)
Class kotlin.reflect.jvm.internal.impl.metadata.ProtoBuf$MemberKind$1                 : loaded 2 times (x 76B)
Class kotlin.reflect.jvm.internal.impl.serialization.deserialization.ClassData        : loaded 2 times (x 74B)
Class kotlin.reflect.jvm.internal.impl.builtins.jvm.JvmBuiltInsPackageFragmentProvider$Companion: loaded 2 times (x 73B)
Class kotlin.reflect.jvm.internal.impl.descriptors.DescriptorVisibilities$8           : loaded 2 times (x 78B)
Class kotlin.reflect.jvm.internal.impl.types.TypeUtils$SpecialType                    : loaded 2 times (x 95B)
Class [Lkotlin.reflect.jvm.internal.impl.descriptors.Modality;                        : loaded 2 times (x 71B)
Class kotlin.reflect.jvm.internal.impl.serialization.deserialization.LocalClassifierTypeSettings$Default: loaded 2 times (x 76B)
Class kotlin.reflect.jvm.internal.impl.descriptors.PropertyAccessorDescriptor         : loaded 2 times (x 72B)
Class kotlin.reflect.jvm.internal.impl.resolve.OverridingUtil                         : loaded 2 times (x 78B)
Class kotlin.reflect.jvm.internal.impl.types.checker.KotlinTypePreparator             : loaded 2 times (x 75B)
Class kotlin.reflect.jvm.internal.impl.load.java.lazy.JavaResolverSettings            : loaded 2 times (x 72B)
Class kotlin.reflect.jvm.internal.impl.descriptors.NotFoundClasses                    : loaded 2 times (x 74B)
Class kotlin.reflect.jvm.internal.impl.types.SimpleType                               : loaded 2 times (x 90B)
Class org.apache.commons.io.output.ThresholdingOutputStream                           : loaded 2 times (x 97B)
Class com.google.common.io.ByteSource$SlicedByteSource                                : loaded 2 times (x 87B)
Class kotlinx.coroutines.Empty                                                        : loaded 2 times (x 77B)
Class com.google.common.collect.ImmutableMultimap$Builder                             : loaded 2 times (x 88B)
Class org.jetbrains.kotlin.gradle.logging.GradlePrintingMessageCollector              : loaded 2 times (x 79B)
Class org.jetbrains.kotlin.gradle.tasks.KotlinCompile$WhenMappings                    : loaded 2 times (x 73B)
Class org.jetbrains.kotlin.gradle.tasks.DefaultKotlinJavaToolchain$getToolsJarFromJvm$1: loaded 2 times (x 77B)
Class org.jetbrains.kotlin.build.report.metrics.GcMetrics                             : loaded 2 times (x 74B)
Class org.jetbrains.kotlin.gradle.plugin.diagnostics.UsesKotlinToolingDiagnosticsKt   : loaded 2 times (x 73B)
Class org.jetbrains.kotlin.gradle.tasks.configuration.BaseKotlinCompileConfig$2       : loaded 2 times (x 81B)
Class com.google.common.collect.Maps$KeySet                                           : loaded 2 times (x 139B)
Class org.jetbrains.kotlin.gradle.plugin.KotlinJvmFactory                             : loaded 2 times (x 72B)
Class org.jetbrains.kotlin.gradle.plugin.mpp.InternalKotlinCompilation                : loaded 2 times (x 72B)
Class org.jetbrains.kotlin.gradle.utils.WhenEvaluatedKt                               : loaded 2 times (x 73B)
Class org.jetbrains.kotlin.konan.target.KonanTarget$IOS_X64                           : loaded 2 times (x 80B)
Class org.jetbrains.kotlin.gradle.targets.native.internal.AddKotlinPlatformIntegersSupportLibraryKt: loaded 2 times (x 73B)
Class org.jetbrains.kotlin.gradle.plugin.AbstractKotlinJsPluginWrapper                : loaded 2 times (x 88B)
Class org.jetbrains.kotlin.gradle.internal.IsInIdeaEnvironmentValueSource$Inject      : loaded 2 times (x 102B)
Class org.jetbrains.kotlin.gradle.plugin.internal.MavenPublicationComponentAccessor   : loaded 2 times (x 72B)
Class org.jetbrains.kotlin.gradle.fus.BuildUidService                                 : loaded 2 times (x 82B)
Class org.jetbrains.kotlin.gradle.plugin.KotlinPluginWrapperKt                        : loaded 2 times (x 73B)
Class com.google.common.collect.ImmutableSet$EmptySetBuilderImpl                      : loaded 2 times (x 78B)
Class com.google.common.cache.LocalCache$EntryFactory$7                               : loaded 2 times (x 85B)
Class com.google.common.collect.ImmutableList                                         : loaded 2 times (x 208B)
Class org.gradle.internal.service.DefaultServiceLocator                               : loaded 2 times (x 85B)
Class kotlin.reflect.jvm.internal.impl.protobuf.Internal$EnumLite                     : loaded 2 times (x 72B)
Class org.jetbrains.kotlin.metadata.ProtoBuf$Class$Kind$1                             : loaded 2 times (x 76B)
Class org.jetbrains.kotlin.protobuf.SmallSortedMap$Entry                              : loaded 2 times (x 90B)
Class org.jetbrains.kotlin.metadata.ProtoBuf$Package$1                                : loaded 2 times (x 146B)
Class org.jetbrains.org.objectweb.asm.SymbolTable                                     : loaded 2 times (x 74B)
Class org.jetbrains.org.objectweb.asm.tree.UnsupportedClassVersionException           : loaded 2 times (x 84B)
Class kotlin.io.FileTreeWalk                                                          : loaded 2 times (x 77B)
Class org.jetbrains.kotlin.daemon.client.KotlinCompilerClient$tryFindSuitableDaemonOrNewOpts$aliveWithMetadata$1: loaded 2 times (x 81B)
Class [Lkotlin.reflect.KMutableProperty;                                              : loaded 2 times (x 71B)
Class org.jetbrains.kotlin.metadata.ProtoBuf$Annotation$Argument$Value$Type           : loaded 2 times (x 84B)
Class org.jetbrains.kotlin.name.FqName$Companion                                      : loaded 2 times (x 73B)
Class [Lkotlin.reflect.jvm.internal.impl.types.TypeProjection;                        : loaded 2 times (x 71B)
Class kotlin.reflect.jvm.internal.impl.descriptors.runtime.structure.ReflectJavaClass$fields$1: loaded 2 times (x 131B)
Class kotlin.reflect.jvm.internal.impl.descriptors.NotFoundClasses$MockClassDescriptor: loaded 2 times (x 177B)
Class kotlin.reflect.jvm.internal.impl.load.java.lazy.descriptors.LazyJavaPackageScope$KotlinClassLookupResult: loaded 2 times (x 73B)
Class kotlin.reflect.jvm.internal.impl.types.Variance                                 : loaded 2 times (x 81B)
Class kotlin.reflect.jvm.internal.impl.metadata.ProtoBuf$Class                        : loaded 2 times (x 103B)
Class kotlin.reflect.jvm.internal.impl.descriptors.DescriptorVisibilities$9           : loaded 2 times (x 78B)
Class kotlin.reflect.jvm.internal.impl.descriptors.ClassKind                          : loaded 2 times (x 81B)
Class kotlin.properties.ObservableProperty                                            : loaded 2 times (x 85B)
Class kotlin.reflect.jvm.internal.impl.serialization.deserialization.ContractDeserializer$Companion: loaded 2 times (x 73B)
Class kotlin.reflect.jvm.internal.impl.resolve.constants.UIntValue                    : loaded 2 times (x 76B)
Class [Lkotlin.reflect.jvm.internal.impl.load.java.lazy.types.JavaTypeFlexibility;    : loaded 2 times (x 71B)
Class kotlin.reflect.jvm.internal.impl.load.java.Jsr305Settings                       : loaded 2 times (x 74B)
Class kotlin.reflect.KMutableProperty0                                                : loaded 2 times (x 72B)
Class kotlin.reflect.KClassifier                                                      : loaded 2 times (x 72B)
Class com.google.common.collect.ComparisonChain$InactiveComparisonChain               : loaded 2 times (x 82B)
Class com.google.common.collect.ImmutableMultimap$EntryCollection                     : loaded 2 times (x 130B)
Class org.jetbrains.kotlin.gradle.plugin.KotlinCompilerArgumentsProducer$ArgumentType : loaded 2 times (x 81B)
Class com.google.common.collect.Maps$EntrySet                                         : loaded 2 times (x 138B)
Class org.jetbrains.kotlin.gradle.tasks.configuration.BaseKotlinCompileConfig$1$1$1   : loaded 2 times (x 77B)
Class org.jetbrains.kotlin.gradle.tasks.KotlinCompile$scriptExtensions$1              : loaded 2 times (x 81B)
Class org.jetbrains.kotlin.gradle.tasks.K2MultiplatformStructure$Fragment             : loaded 2 times (x 74B)
Class org.jetbrains.kotlin.compilerRunner.CompilerSystemPropertiesService$Companion$registerIfAbsent$1: loaded 2 times (x 77B)
Class org.jetbrains.kotlin.gradle.plugin.diagnostics.checkers.WasmJsEnvironmentChecker: loaded 2 times (x 78B)
Class org.jetbrains.kotlin.gradle.plugin.diagnostics.checkers.AndroidPluginWithoutAndroidTargetChecker: loaded 2 times (x 76B)
Class org.jetbrains.kotlin.gradle.plugin.statistics.FlowActionBuildFusService$getConfigurationTimeMetrics$1: loaded 2 times (x 77B)
Class org.jetbrains.kotlin.gradle.plugin.statistics.SynchronizedMetricsContainer      : loaded 2 times (x 84B)
Class org.jetbrains.kotlin.statistics.metrics.NumberOverridePolicy                    : loaded 2 times (x 87B)
Class org.jetbrains.kotlin.statistics.metrics.StringAnonymizationPolicy$AllowedListAnonymizer$Companion: loaded 2 times (x 73B)
Class org.jetbrains.kotlin.gradle.plugin.internal.DefaultProjectIsolationStartParameterAccessor_Decorated: loaded 2 times (x 123B)
Class org.jetbrains.kotlin.gradle.plugin.internal.ProjectIsolationStartParameterAccessorKt: loaded 2 times (x 73B)
Class org.jetbrains.kotlin.gradle.testing.internal.KotlinTestsRegistry                : loaded 2 times (x 74B)
Class com.google.common.cache.LocalCache$EntryFactory$8                               : loaded 2 times (x 85B)
Class com.google.common.collect.ImmutableSet$SetBuilderImpl                           : loaded 2 times (x 78B)
Class org.gradle.internal.installation.CurrentGradleInstallation                      : loaded 2 times (x 75B)
Class org.jetbrains.org.objectweb.asm.ModuleWriter                                    : loaded 2 times (x 83B)
Class org.jetbrains.kotlin.protobuf.FieldSet$FieldDescriptorLite                      : loaded 2 times (x 72B)
Class org.jetbrains.kotlin.protobuf.AbstractMessageLite                               : loaded 2 times (x 100B)
Class org.jetbrains.kotlin.daemon.client.KotlinCompilerClient$checkDaemonStartedProperly$stdoutThread$1: loaded 2 times (x 81B)
Class kotlin.reflect.jvm.internal.calls.CallerKt                                      : loaded 2 times (x 73B)
Class kotlin.reflect.jvm.internal.impl.types.model.TypeSystemOptimizationContext      : loaded 2 times (x 72B)
Class kotlin.reflect.jvm.internal.impl.types.model.DefinitelyNotNullTypeMarker        : loaded 2 times (x 72B)
Class [Lkotlin.reflect.jvm.internal.impl.load.java.typeEnhancement.JavaTypeQualifiers;: loaded 2 times (x 71B)
Class kotlin.reflect.jvm.internal.impl.descriptors.runtime.structure.ReflectJavaClass$fields$2: loaded 2 times (x 131B)
Class kotlin.reflect.jvm.internal.impl.metadata.ProtoBuf$StringTable                  : loaded 2 times (x 98B)
Class kotlin.reflect.jvm.internal.impl.serialization.deserialization.descriptors.DeserializedMemberScope$OptimizedImplementation: loaded 2 times (x 83B)
Class kotlin.reflect.jvm.internal.impl.metadata.jvm.JvmProtoBuf$JvmPropertySignature$1: loaded 2 times (x 89B)
Class kotlin.reflect.jvm.internal.impl.storage.LockBasedStorageManager$LockBasedLazyValueWithPostCompute: loaded 2 times (x 84B)
Class kotlin.reflect.jvm.internal.impl.types.TypeConstructor                          : loaded 2 times (x 72B)
Class kotlin.reflect.jvm.internal.impl.resolve.constants.IntValue                     : loaded 2 times (x 76B)
Class kotlin.reflect.jvm.internal.impl.descriptors.MemberDescriptor                   : loaded 2 times (x 72B)
Class kotlin.reflect.KMutableProperty1                                                : loaded 2 times (x 72B)
Class kotlinx.coroutines.scheduling.Task                                              : loaded 2 times (x 77B)
Class kotlinx.coroutines.BlockingCoroutine                                            : loaded 2 times (x 145B)
Class com.google.common.collect.ForwardingObject                                      : loaded 2 times (x 74B)
Class org.jetbrains.kotlin.gradle.tasks.AbstractKotlinCompile$compilerRunner$1$2$1    : loaded 2 times (x 77B)
Class org.jetbrains.kotlin.gradle.tasks.configuration.BaseKotlinCompileConfig$1$1$2   : loaded 2 times (x 77B)
Class org.jetbrains.kotlin.gradle.plugin.mpp.InternalKotlinCompilationKt$awaitAllKotlinSourceSets$1: loaded 2 times (x 89B)
Class org.jetbrains.kotlin.gradle.tasks.KotlinCompilerExecutionStrategy               : loaded 2 times (x 81B)
Class org.jetbrains.kotlin.gradle.plugin.sources.DefaultKotlinSourceSet$special$$inlined$Iterable$1: loaded 2 times (x 81B)
Class org.jetbrains.kotlin.gradle.plugin.mpp.compilationImpl.factory.KotlinCompilationImplFactory$KotlinCompilerOptionsFactory$Options: loaded 2 times (x 74B)
Class org.jetbrains.kotlin.gradle.plugin.statistics.FusMetrics                        : loaded 2 times (x 72B)
Class org.jetbrains.kotlin.gradle.plugin.KotlinCompilation                            : loaded 2 times (x 72B)
Class org.jetbrains.kotlin.gradle.plugin.diagnostics.ToolingDiagnosticRenderingOptionsKt: loaded 2 times (x 73B)
Class org.jetbrains.kotlin.gradle.tasks.publishing.HelpersKt                          : loaded 2 times (x 73B)
Class org.jetbrains.kotlin.gradle.plugin.KotlinTargetConfiguratorKt                   : loaded 2 times (x 73B)
Class org.jetbrains.kotlin.gradle.targets.native.internal.PlatformLibrariesGenerator  : loaded 2 times (x 74B)
Class org.jetbrains.kotlin.tooling.core.Extras$Type$Companion                         : loaded 2 times (x 73B)
Class com.google.common.cache.CacheLoader$1                                           : loaded 2 times (x 77B)
Class com.google.common.collect.ImmutableList$SubList                                 : loaded 2 times (x 211B)
Class org.gradle.util.internal.GUtil                                                  : loaded 2 times (x 73B)
Class org.jetbrains.kotlin.metadata.jvm.JvmProtoBuf$StringTableTypes$Record           : loaded 2 times (x 121B)
Class [Lorg.jetbrains.org.objectweb.asm.Label;                                        : loaded 2 times (x 71B)
Class org.jetbrains.kotlin.protobuf.FieldSet                                          : loaded 2 times (x 74B)
Class kotlin.io.NoSuchFileException                                                   : loaded 2 times (x 84B)
Class org.jetbrains.kotlin.daemon.client.DaemonLastOutputLinesListener                : loaded 2 times (x 78B)
Class org.jetbrains.kotlin.daemon.common.CompilerId$mappers$4                         : loaded 2 times (x 143B)
Class org.jetbrains.kotlin.daemon.common.DaemonJVMOptions$mappers$1                   : loaded 2 times (x 143B)
Class kotlin.reflect.jvm.internal.impl.metadata.deserialization.ProtoBufUtilKt        : loaded 2 times (x 73B)
Class kotlin.reflect.jvm.internal.impl.builtins.jvm.CloneableClassScope$Companion     : loaded 2 times (x 73B)
Class kotlin.reflect.jvm.internal.impl.metadata.jvm.JvmProtoBuf$StringTableTypesOrBuilder: loaded 2 times (x 72B)
Class kotlin.reflect.jvm.internal.impl.descriptors.runtime.components.ReflectClassStructure: loaded 2 times (x 73B)
Class kotlin.reflect.jvm.internal.impl.incremental.components.NoLookupLocation        : loaded 2 times (x 84B)
Class kotlin.reflect.jvm.internal.impl.resolve.DescriptorUtils                        : loaded 2 times (x 73B)
Class kotlin.reflect.jvm.internal.impl.load.java.JavaIncompatibilityRulesOverridabilityCondition$Companion: loaded 2 times (x 73B)
Class kotlin.reflect.jvm.internal.impl.load.java.JavaIncompatibilityRulesOverridabilityCondition: loaded 2 times (x 77B)
Class kotlin.reflect.jvm.internal.impl.types.checker.NewKotlinTypeCheckerImpl         : loaded 2 times (x 82B)
Class [Lkotlin.reflect.jvm.internal.impl.builtins.jvm.JvmBuiltIns$Kind;               : loaded 2 times (x 71B)
Class kotlin.reflect.KMutableProperty2                                                : loaded 2 times (x 72B)
Class kotlin.collections.CollectionsKt                                                : loaded 2 times (x 73B)
Class kotlinx.coroutines.internal.LockFreeTaskQueue                                   : loaded 2 times (x 74B)
Class kotlinx.coroutines.scheduling.DefaultScheduler                                  : loaded 2 times (x 110B)
Class kotlinx.coroutines.Dispatchers                                                  : loaded 2 times (x 73B)
Class com.google.common.io.ByteSource                                                 : loaded 2 times (x 86B)
Class org.jetbrains.kotlin.gradle.tasks.configuration.BaseKotlinCompileConfig$1$1$3   : loaded 2 times (x 77B)
Class org.jetbrains.kotlin.gradle.plugin.mpp.InternalKotlinTargetKt$isSourcesPublishableFuture$2: loaded 2 times (x 97B)
Class org.jetbrains.kotlin.gradle.plugin.mpp.KotlinCompilationFactory                 : loaded 2 times (x 72B)
Class org.jetbrains.kotlin.gradle.dsl.IosSourceSetConventionChecker$runChecks$1       : loaded 2 times (x 89B)
Class org.jetbrains.kotlin.gradle.plugin.mpp.AbstractKotlinCompilation                : loaded 2 times (x 197B)
Class org.jetbrains.kotlin.gradle.plugin.diagnostics.checkers.UnusedSourceSetsChecker : loaded 2 times (x 76B)
Class org.jetbrains.kotlin.gradle.utils.Future                                        : loaded 2 times (x 72B)
Class org.jetbrains.kotlin.gradle.plugin.statistics.KotlinBuildStatsConfiguration$Companion: loaded 2 times (x 73B)
Class com.google.common.cache.AbstractCache$StatsCounter                              : loaded 2 times (x 72B)
Class [Lorg.jetbrains.kotlin.metadata.ProtoBuf$MemberKind;                            : loaded 2 times (x 71B)
Class org.jetbrains.kotlin.metadata.ProtoBuf$Package                                  : loaded 2 times (x 130B)
Class org.jetbrains.kotlin.metadata.ProtoBuf$Annotation$Argument$Value$Type$1         : loaded 2 times (x 76B)
Class org.jetbrains.kotlin.metadata.ProtoBuf$TypeTableOrBuilder                       : loaded 2 times (x 72B)
Class org.jetbrains.kotlin.metadata.ProtoBuf$TypeOrBuilder                            : loaded 2 times (x 72B)
Class org.jetbrains.kotlin.daemon.common.DaemonJVMOptions$mappers$2                   : loaded 2 times (x 143B)
Class kotlin.reflect.jvm.internal.impl.load.java.SpecialGenericSignatures$Companion   : loaded 2 times (x 73B)
Class kotlin.reflect.jvm.internal.impl.types.TypeConstructorSubstitution$Companion$createByConstructorsMap$1: loaded 2 times (x 81B)
Class kotlin.reflect.jvm.internal.impl.load.java.typeEnhancement.TypeComponentPositionKt: loaded 2 times (x 73B)
Class kotlin.ranges.IntProgressionIterator                                            : loaded 2 times (x 84B)
Class kotlin.reflect.jvm.internal.impl.load.java.lazy.descriptors.LazyJavaClassDescriptor$LazyJavaClassTypeConstructor: loaded 2 times (x 99B)
Class [Lkotlin.reflect.jvm.internal.impl.descriptors.PackageFragmentProvider;         : loaded 2 times (x 71B)
Class kotlin.reflect.jvm.internal.impl.types.AbstractTypePreparator                   : loaded 2 times (x 74B)
Class kotlin.reflect.jvm.internal.impl.metadata.deserialization.BinaryVersion$Companion: loaded 2 times (x 73B)
Class kotlin.reflect.jvm.internal.impl.storage.MemoizedFunctionToNullable             : loaded 2 times (x 72B)
Class kotlin.reflect.jvm.internal.impl.load.java.sources.JavaSourceElementFactory     : loaded 2 times (x 72B)
Class kotlin.reflect.jvm.internal.RuntimeTypeMapper                                   : loaded 2 times (x 73B)
Class com.google.common.reflect.Types$TypeVariableImpl                                : loaded 2 times (x 74B)
Class kotlinx.coroutines.intrinsics.CancellableKt                                     : loaded 2 times (x 73B)
Class com.google.common.io.LineBuffer                                                 : loaded 2 times (x 77B)
Class com.google.common.collect.MapMakerInternalMap$1                                 : loaded 2 times (x 85B)
Class org.jetbrains.kotlin.gradle.plugin.attributes.KlibPackaging                     : loaded 2 times (x 72B)
Class org.jetbrains.kotlin.gradle.plugin.mpp.KotlinTargetSoftwareComponentImplKt      : loaded 2 times (x 73B)
Class org.jetbrains.kotlin.gradle.targets.js.dsl.KotlinJsSubTargetContainerDsl        : loaded 2 times (x 72B)
Class org.jetbrains.kotlin.tooling.core.MutableExtrasImpl$Companion                   : loaded 2 times (x 73B)
Class org.jetbrains.kotlin.gradle.internal.ClassLoadersCachingBuildService$Parameters : loaded 2 times (x 72B)
Class org.jetbrains.kotlin.gradle.plugin.KotlinGradleBuildServices$Companion$registerIfAbsent$1: loaded 2 times (x 77B)
Class org.jetbrains.kotlin.statistics.fileloggers.MetricsContainer                    : loaded 2 times (x 79B)
Class org.jetbrains.kotlin.gradle.plugin.internal.ProjectIsolationStartParameterAccessor: loaded 2 times (x 72B)
Class org.jetbrains.kotlin.gradle.utils.StoredProperty                                : loaded 2 times (x 72B)
Class com.google.common.collect.Iterators$MergingIterator                             : loaded 2 times (x 83B)
Class com.google.common.collect.RegularImmutableSet                                   : loaded 2 times (x 150B)
Class org.gradle.internal.installation.GradleInstallation                             : loaded 2 times (x 77B)
Class kotlin.collections.CollectionsKt__IteratorsJVMKt$iterator$1                     : loaded 2 times (x 81B)
Class org.jetbrains.kotlin.daemon.common.CompileService$TargetPlatform                : loaded 2 times (x 81B)
Class org.jetbrains.kotlin.daemon.common.CompileService$CallResult$Dying              : loaded 2 times (x 74B)
Class org.jetbrains.kotlin.daemon.common.CompileService                               : loaded 2 times (x 72B)
Class org.jetbrains.kotlin.daemon.client.KotlinCompilerClient$DaemonSearchResult      : loaded 2 times (x 72B)
Class org.jetbrains.kotlin.daemon.common.DaemonJVMOptions$mappers$3                   : loaded 2 times (x 143B)
Class kotlin.reflect.jvm.internal.impl.types.SpecialTypesKt                           : loaded 2 times (x 73B)
Class kotlin.reflect.jvm.internal.JvmPropertySignature$KotlinProperty                 : loaded 2 times (x 75B)
Class kotlin.reflect.jvm.internal.impl.load.java.components.DescriptorResolverUtils$1$1: loaded 2 times (x 79B)
Class kotlin.reflect.jvm.internal.impl.utils.SmartSet                                 : loaded 2 times (x 138B)
Class kotlin.reflect.jvm.internal.impl.protobuf.GeneratedMessageLite$1                : loaded 2 times (x 73B)
Class kotlin.reflect.jvm.internal.impl.serialization.deserialization.DeserializedClassDataFinder: loaded 2 times (x 77B)
Class kotlin.reflect.jvm.internal.impl.metadata.ProtoBuf$ClassOrBuilder               : loaded 2 times (x 72B)
Class kotlin.reflect.jvm.internal.impl.metadata.ProtoBuf$ValueParameter               : loaded 2 times (x 103B)
Class kotlin.reflect.jvm.internal.impl.protobuf.SmallSortedMap$EmptySet               : loaded 2 times (x 73B)
Class kotlin.reflect.jvm.internal.impl.resolve.OverridingUtil$1                       : loaded 2 times (x 76B)
Class kotlin.reflect.jvm.internal.impl.load.java.lazy.JavaResolverSettings$Default    : loaded 2 times (x 78B)
Class kotlin.reflect.jvm.internal.impl.descriptors.ClassifierDescriptor               : loaded 2 times (x 72B)
Class jdk.internal.jimage.decompressor.ResourceDecompressor$StringsProvider           : loaded 2 times (x 72B)
Class com.google.common.collect.ForwardingCollection                                  : loaded 2 times (x 132B)
Class org.jetbrains.kotlin.gradle.tasks.KotlinCompile$createCompilerArguments$1       : loaded 2 times (x 81B)
Class [Lorg.jetbrains.kotlin.gradle.plugin.KotlinCompilerArgumentsProducer$ArgumentType;: loaded 2 times (x 71B)
Class com.google.common.collect.LexicographicalOrdering                               : loaded 2 times (x 117B)
Class com.google.common.base.Splitter$Strategy                                        : loaded 2 times (x 72B)
Class org.jetbrains.kotlin.gradle.dsl.KotlinJvmCompile$DefaultImpls                   : loaded 2 times (x 73B)
Class org.jetbrains.kotlin.gradle.plugin.mpp.compilationImpl.factory.KotlinCompilationImplFactory$create$1: loaded 2 times (x 77B)
Class org.jetbrains.kotlin.gradle.tasks.KotlinJavaToolchain                           : loaded 2 times (x 72B)
Class org.jetbrains.kotlin.gradle.plugin.statistics.FlowActionBuildFusService$Inject  : loaded 2 times (x 106B)
Class org.jetbrains.kotlin.statistics.metrics.BooleanMetrics$Companion                : loaded 2 times (x 73B)
Class org.jetbrains.kotlin.gradle.plugin.internal.CompatibilityConventionRegistrar    : loaded 2 times (x 72B)
Class org.jetbrains.kotlin.gradle.plugin.AndroidGradlePluginVersion                   : loaded 2 times (x 77B)
Class com.google.common.collect.Iterables                                             : loaded 2 times (x 73B)
Class org.jetbrains.kotlin.metadata.jvm.JvmProtoBuf$StringTableTypes$Record$Operation : loaded 2 times (x 84B)
Class org.jetbrains.kotlin.com.intellij.openapi.diagnostic.DefaultLogger              : loaded 2 times (x 102B)
Class org.jetbrains.kotlin.daemon.common.CompileService$CallResult$Ok                 : loaded 2 times (x 74B)
Class kotlin.io.FileWalkDirection                                                     : loaded 2 times (x 81B)
Class org.jetbrains.kotlin.daemon.client.KotlinCompilerClient                         : loaded 2 times (x 73B)
Class org.jetbrains.kotlin.daemon.common.FileSystem                                   : loaded 2 times (x 73B)
Class kotlin.reflect.jvm.internal.impl.resolve.scopes.GivenFunctionsMemberScope       : loaded 2 times (x 96B)
Class kotlin.reflect.jvm.internal.impl.descriptors.impl.ValueParameterDescriptorImpl$Companion: loaded 2 times (x 73B)
Class kotlin.reflect.jvm.internal.impl.load.java.typeEnhancement.JavaTypeEnhancement$SimpleResult: loaded 2 times (x 74B)
Class kotlin.reflect.jvm.internal.impl.types.model.IntersectionTypeConstructorMarker  : loaded 2 times (x 72B)
Class kotlin.reflect.jvm.internal.impl.load.java.structure.JavaType                   : loaded 2 times (x 72B)
Class kotlin.ranges.IntProgression                                                    : loaded 2 times (x 83B)
Class kotlin.reflect.jvm.internal.impl.protobuf.AbstractMessageLite$Builder           : loaded 2 times (x 87B)
Class kotlin.reflect.jvm.internal.impl.resolve.scopes.ChainedMemberScope              : loaded 2 times (x 87B)
Class kotlin.reflect.jvm.internal.impl.load.kotlin.DeserializationComponentsForJava$Companion$ModuleData: loaded 2 times (x 74B)
Class kotlin.reflect.jvm.internal.impl.metadata.ProtoBuf$Class$1                      : loaded 2 times (x 89B)
Class kotlin.reflect.jvm.internal.impl.metadata.jvm.JvmProtoBuf$JvmMethodSignature$1  : loaded 2 times (x 89B)
Class kotlin.reflect.jvm.internal.impl.metadata.jvm.deserialization.JvmProtoBufUtil   : loaded 2 times (x 73B)
Class kotlin.reflect.jvm.internal.impl.descriptors.impl.AbstractClassDescriptor$1$1   : loaded 2 times (x 79B)
Class kotlin.jvm.KotlinReflectionNotSupportedError                                    : loaded 2 times (x 84B)
Class kotlinx.coroutines.ExecutorCoroutineDispatcher$Key                              : loaded 2 times (x 74B)
Class kotlinx.coroutines.JobSupportKt                                                 : loaded 2 times (x 73B)
Class org.jetbrains.kotlin.gradle.plugin.statistics.CompilerArgumentMetrics           : loaded 2 times (x 73B)
Class org.jetbrains.kotlin.incremental.FileUtilsKt                                    : loaded 2 times (x 73B)
Class org.jetbrains.kotlin.gradle.plugin.mpp.KotlinJvmCompilation                     : loaded 2 times (x 206B)
Class org.jetbrains.kotlin.gradle.plugin.KotlinCompilation$Companion                  : loaded 2 times (x 73B)
Class com.google.common.collect.Lists$RandomAccessReverseList                         : loaded 2 times (x 202B)
Class org.jetbrains.kotlin.konan.target.KonanTarget$WATCHOS_ARM64                     : loaded 2 times (x 80B)
Class org.jetbrains.kotlin.gradle.plugin.diagnostics.checkers.OverriddenKotlinNativeHomeChecker: loaded 2 times (x 76B)
Class org.jetbrains.kotlin.gradle.artifacts.KotlinJvmJarArtifactKt$KotlinJvmJarArtifact$1: loaded 2 times (x 76B)
Class org.jetbrains.kotlin.gradle.targets.native.SetupEmbedAndSignAppleFrameworkTaskSideEffectKt: loaded 2 times (x 73B)
Class org.jetbrains.kotlin.gradle.plugin.KotlinProjectSetupActionKt$KotlinProjectSetupCoroutine$1: loaded 2 times (x 77B)
Class org.jetbrains.kotlin.gradle.dsl.ToolchainSupport$Companion                      : loaded 2 times (x 73B)
Class org.jetbrains.kotlin.gradle.plugin.KotlinSourceSet                              : loaded 2 times (x 72B)
Class org.jetbrains.kotlin.konan.target.KonanTarget$MACOS_ARM64                       : loaded 2 times (x 80B)

---------------  S Y S T E M  ---------------

OS:
 Windows 11 , 64 bit Build 26100 (10.0.26100.9278)
OS uptime: 0 days 2:39 hours
Hyper-V role detected

CPU: total 12 (initial active 12) (12 cores per cpu, 2 threads per core) family 25 model 124 stepping 0 microcode 0xa70c00a, cx8, cmov, fxsr, ht, mmx, 3dnowpref, sse, sse2, sse3, ssse3, sse4a, sse4.1, sse4.2, popcnt, lzcnt, tsc, tscinvbit, avx, avx2, aes, erms, clmul, bmi1, bmi2, adx, avx512f, avx512dq, avx512cd, avx512bw, avx512vl, sha, fma, vzeroupper, avx512_vpopcntdq, avx512_vpclmulqdq, avx512_vaes, avx512_vnni, clflush, clflushopt, clwb, avx512_vbmi2, avx512_vbmi, hv, rdtscp, rdpid, fsrm, gfni, avx512_bitalg, f16c, cet_ss, avx512_ifma
Processor Information for the first 12 processors :
  Max Mhz: 3201, Current Mhz: 3201, Mhz Limit: 3201

Memory: 4k page, system-wide physical 15636M (1651M free)
TotalPageFile size 23636M (AvailPageFile size 762M)
current process WorkingSet (physical memory assigned to process): 1449M, peak: 1498M
current process commit charge ("private bytes"): 1506M, peak: 1616M

vm_info: OpenJDK 64-Bit Server VM (25.0.2+-15348964-b329.117) for windows-amd64 JRE (25.0.2+-15348964-b329.117), built on 2026-05-05T18:25:19Z with MS VC++ 16.10 / 16.11 (VS2019)

END.
